id,timestamp_utc,lat,lon,power_v,temp_c,files_count,scrubbed_count,mic0_type,raw_date,raw_time
1,2024-05-16 20:55:59,51.7443,-9.31424,6.4,12.75,0,0,,2024-May-16,20:55:59
2,2024-05-16 20:56:59,51.7443,-9.31424,6.5,12.75,0,1,,2024-May-16,20:56:59
3,2024-05-16 20:57:59,51.7443,-9.31424,6.5,13,0,0,,2024-May-16,20:57:59
4,2024-05-16 20:58:59,51.7443,-9.31424,6.5,13,0,0,,2024-May-16,20:58:59
5,2024-05-16 20:59:59,51.7443,-9.31424,6.5,13,0,0,,2024-May-16,20:59:59
6,2024-05-16 21:00:59,51.7443,-9.31424,6.5,13.25,0,1,,2024-May-16,21:00:59
7,2024-05-16 21:01:59,51.7443,-9.31424,6.5,13.25,0,2,,2024-May-16,21:01:59
8,2024-05-16 21:02:59,51.7443,-9.31424,6.5,13.25,0,0,,2024-May-16,21:02:59
9,2024-05-16 21:03:59,51.7443,-9.31424,6.5,13.5,0,4,,2024-May-16,21:03:59
10,2024-05-16 21:04:59,51.7443,-9.31424,6.4,13.25,0,5,,2024-May-16,21:04:59
11,2024-05-16 21:05:59,51.7443,-9.31424,6.4,13.25,0,8,,2024-May-16,21:05:59
12,2024-05-16 21:06:59,51.7443,-9.31424,6.5,13.25,0,11,,2024-May-16,21:06:59
13,2024-05-16 21:07:59,51.7443,-9.31424,6.4,13.25,0,10,,2024-May-16,21:07:59
14,2024-05-16 21:08:59,51.7443,-9.31424,6.5,13.25,0,8,,2024-May-16,21:08:59
15,2024-05-16 21:09:59,51.7443,-9.31424,6.5,13.5,0,3,,2024-May-16,21:09:59
16,2024-05-16 21:10:59,51.7443,-9.31424,6.5,13.5,0,2,,2024-May-16,21:10:59
17,2024-05-16 21:11:59,51.7443,-9.31424,6.5,13.5,0,3,,2024-May-16,21:11:59
18,2024-05-16 21:12:59,51.7443,-9.31424,6.5,13.25,0,4,,2024-May-16,21:12:59
19,2024-05-16 21:13:59,51.7443,-9.31424,6.5,13.25,0,4,,2024-May-16,21:13:59
20,2024-05-16 21:14:59,51.7443,-9.31424,6.5,13.5,0,3,,2024-May-16,21:14:59
21,2024-05-16 21:15:59,51.7443,-9.31424,6.5,13.25,0,4,,2024-May-16,21:15:59
22,2024-05-16 21:16:59,51.7443,-9.31424,6.5,13.25,0,6,,2024-May-16,21:16:59
23,2024-05-16 21:17:59,51.7443,-9.31424,6.5,13.25,0,10,,2024-May-16,21:17:59
24,2024-05-16 21:18:59,51.7443,-9.31424,6.5,13.25,0,8,,2024-May-16,21:18:59
25,2024-05-16 21:19:59,51.7443,-9.31424,6.5,13.25,0,6,,2024-May-16,21:19:59
26,2024-05-16 21:20:59,51.7443,-9.31424,6.4,13.25,0,6,,2024-May-16,21:20:59
27,2024-05-16 21:21:59,51.7443,-9.31424,6.5,13.25,0,7,,2024-May-16,21:21:59
28,2024-05-16 21:22:59,51.7443,-9.31424,6.5,13.25,0,6,,2024-May-16,21:22:59
29,2024-05-16 21:23:59,51.7443,-9.31424,6.5,13.25,0,2,,2024-May-16,21:23:59
30,2024-05-16 21:24:59,51.7443,-9.31424,6.5,13.25,0,3,,2024-May-16,21:24:59
31,2024-05-16 21:25:59,51.7443,-9.31424,6.5,13,0,3,,2024-May-16,21:25:59
32,2024-05-16 21:26:59,51.7443,-9.31424,6.5,13.25,0,5,,2024-May-16,21:26:59
33,2024-05-16 21:27:59,51.7443,-9.31424,6.5,13.25,0,1,,2024-May-16,21:27:59
34,2024-05-16 21:28:59,51.7443,-9.31424,6.5,13,0,2,,2024-May-16,21:28:59
35,2024-05-16 21:29:59,51.7443,-9.31424,6.5,13,0,1,,2024-May-16,21:29:59
36,2024-05-16 21:30:59,51.7443,-9.31424,6.5,13,0,1,,2024-May-16,21:30:59
37,2024-05-16 21:31:59,51.7443,-9.31424,6.5,12.75,0,1,,2024-May-16,21:31:59
38,2024-05-16 21:32:59,51.7443,-9.31424,6.5,13,0,2,,2024-May-16,21:32:59
39,2024-05-16 21:33:59,51.7443,-9.31424,6.5,12.75,0,3,,2024-May-16,21:33:59
40,2024-05-16 21:34:59,51.7443,-9.31424,6.4,12.75,0,3,,2024-May-16,21:34:59
41,2024-05-16 21:35:59,51.7443,-9.31424,6.5,12.75,0,3,,2024-May-16,21:35:59
42,2024-05-16 21:36:59,51.7443,-9.31424,6.4,12.75,0,5,,2024-May-16,21:36:59
43,2024-05-16 21:37:59,51.7443,-9.31424,6.5,12.75,0,3,,2024-May-16,21:37:59
44,2024-05-16 21:38:59,51.7443,-9.31424,6.5,12.75,0,3,,2024-May-16,21:38:59
45,2024-05-16 21:39:59,51.7443,-9.31424,6.5,12.5,0,2,,2024-May-16,21:39:59
46,2024-05-16 21:40:59,51.7443,-9.31424,6.4,12.5,0,5,,2024-May-16,21:40:59
47,2024-05-16 21:41:59,51.7443,-9.31424,6.5,12.5,0,0,,2024-May-16,21:41:59
48,2024-05-16 21:42:59,51.7443,-9.31424,6.5,12.5,0,1,,2024-May-16,21:42:59
49,2024-05-16 21:43:59,51.7443,-9.31424,6.5,12.5,0,3,,2024-May-16,21:43:59
50,2024-05-16 21:44:59,51.7443,-9.31424,6.5,12.5,0,1,,2024-May-16,21:44:59
51,2024-05-16 21:45:59,51.7443,-9.31424,6.5,12.5,0,2,,2024-May-16,21:45:59
52,2024-05-16 21:46:59,51.7443,-9.31424,6.4,12.5,0,3,,2024-May-16,21:46:59
53,2024-05-16 21:47:59,51.7443,-9.31424,6.5,12.25,0,2,,2024-May-16,21:47:59
54,2024-05-16 21:48:59,51.7443,-9.31424,6.5,12.25,0,4,,2024-May-16,21:48:59
55,2024-05-16 21:49:59,51.7443,-9.31424,6.4,12.5,0,4,,2024-May-16,21:49:59
56,2024-05-16 21:50:59,51.7443,-9.31424,6.4,12.25,0,3,,2024-May-16,21:50:59
57,2024-05-16 21:51:59,51.7443,-9.31424,6.4,12.5,0,0,,2024-May-16,21:51:59
58,2024-05-16 21:52:59,51.7443,-9.31424,6.4,12.25,0,1,,2024-May-16,21:52:59
59,2024-05-16 21:53:59,51.7443,-9.31424,6.4,12.25,0,0,,2024-May-16,21:53:59
60,2024-05-16 21:54:59,51.7443,-9.31424,6.4,12.25,0,2,,2024-May-16,21:54:59
61,2024-05-16 21:55:59,51.7443,-9.31424,6.4,12.25,0,3,,2024-May-16,21:55:59
62,2024-05-16 21:56:59,51.7443,-9.31424,6.4,12.25,0,0,,2024-May-16,21:56:59
63,2024-05-16 21:57:59,51.7443,-9.31424,6.4,12.25,0,1,,2024-May-16,21:57:59
64,2024-05-16 21:58:59,51.7443,-9.31424,6.4,12.25,0,0,,2024-May-16,21:58:59
65,2024-05-16 21:59:59,51.7443,-9.31424,6.4,12,0,0,,2024-May-16,21:59:59
66,2024-05-16 22:00:59,51.7443,-9.31424,6.4,12.25,0,1,,2024-May-16,22:00:59
67,2024-05-16 22:01:59,51.7443,-9.31424,6.4,12.25,0,0,,2024-May-16,22:01:59
68,2024-05-16 22:02:59,51.7443,-9.31424,6.4,12,0,0,,2024-May-16,22:02:59
69,2024-05-16 22:03:59,51.7443,-9.31424,6.4,12,0,1,,2024-May-16,22:03:59
70,2024-05-16 22:04:59,51.7443,-9.31424,6.4,12,0,3,,2024-May-16,22:04:59
71,2024-05-16 22:05:59,51.7443,-9.31424,6.4,12.25,0,2,,2024-May-16,22:05:59
72,2024-05-16 22:06:59,51.7443,-9.31424,6.4,12.25,0,2,,2024-May-16,22:06:59
73,2024-05-16 22:07:59,51.7443,-9.31424,6.4,12,0,2,,2024-May-16,22:07:59
74,2024-05-16 22:08:59,51.7443,-9.31424,6.4,12.25,0,1,,2024-May-16,22:08:59
75,2024-05-16 22:09:59,51.7443,-9.31424,6.4,12,0,1,,2024-May-16,22:09:59
76,2024-05-16 22:10:59,51.7443,-9.31424,6.4,12,0,2,,2024-May-16,22:10:59
77,2024-05-16 22:11:59,51.7443,-9.31424,6.4,12.25,0,2,,2024-May-16,22:11:59
78,2024-05-16 22:12:59,51.7443,-9.31424,6.4,12,0,1,,2024-May-16,22:12:59
79,2024-05-16 22:13:59,51.7443,-9.31424,6.4,12,0,0,,2024-May-16,22:13:59
80,2024-05-16 22:14:59,51.7443,-9.31424,6.4,12,0,1,,2024-May-16,22:14:59
81,2024-05-16 22:15:59,51.7443,-9.31424,6.4,12,0,1,,2024-May-16,22:15:59
82,2024-05-16 22:16:59,51.7443,-9.31424,6.4,12.25,0,5,,2024-May-16,22:16:59
83,2024-05-16 22:17:59,51.7443,-9.31424,6.4,12,0,2,,2024-May-16,22:17:59
84,2024-05-16 22:18:59,51.7443,-9.31424,6.5,12,0,1,,2024-May-16,22:18:59
85,2024-05-16 22:19:59,51.7443,-9.31424,6.4,12,0,2,,2024-May-16,22:19:59
86,2024-05-16 22:20:59,51.7443,-9.31424,6.5,12,0,2,,2024-May-16,22:20:59
87,2024-05-16 22:21:59,51.7443,-9.31424,6.5,12,0,2,,2024-May-16,22:21:59
88,2024-05-16 22:22:59,51.7443,-9.31424,6.4,12.25,0,1,,2024-May-16,22:22:59
89,2024-05-16 22:23:59,51.7443,-9.31424,6.4,12.25,0,1,,2024-May-16,22:23:59
90,2024-05-16 22:24:59,51.7443,-9.31424,6.4,12,0,1,,2024-May-16,22:24:59
91,2024-05-16 22:25:59,51.7443,-9.31424,6.4,12,0,1,,2024-May-16,22:25:59
92,2024-05-16 22:26:59,51.7443,-9.31424,6.4,12,0,2,,2024-May-16,22:26:59
93,2024-05-16 22:27:59,51.7443,-9.31424,6.3,12.25,0,1,,2024-May-16,22:27:59
94,2024-05-16 22:28:59,51.7443,-9.31424,6.4,12,0,3,,2024-May-16,22:28:59
95,2024-05-16 22:29:59,51.7443,-9.31424,6.4,12.25,0,2,,2024-May-16,22:29:59
96,2024-05-16 22:30:59,51.7443,-9.31424,6.4,12,0,2,,2024-May-16,22:30:59
97,2024-05-16 22:31:59,51.7443,-9.31424,6.4,12,0,1,,2024-May-16,22:31:59
98,2024-05-16 22:32:59,51.7443,-9.31424,6.4,12,0,2,,2024-May-16,22:32:59
99,2024-05-16 22:33:59,51.7443,-9.31424,6.4,12,0,1,,2024-May-16,22:33:59
100,2024-05-16 22:34:59,51.7443,-9.31424,6.4,12,0,2,,2024-May-16,22:34:59
101,2024-05-16 22:35:59,51.7443,-9.31424,6.4,12,0,0,,2024-May-16,22:35:59
102,2024-05-16 22:36:59,51.7443,-9.31424,6.4,12,0,2,,2024-May-16,22:36:59
103,2024-05-16 22:37:59,51.7443,-9.31424,6.4,12,0,0,,2024-May-16,22:37:59
104,2024-05-16 22:38:59,51.7443,-9.31424,6.4,12,0,0,,2024-May-16,22:38:59
105,2024-05-16 22:39:59,51.7443,-9.31424,6.4,12,0,0,,2024-May-16,22:39:59
106,2024-05-16 22:40:59,51.7443,-9.31424,6.4,12,0,0,,2024-May-16,22:40:59
107,2024-05-16 22:41:59,51.7443,-9.31424,6.4,12,0,0,,2024-May-16,22:41:59
108,2024-05-16 22:42:59,51.7443,-9.31424,6.4,12,0,1,,2024-May-16,22:42:59
109,2024-05-16 22:43:59,51.7443,-9.31424,6.4,12,0,0,,2024-May-16,22:43:59
110,2024-05-16 22:44:59,51.7443,-9.31424,6.4,12,0,0,,2024-May-16,22:44:59
111,2024-05-16 22:45:59,51.7443,-9.31424,6.4,12,0,1,,2024-May-16,22:45:59
112,2024-05-16 22:46:59,51.7443,-9.31424,6.4,11.75,0,1,,2024-May-16,22:46:59
113,2024-05-16 22:47:59,51.7443,-9.31424,6.4,11.75,0,1,,2024-May-16,22:47:59
114,2024-05-16 22:48:59,51.7443,-9.31424,6.4,11.75,0,2,,2024-May-16,22:48:59
115,2024-05-16 22:49:59,51.7443,-9.31424,6.4,11.75,0,4,,2024-May-16,22:49:59
116,2024-05-16 22:50:59,51.7443,-9.31424,6.4,11.75,0,2,,2024-May-16,22:50:59
117,2024-05-16 22:51:59,51.7443,-9.31424,6.4,11.75,0,1,,2024-May-16,22:51:59
118,2024-05-16 22:52:59,51.7443,-9.31424,6.4,12,0,2,,2024-May-16,22:52:59
119,2024-05-16 22:53:59,51.7443,-9.31424,6.4,11.75,0,1,,2024-May-16,22:53:59
120,2024-05-16 22:54:59,51.7443,-9.31424,6.4,11.75,0,2,,2024-May-16,22:54:59
121,2024-05-16 22:55:59,51.7443,-9.31424,6.4,11.75,0,0,,2024-May-16,22:55:59
122,2024-05-16 22:56:59,51.7443,-9.31424,6.4,11.75,0,0,,2024-May-16,22:56:59
123,2024-05-16 22:57:59,51.7443,-9.31424,6.4,11.75,0,0,,2024-May-16,22:57:59
124,2024-05-16 22:58:59,51.7443,-9.31424,6.4,11.75,0,1,,2024-May-16,22:58:59
125,2024-05-16 22:59:59,51.7443,-9.31424,6.4,11.75,0,0,,2024-May-16,22:59:59
126,2024-05-16 23:00:59,51.7443,-9.31424,6.4,11.75,0,0,,2024-May-16,23:00:59
127,2024-05-16 23:01:59,51.7443,-9.31424,6.4,11.75,0,0,,2024-May-16,23:01:59
128,2024-05-16 23:02:59,51.7443,-9.31424,6.4,11.75,0,2,,2024-May-16,23:02:59
129,2024-05-16 23:03:59,51.7443,-9.31424,6.4,11.75,0,1,,2024-May-16,23:03:59
130,2024-05-16 23:04:59,51.7443,-9.31424,6.4,11.75,0,0,,2024-May-16,23:04:59
131,2024-05-16 23:05:59,51.7443,-9.31424,6.4,11.75,0,1,,2024-May-16,23:05:59
132,2024-05-16 23:06:59,51.7443,-9.31424,6.4,11.75,0,0,,2024-May-16,23:06:59
133,2024-05-16 23:07:59,51.7443,-9.31424,6.4,11.75,0,1,,2024-May-16,23:07:59
134,2024-05-16 23:08:59,51.7443,-9.31424,6.4,11.75,0,1,,2024-May-16,23:08:59
135,2024-05-16 23:09:59,51.7443,-9.31424,6.4,11.75,0,3,,2024-May-16,23:09:59
136,2024-05-16 23:10:59,51.7443,-9.31424,6.4,11.5,0,0,,2024-May-16,23:10:59
137,2024-05-16 23:11:59,51.7443,-9.31424,6.4,11.75,0,0,,2024-May-16,23:11:59
138,2024-05-16 23:12:59,51.7443,-9.31424,6.4,11.75,0,1,,2024-May-16,23:12:59
139,2024-05-16 23:13:59,51.7443,-9.31424,6.4,11.75,0,1,,2024-May-16,23:13:59
140,2024-05-16 23:14:59,51.7443,-9.31424,6.4,11.75,0,1,,2024-May-16,23:14:59
141,2024-05-16 23:15:59,51.7443,-9.31424,6.4,11.75,0,1,,2024-May-16,23:15:59
142,2024-05-16 23:16:59,51.7443,-9.31424,6.4,11.75,0,1,,2024-May-16,23:16:59
143,2024-05-16 23:17:59,51.7443,-9.31424,6.4,11.75,0,1,,2024-May-16,23:17:59
144,2024-05-16 23:18:59,51.7443,-9.31424,6.4,11.75,0,0,,2024-May-16,23:18:59
145,2024-05-16 23:19:59,51.7443,-9.31424,6.4,11.75,0,0,,2024-May-16,23:19:59
146,2024-05-16 23:20:59,51.7443,-9.31424,6.3,11.75,0,1,,2024-May-16,23:20:59
147,2024-05-16 23:21:59,51.7443,-9.31424,6.4,11.75,0,1,,2024-May-16,23:21:59
148,2024-05-16 23:22:59,51.7443,-9.31424,6.4,11.75,0,0,,2024-May-16,23:22:59
149,2024-05-16 23:23:59,51.7443,-9.31424,6.4,11.75,0,0,,2024-May-16,23:23:59
150,2024-05-16 23:24:59,51.7443,-9.31424,6.4,11.75,0,0,,2024-May-16,23:24:59
151,2024-05-16 23:25:59,51.7443,-9.31424,6.4,11.75,0,0,,2024-May-16,23:25:59
152,2024-05-16 23:26:59,51.7443,-9.31424,6.4,11.75,0,0,,2024-May-16,23:26:59
153,2024-05-16 23:27:59,51.7443,-9.31424,6.4,11.75,0,0,,2024-May-16,23:27:59
154,2024-05-16 23:28:59,51.7443,-9.31424,6.4,11.75,0,0,,2024-May-16,23:28:59
155,2024-05-16 23:29:59,51.7443,-9.31424,6.4,11.75,1,0,,2024-May-16,23:29:59
156,2024-05-16 23:30:59,51.7443,-9.31424,6.4,11.75,0,0,,2024-May-16,23:30:59
157,2024-05-16 23:31:59,51.7443,-9.31424,6.4,11.75,0,0,,2024-May-16,23:31:59
158,2024-05-16 23:32:59,51.7443,-9.31424,6.4,11.75,0,0,,2024-May-16,23:32:59
159,2024-05-16 23:33:59,51.7443,-9.31424,6.4,11.75,0,0,,2024-May-16,23:33:59
160,2024-05-16 23:34:59,51.7443,-9.31424,6.4,11.75,0,0,,2024-May-16,23:34:59
161,2024-05-16 23:35:59,51.7443,-9.31424,6.4,11.75,0,0,,2024-May-16,23:35:59
162,2024-05-16 23:36:59,51.7443,-9.31424,6.4,11.75,0,0,,2024-May-16,23:36:59
163,2024-05-16 23:37:59,51.7443,-9.31424,6.4,11.75,0,0,,2024-May-16,23:37:59
164,2024-05-16 23:38:59,51.7443,-9.31424,6.4,11.75,0,0,,2024-May-16,23:38:59
165,2024-05-16 23:39:59,51.7443,-9.31424,6.4,11.75,0,0,,2024-May-16,23:39:59
166,2024-05-16 23:40:59,51.7443,-9.31424,6.4,11.75,0,0,,2024-May-16,23:40:59
167,2024-05-16 23:41:59,51.7443,-9.31424,6.4,11.75,0,0,,2024-May-16,23:41:59
168,2024-05-16 23:42:59,51.7443,-9.31424,6.4,11.75,1,0,,2024-May-16,23:42:59
169,2024-05-16 23:43:59,51.7443,-9.31424,6.4,11.75,0,0,,2024-May-16,23:43:59
170,2024-05-16 23:44:59,51.7443,-9.31424,6.4,11.75,0,0,,2024-May-16,23:44:59
171,2024-05-16 23:45:59,51.7443,-9.31424,6.4,11.75,0,0,,2024-May-16,23:45:59
172,2024-05-16 23:46:59,51.7443,-9.31424,6.4,11.5,0,0,,2024-May-16,23:46:59
173,2024-05-16 23:47:59,51.7443,-9.31424,6.4,11.75,0,0,,2024-May-16,23:47:59
174,2024-05-16 23:48:59,51.7443,-9.31424,6.4,11.75,1,0,,2024-May-16,23:48:59
175,2024-05-16 23:49:59,51.7443,-9.31424,6.4,11.75,0,0,,2024-May-16,23:49:59
176,2024-05-16 23:50:59,51.7443,-9.31424,6.4,11.75,0,0,,2024-May-16,23:50:59
177,2024-05-16 23:51:59,51.7443,-9.31424,6.4,11.75,0,0,,2024-May-16,23:51:59
178,2024-05-16 23:52:59,51.7443,-9.31424,6.4,11.75,0,0,,2024-May-16,23:52:59
179,2024-05-16 23:53:59,51.7443,-9.31424,6.4,11.5,0,0,,2024-May-16,23:53:59
180,2024-05-16 23:54:59,51.7443,-9.31424,6.4,11.75,0,0,,2024-May-16,23:54:59
181,2024-05-16 23:55:59,51.7443,-9.31424,6.4,11.75,0,0,,2024-May-16,23:55:59
182,2024-05-16 23:56:59,51.7443,-9.31424,6.4,11.75,0,0,,2024-May-16,23:56:59
183,2024-05-16 23:57:59,51.7443,-9.31424,6.4,11.75,0,0,,2024-May-16,23:57:59
184,2024-05-16 23:58:59,51.7443,-9.31424,6.4,11.75,0,0,,2024-May-16,23:58:59
185,2024-05-16 23:59:59,51.7443,-9.31424,6.4,11.75,0,0,,2024-May-16,23:59:59
186,2024-05-17 00:00:59,51.7443,-9.31424,6.4,11.5,0,0,,2024-May-17,00:00:59
187,2024-05-17 00:01:59,51.7443,-9.31424,6.4,11.75,0,0,,2024-May-17,00:01:59
188,2024-05-17 00:02:59,51.7443,-9.31424,6.4,11.75,0,0,,2024-May-17,00:02:59
189,2024-05-17 00:03:59,51.7443,-9.31424,6.4,11.5,0,1,,2024-May-17,00:03:59
190,2024-05-17 00:04:59,51.7443,-9.31424,6.4,11.5,0,0,,2024-May-17,00:04:59
191,2024-05-17 00:05:59,51.7443,-9.31424,6.4,11.75,0,0,,2024-May-17,00:05:59
192,2024-05-17 00:06:59,51.7443,-9.31424,6.4,11.5,0,0,,2024-May-17,00:06:59
193,2024-05-17 00:07:59,51.7443,-9.31424,6.4,11.5,0,0,,2024-May-17,00:07:59
194,2024-05-17 00:08:59,51.7443,-9.31424,6.4,11.5,0,0,,2024-May-17,00:08:59
195,2024-05-17 00:09:59,51.7443,-9.31424,6.4,11.75,0,0,,2024-May-17,00:09:59
196,2024-05-17 00:10:59,51.7443,-9.31424,6.3,11.5,0,0,,2024-May-17,00:10:59
197,2024-05-17 00:11:59,51.7443,-9.31424,6.4,11.5,1,0,,2024-May-17,00:11:59
198,2024-05-17 00:12:59,51.7443,-9.31424,6.4,11.75,0,0,,2024-May-17,00:12:59
199,2024-05-17 00:13:59,51.7443,-9.31424,6.4,11.5,0,0,,2024-May-17,00:13:59
200,2024-05-17 00:14:59,51.7443,-9.31424,6.4,11.75,0,0,,2024-May-17,00:14:59
201,2024-05-17 00:15:59,51.7443,-9.31424,6.4,11.5,1,0,,2024-May-17,00:15:59
202,2024-05-17 00:16:59,51.7443,-9.31424,6.4,11.75,0,0,,2024-May-17,00:16:59
203,2024-05-17 00:17:59,51.7443,-9.31424,6.4,11.5,1,0,,2024-May-17,00:17:59
204,2024-05-17 00:18:59,51.7443,-9.31424,6.4,11.75,0,0,,2024-May-17,00:18:59
205,2024-05-17 00:19:59,51.7443,-9.31424,6.4,11.5,1,0,,2024-May-17,00:19:59
206,2024-05-17 00:20:59,51.7443,-9.31424,6.4,11.5,1,0,,2024-May-17,00:20:59
207,2024-05-17 00:21:59,51.7443,-9.31424,6.4,11.5,1,1,,2024-May-17,00:21:59
208,2024-05-17 00:22:59,51.7443,-9.31424,6.4,11.75,0,0,,2024-May-17,00:22:59
209,2024-05-17 00:23:59,51.7443,-9.31424,6.4,11.75,0,1,,2024-May-17,00:23:59
210,2024-05-17 00:24:59,51.7443,-9.31424,6.4,11.75,0,0,,2024-May-17,00:24:59
211,2024-05-17 00:25:59,51.7443,-9.31424,6.4,11.5,0,0,,2024-May-17,00:25:59
212,2024-05-17 00:26:59,51.7443,-9.31424,6.4,11.75,1,0,,2024-May-17,00:26:59
213,2024-05-17 00:27:59,51.7443,-9.31424,6.4,11.75,1,0,,2024-May-17,00:27:59
214,2024-05-17 00:28:59,51.7443,-9.31424,6.4,11.5,1,0,,2024-May-17,00:28:59
215,2024-05-17 00:29:59,51.7443,-9.31424,6.4,11.75,0,0,,2024-May-17,00:29:59
216,2024-05-17 00:30:59,51.7443,-9.31424,6.4,11.5,0,1,,2024-May-17,00:30:59
217,2024-05-17 00:31:59,51.7443,-9.31424,6.4,11.5,0,0,,2024-May-17,00:31:59
218,2024-05-17 00:32:59,51.7443,-9.31424,6.4,11.75,0,0,,2024-May-17,00:32:59
219,2024-05-17 00:33:59,51.7443,-9.31424,6.4,11.75,1,0,,2024-May-17,00:33:59
220,2024-05-17 00:34:59,51.7443,-9.31424,6.4,11.5,1,0,,2024-May-17,00:34:59
221,2024-05-17 00:35:59,51.7443,-9.31424,6.4,11.75,1,0,,2024-May-17,00:35:59
222,2024-05-17 00:36:59,51.7443,-9.31424,6.3,11.75,1,0,,2024-May-17,00:36:59
223,2024-05-17 00:37:59,51.7443,-9.31424,6.4,11.75,0,0,,2024-May-17,00:37:59
224,2024-05-17 00:38:59,51.7443,-9.31424,6.4,11.75,0,1,,2024-May-17,00:38:59
225,2024-05-17 00:39:59,51.7443,-9.31424,6.4,11.75,0,1,,2024-May-17,00:39:59
226,2024-05-17 00:40:59,51.7443,-9.31424,6.4,11.75,0,1,,2024-May-17,00:40:59
227,2024-05-17 00:41:59,51.7443,-9.31424,6.4,11.75,0,0,,2024-May-17,00:41:59
228,2024-05-17 00:42:59,51.7443,-9.31424,6.4,11.75,1,0,,2024-May-17,00:42:59
229,2024-05-17 00:43:59,51.7443,-9.31424,6.3,11.75,0,1,,2024-May-17,00:43:59
230,2024-05-17 00:44:59,51.7443,-9.31424,6.3,11.75,1,0,,2024-May-17,00:44:59
231,2024-05-17 00:45:59,51.7443,-9.31424,6.3,11.75,1,1,,2024-May-17,00:45:59
232,2024-05-17 00:46:59,51.7443,-9.31424,6.3,11.75,2,0,,2024-May-17,00:46:59
233,2024-05-17 00:47:59,51.7443,-9.31424,6.4,11.75,1,1,,2024-May-17,00:47:59
234,2024-05-17 00:48:59,51.7443,-9.31424,6.3,11.75,1,2,,2024-May-17,00:48:59
235,2024-05-17 00:49:59,51.7443,-9.31424,6.3,11.75,2,0,,2024-May-17,00:49:59
236,2024-05-17 00:50:59,51.7443,-9.31424,6.3,11.75,2,1,,2024-May-17,00:50:59
237,2024-05-17 00:51:59,51.7443,-9.31424,6.3,11.75,3,1,,2024-May-17,00:51:59
238,2024-05-17 00:52:59,51.7443,-9.31424,6.3,11.75,1,0,,2024-May-17,00:52:59
239,2024-05-17 00:53:59,51.7443,-9.31424,6.3,11.75,1,0,,2024-May-17,00:53:59
240,2024-05-17 00:54:59,51.7443,-9.31424,6.3,11.75,1,0,,2024-May-17,00:54:59
241,2024-05-17 00:55:59,51.7443,-9.31424,6.3,11.75,2,0,,2024-May-17,00:55:59
242,2024-05-17 00:56:59,51.7443,-9.31424,6.3,11.75,0,0,,2024-May-17,00:56:59
243,2024-05-17 00:57:59,51.7443,-9.31424,6.3,11.75,2,0,,2024-May-17,00:57:59
244,2024-05-17 00:58:59,51.7443,-9.31424,6.3,11.75,0,1,,2024-May-17,00:58:59
245,2024-05-17 00:59:59,51.7443,-9.31424,6.3,11.75,1,0,,2024-May-17,00:59:59
246,2024-05-17 01:00:59,51.7443,-9.31424,6.3,11.75,1,0,,2024-May-17,01:00:59
247,2024-05-17 01:01:59,51.7443,-9.31424,6.3,11.75,0,0,,2024-May-17,01:01:59
248,2024-05-17 01:02:59,51.7443,-9.31424,6.3,11.75,0,0,,2024-May-17,01:02:59
249,2024-05-17 01:03:59,51.7443,-9.31424,6.3,11.75,1,0,,2024-May-17,01:03:59
250,2024-05-17 01:04:59,51.7443,-9.31424,6.3,11.75,1,0,,2024-May-17,01:04:59
251,2024-05-17 01:05:59,51.7443,-9.31424,6.3,11.75,0,1,,2024-May-17,01:05:59
252,2024-05-17 01:06:59,51.7443,-9.31424,6.3,11.75,0,0,,2024-May-17,01:06:59
253,2024-05-17 01:07:59,51.7443,-9.31424,6.3,11.75,0,0,,2024-May-17,01:07:59
254,2024-05-17 01:08:59,51.7443,-9.31424,6.3,11.75,0,1,,2024-May-17,01:08:59
255,2024-05-17 01:09:59,51.7443,-9.31424,6.3,11.75,1,0,,2024-May-17,01:09:59
256,2024-05-17 01:10:59,51.7443,-9.31424,6.3,11.75,3,0,,2024-May-17,01:10:59
257,2024-05-17 01:11:59,51.7443,-9.31424,6.3,11.75,2,1,,2024-May-17,01:11:59
258,2024-05-17 01:12:59,51.7443,-9.31424,6.3,11.75,0,0,,2024-May-17,01:12:59
259,2024-05-17 01:13:59,51.7443,-9.31424,6.3,11.75,0,0,,2024-May-17,01:13:59
260,2024-05-17 01:14:59,51.7443,-9.31424,6.3,11.75,0,0,,2024-May-17,01:14:59
261,2024-05-17 01:15:59,51.7443,-9.31424,6.3,11.75,0,0,,2024-May-17,01:15:59
262,2024-05-17 01:16:59,51.7443,-9.31424,6.3,11.75,1,0,,2024-May-17,01:16:59
263,2024-05-17 01:17:59,51.7443,-9.31424,6.3,11.75,3,0,,2024-May-17,01:17:59
264,2024-05-17 01:18:59,51.7443,-9.31424,6.3,11.75,0,0,,2024-May-17,01:18:59
265,2024-05-17 01:19:59,51.7443,-9.31424,6.3,11.75,0,0,,2024-May-17,01:19:59
266,2024-05-17 01:20:59,51.7443,-9.31424,6.3,11.75,0,0,,2024-May-17,01:20:59
267,2024-05-17 01:21:59,51.7443,-9.31424,6.3,11.75,0,0,,2024-May-17,01:21:59
268,2024-05-17 01:22:59,51.7443,-9.31424,6.3,11.75,1,0,,2024-May-17,01:22:59
269,2024-05-17 01:23:59,51.7443,-9.31424,6.3,11.75,0,1,,2024-May-17,01:23:59
270,2024-05-17 01:24:59,51.7443,-9.31424,6.3,11.75,0,1,,2024-May-17,01:24:59
271,2024-05-17 01:25:59,51.7443,-9.31424,6.3,11.75,0,0,,2024-May-17,01:25:59
272,2024-05-17 01:26:59,51.7443,-9.31424,6.3,11.75,1,0,,2024-May-17,01:26:59
273,2024-05-17 01:27:59,51.7443,-9.31424,6.3,11.75,0,0,,2024-May-17,01:27:59
274,2024-05-17 01:28:59,51.7443,-9.31424,6.3,11.75,1,0,,2024-May-17,01:28:59
275,2024-05-17 01:29:59,51.7443,-9.31424,6.3,11.75,0,0,,2024-May-17,01:29:59
276,2024-05-17 01:30:59,51.7443,-9.31424,6.3,11.75,0,0,,2024-May-17,01:30:59
277,2024-05-17 01:31:59,51.7443,-9.31424,6.3,11.75,0,1,,2024-May-17,01:31:59
278,2024-05-17 01:32:59,51.7443,-9.31424,6.3,12,0,0,,2024-May-17,01:32:59
279,2024-05-17 01:33:59,51.7443,-9.31424,6.3,11.75,0,0,,2024-May-17,01:33:59
280,2024-05-17 01:34:59,51.7443,-9.31424,6.3,11.75,0,0,,2024-May-17,01:34:59
281,2024-05-17 01:35:59,51.7443,-9.31424,6.3,12,0,0,,2024-May-17,01:35:59
282,2024-05-17 01:36:59,51.7443,-9.31424,6.3,11.75,0,0,,2024-May-17,01:36:59
283,2024-05-17 01:37:59,51.7443,-9.31424,6.3,11.75,0,0,,2024-May-17,01:37:59
284,2024-05-17 01:38:59,51.7443,-9.31424,6.3,11.75,0,0,,2024-May-17,01:38:59
285,2024-05-17 01:39:59,51.7443,-9.31424,6.3,11.75,0,0,,2024-May-17,01:39:59
286,2024-05-17 01:40:59,51.7443,-9.31424,6.3,11.75,0,1,,2024-May-17,01:40:59
287,2024-05-17 01:41:59,51.7443,-9.31424,6.3,11.75,0,1,,2024-May-17,01:41:59
288,2024-05-17 01:42:59,51.7443,-9.31424,6.3,12,0,0,,2024-May-17,01:42:59
289,2024-05-17 01:43:59,51.7443,-9.31424,6.3,11.75,0,0,,2024-May-17,01:43:59
290,2024-05-17 01:44:59,51.7443,-9.31424,6.3,12,1,1,,2024-May-17,01:44:59
291,2024-05-17 01:45:59,51.7443,-9.31424,6.3,11.75,0,0,,2024-May-17,01:45:59
292,2024-05-17 01:46:59,51.7443,-9.31424,6.3,11.75,0,0,,2024-May-17,01:46:59
293,2024-05-17 01:47:59,51.7443,-9.31424,6.3,11.75,0,0,,2024-May-17,01:47:59
294,2024-05-17 01:48:59,51.7443,-9.31424,6.3,12,0,0,,2024-May-17,01:48:59
295,2024-05-17 01:49:59,51.7443,-9.31424,6.3,11.75,0,1,,2024-May-17,01:49:59
296,2024-05-17 01:50:59,51.7443,-9.31424,6.3,12,0,0,,2024-May-17,01:50:59
297,2024-05-17 01:51:59,51.7443,-9.31424,6.3,11.75,0,1,,2024-May-17,01:51:59
298,2024-05-17 01:52:59,51.7443,-9.31424,6.3,11.75,0,0,,2024-May-17,01:52:59
299,2024-05-17 01:53:59,51.7443,-9.31424,6.3,12,0,0,,2024-May-17,01:53:59
300,2024-05-17 01:55:01,51.7443,-9.31424,6.3,11.75,0,1,,2024-May-17,01:55:01
301,2024-05-17 01:56:01,51.7443,-9.31424,6.3,11.75,0,0,,2024-May-17,01:56:01
302,2024-05-17 01:57:01,51.7443,-9.31424,6.3,11.75,0,0,,2024-May-17,01:57:01
303,2024-05-17 01:58:01,51.7443,-9.31424,6.3,12,0,0,,2024-May-17,01:58:01
304,2024-05-17 01:59:01,51.7443,-9.31424,6.3,12,1,1,,2024-May-17,01:59:01
305,2024-05-17 02:00:01,51.7443,-9.31424,6.3,11.75,0,0,,2024-May-17,02:00:01
306,2024-05-17 02:01:01,51.7443,-9.31424,6.3,11.75,0,0,,2024-May-17,02:01:01
307,2024-05-17 02:02:01,51.7443,-9.31424,6.3,11.75,0,0,,2024-May-17,02:02:01
308,2024-05-17 02:03:01,51.7443,-9.31424,6.3,12,0,0,,2024-May-17,02:03:01
309,2024-05-17 02:04:01,51.7443,-9.31424,6.3,12,0,0,,2024-May-17,02:04:01
310,2024-05-17 02:05:01,51.7443,-9.31424,6.3,11.75,0,0,,2024-May-17,02:05:01
311,2024-05-17 02:06:01,51.7443,-9.31424,6.3,11.75,0,1,,2024-May-17,02:06:01
312,2024-05-17 02:07:01,51.7443,-9.31424,6.3,12,0,0,,2024-May-17,02:07:01
313,2024-05-17 02:08:01,51.7443,-9.31424,6.3,12,0,0,,2024-May-17,02:08:01
314,2024-05-17 02:09:01,51.7443,-9.31424,6.3,11.75,0,0,,2024-May-17,02:09:01
315,2024-05-17 02:10:01,51.7443,-9.31424,6.3,12,0,1,,2024-May-17,02:10:01
316,2024-05-17 02:11:01,51.7443,-9.31424,6.3,12,0,0,,2024-May-17,02:11:01
317,2024-05-17 02:12:01,51.7443,-9.31424,6.3,12,0,0,,2024-May-17,02:12:01
318,2024-05-17 02:13:01,51.7443,-9.31424,6.3,11.75,0,0,,2024-May-17,02:13:01
319,2024-05-17 02:14:01,51.7443,-9.31424,6.3,12,0,0,,2024-May-17,02:14:01
320,2024-05-17 02:15:01,51.7443,-9.31424,6.3,11.75,0,0,,2024-May-17,02:15:01
321,2024-05-17 02:16:01,51.7443,-9.31424,6.3,11.75,0,0,,2024-May-17,02:16:01
322,2024-05-17 02:17:01,51.7443,-9.31424,6.3,12,0,0,,2024-May-17,02:17:01
323,2024-05-17 02:18:01,51.7443,-9.31424,6.3,12,0,0,,2024-May-17,02:18:01
324,2024-05-17 02:19:01,51.7443,-9.31424,6.3,12,0,0,,2024-May-17,02:19:01
325,2024-05-17 02:20:01,51.7443,-9.31424,6.3,11.75,0,0,,2024-May-17,02:20:01
326,2024-05-17 02:21:01,51.7443,-9.31424,6.3,11.75,0,0,,2024-May-17,02:21:01
327,2024-05-17 02:22:01,51.7443,-9.31424,6.3,11.75,0,0,,2024-May-17,02:22:01
328,2024-05-17 02:23:01,51.7443,-9.31424,6.3,12,0,0,,2024-May-17,02:23:01
329,2024-05-17 02:24:01,51.7443,-9.31424,6.3,12,0,1,,2024-May-17,02:24:01
330,2024-05-17 02:25:01,51.7443,-9.31424,6.3,12,0,0,,2024-May-17,02:25:01
331,2024-05-17 02:26:01,51.7443,-9.31424,6.3,12,0,0,,2024-May-17,02:26:01
332,2024-05-17 02:27:01,51.7443,-9.31424,6.3,12,0,0,,2024-May-17,02:27:01
333,2024-05-17 02:28:01,51.7443,-9.31424,6.3,12,0,0,,2024-May-17,02:28:01
334,2024-05-17 02:29:01,51.7443,-9.31424,6.3,12,0,0,,2024-May-17,02:29:01
335,2024-05-17 02:30:01,51.7443,-9.31424,6.3,11.75,0,0,,2024-May-17,02:30:01
336,2024-05-17 02:31:01,51.7443,-9.31424,6.3,12,0,0,,2024-May-17,02:31:01
337,2024-05-17 02:32:01,51.7443,-9.31424,6.3,12,0,0,,2024-May-17,02:32:01
338,2024-05-17 02:33:01,51.7443,-9.31424,6.3,12,0,0,,2024-May-17,02:33:01
339,2024-05-17 02:34:01,51.7443,-9.31424,6.3,12,0,0,,2024-May-17,02:34:01
340,2024-05-17 02:35:01,51.7443,-9.31424,6.3,12,0,0,,2024-May-17,02:35:01
341,2024-05-17 02:36:01,51.7443,-9.31424,6.3,11.75,0,0,,2024-May-17,02:36:01
342,2024-05-17 02:37:01,51.7443,-9.31424,6.3,12,0,0,,2024-May-17,02:37:01
343,2024-05-17 02:38:01,51.7443,-9.31424,6.3,12,0,0,,2024-May-17,02:38:01
344,2024-05-17 02:39:01,51.7443,-9.31424,6.3,12,0,0,,2024-May-17,02:39:01
345,2024-05-17 02:40:01,51.7443,-9.31424,6.3,12,0,0,,2024-May-17,02:40:01
346,2024-05-17 02:41:01,51.7443,-9.31424,6.3,12,0,0,,2024-May-17,02:41:01
347,2024-05-17 02:42:01,51.7443,-9.31424,6.3,12,0,0,,2024-May-17,02:42:01
348,2024-05-17 02:43:01,51.7443,-9.31424,6.3,12,0,0,,2024-May-17,02:43:01
349,2024-05-17 02:44:01,51.7443,-9.31424,6.3,12,0,0,,2024-May-17,02:44:01
350,2024-05-17 02:45:01,51.7443,-9.31424,6.3,12,0,0,,2024-May-17,02:45:01
351,2024-05-17 02:46:01,51.7443,-9.31424,6.3,12,0,0,,2024-May-17,02:46:01
352,2024-05-17 02:47:01,51.7443,-9.31424,6.3,12,0,0,,2024-May-17,02:47:01
353,2024-05-17 02:48:01,51.7443,-9.31424,6.3,12,0,0,,2024-May-17,02:48:01
354,2024-05-17 02:49:01,51.7443,-9.31424,6.3,12,0,0,,2024-May-17,02:49:01
355,2024-05-17 02:50:01,51.7443,-9.31424,6.3,12,0,0,,2024-May-17,02:50:01
356,2024-05-17 02:51:01,51.7443,-9.31424,6.3,12,0,0,,2024-May-17,02:51:01
357,2024-05-17 02:52:01,51.7443,-9.31424,6.3,12,0,1,,2024-May-17,02:52:01
358,2024-05-17 02:53:01,51.7443,-9.31424,6.3,12,0,1,,2024-May-17,02:53:01
359,2024-05-17 02:54:01,51.7443,-9.31424,6.3,12,0,0,,2024-May-17,02:54:01
360,2024-05-17 02:55:01,51.7443,-9.31424,6.3,12,0,0,,2024-May-17,02:55:01
361,2024-05-17 02:56:01,51.7443,-9.31424,6.3,12,0,0,,2024-May-17,02:56:01
362,2024-05-17 02:57:01,51.7443,-9.31424,6.3,12,0,0,,2024-May-17,02:57:01
363,2024-05-17 02:58:01,51.7443,-9.31424,6.3,12,0,0,,2024-May-17,02:58:01
364,2024-05-17 02:59:01,51.7443,-9.31424,6.3,12,0,0,,2024-May-17,02:59:01
365,2024-05-17 03:00:01,51.7443,-9.31424,6.3,12,0,0,,2024-May-17,03:00:01
366,2024-05-17 03:01:01,51.7443,-9.31424,6.3,12,0,0,,2024-May-17,03:01:01
367,2024-05-17 03:02:01,51.7443,-9.31424,6.3,12.25,0,0,,2024-May-17,03:02:01
368,2024-05-17 03:03:01,51.7443,-9.31424,6.3,12,0,0,,2024-May-17,03:03:01
369,2024-05-17 03:04:01,51.7443,-9.31424,6.3,12,0,0,,2024-May-17,03:04:01
370,2024-05-17 03:05:01,51.7443,-9.31424,6.3,12,0,0,,2024-May-17,03:05:01
371,2024-05-17 03:06:01,51.7443,-9.31424,6.3,12.25,0,1,,2024-May-17,03:06:01
372,2024-05-17 03:07:01,51.7443,-9.31424,6.3,12,1,0,,2024-May-17,03:07:01
373,2024-05-17 03:08:01,51.7443,-9.31424,6.3,12.25,0,0,,2024-May-17,03:08:01
374,2024-05-17 03:09:01,51.7443,-9.31424,6.3,12,0,0,,2024-May-17,03:09:01
375,2024-05-17 03:10:01,51.7443,-9.31424,6.3,12.25,0,0,,2024-May-17,03:10:01
376,2024-05-17 03:11:01,51.7443,-9.31424,6.3,12.25,0,0,,2024-May-17,03:11:01
377,2024-05-17 03:12:01,51.7443,-9.31424,6.3,12,0,0,,2024-May-17,03:12:01
378,2024-05-17 03:13:01,51.7443,-9.31424,6.3,12.25,0,0,,2024-May-17,03:13:01
379,2024-05-17 03:14:01,51.7443,-9.31424,6.3,12,0,0,,2024-May-17,03:14:01
380,2024-05-17 03:15:01,51.7443,-9.31424,6.3,12.25,0,0,,2024-May-17,03:15:01
381,2024-05-17 03:16:01,51.7443,-9.31424,6.3,12.25,0,0,,2024-May-17,03:16:01
382,2024-05-17 03:17:01,51.7443,-9.31424,6.3,12,0,0,,2024-May-17,03:17:01
383,2024-05-17 03:18:01,51.7443,-9.31424,6.3,12,0,0,,2024-May-17,03:18:01
384,2024-05-17 03:19:01,51.7443,-9.31424,6.3,12.25,0,0,,2024-May-17,03:19:01
385,2024-05-17 03:20:01,51.7443,-9.31424,6.3,12,0,0,,2024-May-17,03:20:01
386,2024-05-17 03:21:01,51.7443,-9.31424,6.3,12.25,0,0,,2024-May-17,03:21:01
387,2024-05-17 03:22:01,51.7443,-9.31424,6.3,12.25,0,0,,2024-May-17,03:22:01
388,2024-05-17 03:23:01,51.7443,-9.31424,6.3,12.25,0,0,,2024-May-17,03:23:01
389,2024-05-17 03:24:01,51.7443,-9.31424,6.3,12.25,0,0,,2024-May-17,03:24:01
390,2024-05-17 03:25:01,51.7443,-9.31424,6.3,12,0,0,,2024-May-17,03:25:01
391,2024-05-17 03:26:01,51.7443,-9.31424,6.3,12.25,0,0,,2024-May-17,03:26:01
392,2024-05-17 03:27:01,51.7443,-9.31424,6.3,12,0,0,,2024-May-17,03:27:01
393,2024-05-17 03:28:01,51.7443,-9.31424,6.3,12.25,0,0,,2024-May-17,03:28:01
394,2024-05-17 03:29:01,51.7443,-9.31424,6.3,12.25,0,0,,2024-May-17,03:29:01
395,2024-05-17 03:30:01,51.7443,-9.31424,6.3,12.25,0,0,,2024-May-17,03:30:01
396,2024-05-17 03:31:01,51.7443,-9.31424,6.3,12.25,0,0,,2024-May-17,03:31:01
397,2024-05-17 03:32:01,51.7443,-9.31424,6.3,12.25,0,0,,2024-May-17,03:32:01
398,2024-05-17 03:33:01,51.7443,-9.31424,6.3,12.25,0,0,,2024-May-17,03:33:01
399,2024-05-17 03:34:01,51.7443,-9.31424,6.2,12.25,0,0,,2024-May-17,03:34:01
400,2024-05-17 03:35:01,51.7443,-9.31424,6.3,12.25,0,0,,2024-May-17,03:35:01
401,2024-05-17 03:36:01,51.7443,-9.31424,6.3,12.25,0,0,,2024-May-17,03:36:01
402,2024-05-17 03:37:01,51.7443,-9.31424,6.3,12.25,0,0,,2024-May-17,03:37:01
403,2024-05-17 03:38:01,51.7443,-9.31424,6.3,12.25,0,0,,2024-May-17,03:38:01
404,2024-05-17 03:39:01,51.7443,-9.31424,6.3,12.25,0,0,,2024-May-17,03:39:01
405,2024-05-17 03:40:01,51.7443,-9.31424,6.3,12.25,0,1,,2024-May-17,03:40:01
406,2024-05-17 03:41:01,51.7443,-9.31424,6.3,12.25,0,0,,2024-May-17,03:41:01
407,2024-05-17 03:42:01,51.7443,-9.31424,6.3,12.25,0,0,,2024-May-17,03:42:01
408,2024-05-17 03:43:01,51.7443,-9.31424,6.3,12.25,0,0,,2024-May-17,03:43:01
409,2024-05-17 03:44:01,51.7443,-9.31424,6.3,12.25,0,0,,2024-May-17,03:44:01
410,2024-05-17 03:45:01,51.7443,-9.31424,6.3,12.25,0,0,,2024-May-17,03:45:01
411,2024-05-17 03:46:01,51.7443,-9.31424,6.3,12.25,0,0,,2024-May-17,03:46:01
412,2024-05-17 03:47:01,51.7443,-9.31424,6.3,12.25,0,0,,2024-May-17,03:47:01
413,2024-05-17 03:48:01,51.7443,-9.31424,6.3,12.25,0,0,,2024-May-17,03:48:01
414,2024-05-17 03:49:01,51.7443,-9.31424,6.3,12.25,0,0,,2024-May-17,03:49:01
415,2024-05-17 03:50:01,51.7443,-9.31424,6.3,12.25,0,0,,2024-May-17,03:50:01
416,2024-05-17 03:51:01,51.7443,-9.31424,6.3,12.25,0,0,,2024-May-17,03:51:01
417,2024-05-17 03:52:01,51.7443,-9.31424,6.3,12.25,0,0,,2024-May-17,03:52:01
418,2024-05-17 03:53:01,51.7443,-9.31424,6.3,12.25,0,0,,2024-May-17,03:53:01
419,2024-05-17 03:54:01,51.7443,-9.31424,6.3,12.25,0,0,,2024-May-17,03:54:01
420,2024-05-17 03:55:01,51.7443,-9.31424,6.3,12.25,0,0,,2024-May-17,03:55:01
421,2024-05-17 03:56:01,51.7443,-9.31424,6.3,12.25,0,2,,2024-May-17,03:56:01
422,2024-05-17 03:57:01,51.7443,-9.31424,6.3,12.25,0,0,,2024-May-17,03:57:01
423,2024-05-17 03:58:01,51.7443,-9.31424,6.3,12.25,0,0,,2024-May-17,03:58:01
424,2024-05-17 03:59:01,51.7443,-9.31424,6.3,12.25,0,1,,2024-May-17,03:59:01
425,2024-05-17 04:00:01,51.7443,-9.31424,6.3,12.25,0,0,,2024-May-17,04:00:01
426,2024-05-17 04:01:01,51.7443,-9.31424,6.3,12.25,0,0,,2024-May-17,04:01:01
427,2024-05-17 04:02:01,51.7443,-9.31424,6.3,12.25,0,0,,2024-May-17,04:02:01
428,2024-05-17 04:03:01,51.7443,-9.31424,6.3,12.25,0,0,,2024-May-17,04:03:01
429,2024-05-17 04:04:01,51.7443,-9.31424,6.3,12.25,0,0,,2024-May-17,04:04:01
430,2024-05-17 04:05:01,51.7443,-9.31424,6.3,12.25,0,0,,2024-May-17,04:05:01
431,2024-05-17 04:06:01,51.7443,-9.31424,6.3,12.25,0,0,,2024-May-17,04:06:01
432,2024-05-17 04:07:01,51.7443,-9.31424,6.3,12.25,0,0,,2024-May-17,04:07:01
433,2024-05-17 04:08:01,51.7443,-9.31424,6.3,12.25,0,0,,2024-May-17,04:08:01
434,2024-05-17 04:09:01,51.7443,-9.31424,6.3,12.25,0,0,,2024-May-17,04:09:01
435,2024-05-17 04:10:01,51.7443,-9.31424,6.3,12.25,0,0,,2024-May-17,04:10:01
436,2024-05-17 04:11:01,51.7443,-9.31424,6.3,12.25,0,0,,2024-May-17,04:11:01
437,2024-05-17 04:12:01,51.7443,-9.31424,6.3,12.25,0,0,,2024-May-17,04:12:01
438,2024-05-17 04:13:01,51.7443,-9.31424,6.3,12.25,0,0,,2024-May-17,04:13:01
439,2024-05-17 04:14:01,51.7443,-9.31424,6.3,12.25,0,0,,2024-May-17,04:14:01
440,2024-05-17 04:15:01,51.7443,-9.31424,6.3,12.25,0,0,,2024-May-17,04:15:01
441,2024-05-17 04:16:01,51.7443,-9.31424,6.3,12.25,0,0,,2024-May-17,04:16:01
442,2024-05-17 04:17:01,51.7443,-9.31424,6.3,12.25,0,0,,2024-May-17,04:17:01
443,2024-05-17 04:18:01,51.7443,-9.31424,6.3,12.25,0,0,,2024-May-17,04:18:01
444,2024-05-17 04:19:01,51.7443,-9.31424,6.3,12.5,0,0,,2024-May-17,04:19:01
445,2024-05-17 04:20:01,51.7443,-9.31424,6.3,12.25,0,0,,2024-May-17,04:20:01
446,2024-05-17 04:21:01,51.7443,-9.31424,6.2,12.25,0,0,,2024-May-17,04:21:01
447,2024-05-17 04:22:01,51.7443,-9.31424,6.3,12.25,0,0,,2024-May-17,04:22:01
448,2024-05-17 04:23:01,51.7443,-9.31424,6.3,12.25,0,0,,2024-May-17,04:23:01
449,2024-05-17 04:24:01,51.7443,-9.31424,6.3,12.25,0,0,,2024-May-17,04:24:01
450,2024-05-17 04:25:01,51.7443,-9.31424,6.3,12.25,0,0,,2024-May-17,04:25:01
451,2024-05-17 04:26:01,51.7443,-9.31424,6.3,12.25,0,0,,2024-May-17,04:26:01
452,2024-05-17 04:27:01,51.7443,-9.31424,6.3,12.25,0,0,,2024-May-17,04:27:01
453,2024-05-17 04:28:01,51.7443,-9.31424,6.3,12.25,0,0,,2024-May-17,04:28:01
454,2024-05-17 04:29:01,51.7443,-9.31424,6.3,12.25,0,0,,2024-May-17,04:29:01
455,2024-05-17 04:30:01,51.7443,-9.31424,6.2,12.25,0,0,,2024-May-17,04:30:01
456,2024-05-17 04:31:01,51.7443,-9.31424,6.3,12.25,0,0,,2024-May-17,04:31:01
457,2024-05-17 04:32:01,51.7443,-9.31424,6.3,12.25,0,0,,2024-May-17,04:32:01
458,2024-05-17 04:33:01,51.7443,-9.31424,6.3,12.25,0,0,,2024-May-17,04:33:01
459,2024-05-17 04:34:01,51.7443,-9.31424,6.3,12.25,0,0,,2024-May-17,04:34:01
460,2024-05-17 04:35:01,51.7443,-9.31424,6.3,12.25,0,0,,2024-May-17,04:35:01
461,2024-05-17 04:36:01,51.7443,-9.31424,6.2,12.25,0,0,,2024-May-17,04:36:01
462,2024-05-17 04:37:01,51.7443,-9.31424,6.2,12.25,0,0,,2024-May-17,04:37:01
463,2024-05-17 04:38:01,51.7443,-9.31424,6.3,12.25,0,1,,2024-May-17,04:38:01
464,2024-05-17 04:39:01,51.7443,-9.31424,6.3,12.25,0,0,,2024-May-17,04:39:01
465,2024-05-17 04:40:01,51.7443,-9.31424,6.3,12.25,0,0,,2024-May-17,04:40:01
466,2024-05-17 04:41:01,51.7443,-9.31424,6.2,12.25,0,0,,2024-May-17,04:41:01
467,2024-05-17 04:42:01,51.7443,-9.31424,6.2,12.25,0,0,,2024-May-17,04:42:01
468,2024-05-17 04:43:01,51.7443,-9.31424,6.3,12.25,0,0,,2024-May-17,04:43:01
469,2024-05-17 04:44:01,51.7443,-9.31424,6.2,12.25,0,0,,2024-May-17,04:44:01
470,2024-05-17 04:45:01,51.7443,-9.31424,6.2,12.25,0,0,,2024-May-17,04:45:01
471,2024-05-17 04:46:01,51.7443,-9.31424,6.3,12.25,0,0,,2024-May-17,04:46:01
472,2024-05-17 04:47:01,51.7443,-9.31424,6.3,12.25,0,0,,2024-May-17,04:47:01
473,2024-05-17 04:48:01,51.7443,-9.31424,6.2,12.25,0,0,,2024-May-17,04:48:01
474,2024-05-17 04:49:01,51.7443,-9.31424,6.2,12.25,0,0,,2024-May-17,04:49:01
475,2024-05-17 04:50:01,51.7443,-9.31424,6.2,12.25,0,0,,2024-May-17,04:50:01
476,2024-05-17 04:51:01,51.7443,-9.31424,6.2,12.25,0,0,,2024-May-17,04:51:01
477,2024-05-17 04:52:01,51.7443,-9.31424,6.2,12.25,0,0,,2024-May-17,04:52:01
478,2024-05-17 04:53:01,51.7443,-9.31424,6.2,12.25,0,0,,2024-May-17,04:53:01
479,2024-05-17 04:54:01,51.7443,-9.31424,6.2,12.25,0,0,,2024-May-17,04:54:01
480,2024-05-17 04:55:01,51.7443,-9.31424,6.2,12.25,0,0,,2024-May-17,04:55:01
481,2024-05-17 04:56:01,51.7443,-9.31424,6.2,12.25,0,0,,2024-May-17,04:56:01
482,2024-05-17 04:57:01,51.7443,-9.31424,6.2,12.25,0,0,,2024-May-17,04:57:01
483,2024-05-17 04:58:01,51.7443,-9.31424,6.2,12.25,0,0,,2024-May-17,04:58:01
484,2024-05-17 04:59:01,51.7443,-9.31424,6.2,12.25,0,0,,2024-May-17,04:59:01
485,2024-05-17 05:00:01,51.7443,-9.31424,6.2,12.25,0,0,,2024-May-17,05:00:01
486,2024-05-17 05:01:01,51.7443,-9.31424,6.2,12.25,0,0,,2024-May-17,05:01:01
487,2024-05-17 05:02:01,51.7443,-9.31424,6.2,12.25,0,0,,2024-May-17,05:02:01
488,2024-05-17 05:03:01,51.7443,-9.31424,6.2,12.25,0,0,,2024-May-17,05:03:01
489,2024-05-17 05:04:01,51.7443,-9.31424,6.2,12.25,0,0,,2024-May-17,05:04:01
490,2024-05-17 05:05:01,51.7443,-9.31424,6.2,12.25,0,0,,2024-May-17,05:05:01
491,2024-05-17 05:06:01,51.7443,-9.31424,6.2,12.25,0,0,,2024-May-17,05:06:01
492,2024-05-17 05:07:01,51.7443,-9.31424,6.2,12.25,0,0,,2024-May-17,05:07:01
493,2024-05-17 05:08:01,51.7443,-9.31424,6.2,12.25,0,0,,2024-May-17,05:08:01
494,2024-05-17 05:09:01,51.7443,-9.31424,6.2,12.5,0,0,,2024-May-17,05:09:01
495,2024-05-17 05:10:01,51.7443,-9.31424,6.2,12.25,0,0,,2024-May-17,05:10:01
496,2024-05-17 05:11:01,51.7443,-9.31424,6.2,12.25,0,0,,2024-May-17,05:11:01
497,2024-05-17 05:12:01,51.7443,-9.31424,6.2,12.25,0,0,,2024-May-17,05:12:01
498,2024-05-17 05:13:01,51.7443,-9.31424,6.2,12.25,0,0,,2024-May-17,05:13:01
499,2024-05-17 05:14:01,51.7443,-9.31424,6.2,12.25,0,0,,2024-May-17,05:14:01
500,2024-05-17 05:15:01,51.7443,-9.31424,6.2,12.25,0,0,,2024-May-17,05:15:01
501,2024-05-17 05:16:01,51.7443,-9.31424,6.2,12.25,0,0,,2024-May-17,05:16:01
502,2024-05-17 05:17:01,51.7443,-9.31424,6.2,12.5,0,0,,2024-May-17,05:17:01
503,2024-05-17 05:18:01,51.7443,-9.31424,6.2,12.25,0,0,,2024-May-17,05:18:01
504,2024-05-17 05:19:01,51.7443,-9.31424,6.2,12.25,0,0,,2024-May-17,05:19:01
505,2024-05-17 05:20:01,51.7443,-9.31424,6.2,12.25,0,0,,2024-May-17,05:20:01
506,2024-05-17 05:21:01,51.7443,-9.31424,6.2,12.25,0,0,,2024-May-17,05:21:01
507,2024-05-17 05:22:01,51.7443,-9.31424,6.2,12.25,0,0,,2024-May-17,05:22:01
508,2024-05-17 05:23:01,51.7443,-9.31424,6.2,12.25,0,0,,2024-May-17,05:23:01
509,2024-05-17 05:24:01,51.7443,-9.31424,6.2,12.25,0,0,,2024-May-17,05:24:01
510,2024-05-17 05:25:01,51.7443,-9.31424,6.2,12.25,0,0,,2024-May-17,05:25:01
511,2024-05-17 05:26:01,51.7443,-9.31424,6.2,12.25,0,0,,2024-May-17,05:26:01
512,2024-05-17 05:27:01,51.7443,-9.31424,6.2,12.25,0,0,,2024-May-17,05:27:01
513,2024-05-17 05:28:01,51.7443,-9.31424,6.2,12.25,0,0,,2024-May-17,05:28:01
514,2024-05-17 05:29:01,51.7443,-9.31424,6.2,12.5,0,0,,2024-May-17,05:29:01
515,2024-05-17 05:30:01,51.7443,-9.31424,6.2,12.25,0,0,,2024-May-17,05:30:01
516,2024-05-17 05:31:01,51.7443,-9.31424,6.2,12.25,0,0,,2024-May-17,05:31:01
517,2024-05-17 05:32:01,51.7443,-9.31424,6.2,12.25,0,0,,2024-May-17,05:32:01
518,2024-05-17 05:33:01,51.7443,-9.31424,6.2,12.25,0,0,,2024-May-17,05:33:01
519,2024-05-17 05:34:01,51.7443,-9.31424,6.2,12.25,0,0,,2024-May-17,05:34:01
520,2024-05-17 05:35:01,51.7443,-9.31424,6.2,12.25,0,0,,2024-May-17,05:35:01
521,2024-05-17 05:36:01,51.7443,-9.31424,6.2,12.25,0,0,,2024-May-17,05:36:01
522,2024-05-17 05:37:01,51.7443,-9.31424,6.2,12.25,0,0,,2024-May-17,05:37:01
523,2024-05-17 05:38:01,51.7443,-9.31424,6.2,12.25,0,0,,2024-May-17,05:38:01
524,2024-05-17 05:39:01,51.7443,-9.31424,6.2,12.25,0,0,,2024-May-17,05:39:01
525,2024-05-17 05:40:01,51.7443,-9.31424,6.2,12.25,0,0,,2024-May-17,05:40:01
526,2024-05-17 05:41:01,51.7443,-9.31424,6.2,12.5,0,0,,2024-May-17,05:41:01
527,2024-05-17 05:42:01,51.7443,-9.31424,6.2,12.25,0,0,,2024-May-17,05:42:01
528,2024-05-17 05:43:01,51.7443,-9.31424,6.2,12.25,0,0,,2024-May-17,05:43:01
529,2024-05-17 05:44:01,51.7443,-9.31424,6.2,12.25,0,0,,2024-May-17,05:44:01
530,2024-05-17 05:45:01,51.7443,-9.31424,6.2,12.25,0,0,,2024-May-17,05:45:01
531,2024-05-17 05:46:01,51.7443,-9.31424,6.2,12.25,0,0,,2024-May-17,05:46:01
532,2024-05-17 05:47:01,51.7443,-9.31424,6.2,12.25,0,0,,2024-May-17,05:47:01
533,2024-05-17 05:48:01,51.7443,-9.31424,6.2,12.25,0,0,,2024-May-17,05:48:01
534,2024-05-17 05:49:01,51.7443,-9.31424,6.2,12.25,0,0,,2024-May-17,05:49:01
535,2024-05-17 05:50:01,51.7443,-9.31424,6.2,12.25,0,0,,2024-May-17,05:50:01
536,2024-05-17 05:51:01,51.7443,-9.31424,6.2,12.25,0,0,,2024-May-17,05:51:01
537,2024-05-17 05:52:01,51.7443,-9.31424,6.2,12.25,0,0,,2024-May-17,05:52:01
538,2024-05-17 05:53:01,51.7443,-9.31424,6.2,12.25,0,0,,2024-May-17,05:53:01
539,2024-05-17 05:54:01,51.7443,-9.31424,6.2,12.25,0,0,,2024-May-17,05:54:01
540,2024-05-17 05:55:01,51.7443,-9.31424,6.2,12.25,0,0,,2024-May-17,05:55:01
541,2024-05-17 05:56:01,51.7443,-9.31424,6.2,12.25,0,0,,2024-May-17,05:56:01
542,2024-05-17 05:57:01,51.7443,-9.31424,6.2,12.25,0,0,,2024-May-17,05:57:01
543,2024-05-17 05:58:01,51.7443,-9.31424,6.2,12.25,0,0,,2024-May-17,05:58:01
544,2024-05-17 05:59:01,51.7443,-9.31424,6.2,12.25,0,0,,2024-May-17,05:59:01
545,2024-05-17 06:00:01,51.7443,-9.31424,6.2,12.25,0,0,,2024-May-17,06:00:01
546,2024-05-17 06:01:01,51.7443,-9.31424,6.2,12.25,0,0,,2024-May-17,06:01:01
547,2024-05-17 06:02:01,51.7443,-9.31424,6.2,12.25,0,0,,2024-May-17,06:02:01
548,2024-05-17 06:03:01,51.7443,-9.31424,6.2,12.25,0,0,,2024-May-17,06:03:01
549,2024-05-17 06:04:01,51.7443,-9.31424,6.2,12.5,0,0,,2024-May-17,06:04:01
550,2024-05-17 06:05:01,51.7443,-9.31424,6.2,12.25,0,0,,2024-May-17,06:05:01
551,2024-05-17 06:06:01,51.7443,-9.31424,6.2,12.25,0,1,,2024-May-17,06:06:01
552,2024-05-17 06:07:01,51.7443,-9.31424,6.2,12.25,0,0,,2024-May-17,06:07:01
553,2024-05-17 06:08:01,51.7443,-9.31424,6.2,12.25,0,0,,2024-May-17,06:08:01
554,2024-05-17 06:09:01,51.7443,-9.31424,6.2,12.5,0,3,,2024-May-17,06:09:01
555,2024-05-17 06:10:01,51.7443,-9.31424,6.1,12.5,0,2,,2024-May-17,06:10:01
556,2024-05-17 06:11:00,51.7443,-9.31424,6.2,12.5,0,2,,2024-May-17,06:11:00
557,2024-05-17 20:57:59,51.7443,-9.31424,6.3,13.5,0,0,,2024-May-17,20:57:59
558,2024-05-17 20:58:59,51.7443,-9.31424,6.3,14,0,0,,2024-May-17,20:58:59
559,2024-05-17 20:59:59,51.7443,-9.31424,6.3,14,0,1,,2024-May-17,20:59:59
560,2024-05-17 21:00:59,51.7443,-9.31424,6.3,14,0,1,,2024-May-17,21:00:59
561,2024-05-17 21:01:59,51.7443,-9.31424,6.3,13.75,0,0,,2024-May-17,21:01:59
562,2024-05-17 21:02:59,51.7443,-9.31424,6.3,13.75,0,0,,2024-May-17,21:02:59
563,2024-05-17 21:03:59,51.7443,-9.31424,6.3,14.25,0,0,,2024-May-17,21:03:59
564,2024-05-17 21:04:59,51.7443,-9.31424,6.3,14.25,0,1,,2024-May-17,21:04:59
565,2024-05-17 21:05:59,51.7443,-9.31424,6.3,14.25,0,1,,2024-May-17,21:05:59
566,2024-05-17 21:06:59,51.7443,-9.31424,6.3,14,0,0,,2024-May-17,21:06:59
567,2024-05-17 21:07:59,51.7443,-9.31424,6.3,14,0,0,,2024-May-17,21:07:59
568,2024-05-17 21:08:59,51.7443,-9.31424,6.3,14.25,0,0,,2024-May-17,21:08:59
569,2024-05-17 21:09:59,51.7443,-9.31424,6.3,14,0,0,,2024-May-17,21:09:59
570,2024-05-17 21:10:59,51.7443,-9.31424,6.3,14,0,0,,2024-May-17,21:10:59
571,2024-05-17 21:11:59,51.7443,-9.31424,6.3,14,0,0,,2024-May-17,21:11:59
572,2024-05-17 21:12:59,51.7443,-9.31424,6.3,14.25,0,1,,2024-May-17,21:12:59
573,2024-05-17 21:13:59,51.7443,-9.31424,6.3,14.25,0,0,,2024-May-17,21:13:59
574,2024-05-17 21:14:59,51.7443,-9.31424,6.3,14.25,0,0,,2024-May-17,21:14:59
575,2024-05-17 21:15:59,51.7443,-9.31424,6.3,14.25,0,0,,2024-May-17,21:15:59
576,2024-05-17 21:16:59,51.7443,-9.31424,6.3,14,0,1,,2024-May-17,21:16:59
577,2024-05-17 21:17:59,51.7443,-9.31424,6.3,14.25,0,0,,2024-May-17,21:17:59
578,2024-05-17 21:18:59,51.7443,-9.31424,6.3,14.25,0,0,,2024-May-17,21:18:59
579,2024-05-17 21:19:59,51.7443,-9.31424,6.3,14,0,0,,2024-May-17,21:19:59
580,2024-05-17 21:20:59,51.7443,-9.31424,6.3,14.25,0,0,,2024-May-17,21:20:59
581,2024-05-17 21:21:59,51.7443,-9.31424,6.3,14.25,0,0,,2024-May-17,21:21:59
582,2024-05-17 21:22:59,51.7443,-9.31424,6.2,14.25,0,0,,2024-May-17,21:22:59
583,2024-05-17 21:23:59,51.7443,-9.31424,6.3,14,0,0,,2024-May-17,21:23:59
584,2024-05-17 21:24:59,51.7443,-9.31424,6.3,14.25,0,0,,2024-May-17,21:24:59
585,2024-05-17 21:25:59,51.7443,-9.31424,6.3,14,0,0,,2024-May-17,21:25:59
586,2024-05-17 21:26:59,51.7443,-9.31424,6.3,14.25,0,0,,2024-May-17,21:26:59
587,2024-05-17 21:27:59,51.7443,-9.31424,6.3,14.25,0,0,,2024-May-17,21:27:59
588,2024-05-17 21:28:59,51.7443,-9.31424,6.3,14,0,0,,2024-May-17,21:28:59
589,2024-05-17 21:29:59,51.7443,-9.31424,6.2,14,0,0,,2024-May-17,21:29:59
590,2024-05-17 21:30:59,51.7443,-9.31424,6.3,14,0,0,,2024-May-17,21:30:59
591,2024-05-17 21:31:59,51.7443,-9.31424,6.3,14.25,0,0,,2024-May-17,21:31:59
592,2024-05-17 21:32:59,51.7443,-9.31424,6.2,14.25,0,0,,2024-May-17,21:32:59
593,2024-05-17 21:33:59,51.7443,-9.31424,6.3,14.25,0,0,,2024-May-17,21:33:59
594,2024-05-17 21:34:59,51.7443,-9.31424,6.3,14,0,0,,2024-May-17,21:34:59
595,2024-05-17 21:35:59,51.7443,-9.31424,6.2,14,0,1,,2024-May-17,21:35:59
596,2024-05-17 21:36:59,51.7443,-9.31424,6.2,14.25,0,0,,2024-May-17,21:36:59
597,2024-05-17 21:37:59,51.7443,-9.31424,6.2,14,0,0,,2024-May-17,21:37:59
598,2024-05-17 21:38:59,51.7443,-9.31424,6.2,14.25,0,0,,2024-May-17,21:38:59
599,2024-05-17 21:39:59,51.7443,-9.31424,6.2,14,0,0,,2024-May-17,21:39:59
600,2024-05-17 21:40:59,51.7443,-9.31424,6.2,14.25,0,0,,2024-May-17,21:40:59
601,2024-05-17 21:41:59,51.7443,-9.31424,6.2,14.25,0,0,,2024-May-17,21:41:59
602,2024-05-17 21:42:59,51.7443,-9.31424,6.2,14.25,1,0,,2024-May-17,21:42:59
603,2024-05-17 21:43:59,51.7443,-9.31424,6.2,14,0,0,,2024-May-17,21:43:59
604,2024-05-17 21:44:59,51.7443,-9.31424,6.2,14.25,1,0,,2024-May-17,21:44:59
605,2024-05-17 21:45:59,51.7443,-9.31424,6.2,14,1,0,,2024-May-17,21:45:59
606,2024-05-17 21:46:59,51.7443,-9.31424,6.2,14,0,0,,2024-May-17,21:46:59
607,2024-05-17 21:47:59,51.7443,-9.31424,6.2,14.25,0,0,,2024-May-17,21:47:59
608,2024-05-17 21:48:59,51.7443,-9.31424,6.2,14,0,0,,2024-May-17,21:48:59
609,2024-05-17 21:49:59,51.7443,-9.31424,6.2,14.25,0,0,,2024-May-17,21:49:59
610,2024-05-17 21:50:59,51.7443,-9.31424,6.2,14.25,0,0,,2024-May-17,21:50:59
611,2024-05-17 21:51:59,51.7443,-9.31424,6.2,14.25,2,0,,2024-May-17,21:51:59
612,2024-05-17 21:52:59,51.7443,-9.31424,6.2,14.25,0,0,,2024-May-17,21:52:59
613,2024-05-17 21:53:59,51.7443,-9.31424,6.2,14.25,0,0,,2024-May-17,21:53:59
614,2024-05-17 21:54:59,51.7443,-9.31424,6.2,14,1,1,,2024-May-17,21:54:59
615,2024-05-17 21:55:59,51.7443,-9.31424,6.2,14,1,1,,2024-May-17,21:55:59
616,2024-05-17 21:56:59,51.7443,-9.31424,6.2,14,1,0,,2024-May-17,21:56:59
617,2024-05-17 21:57:59,51.7443,-9.31424,6.2,14,2,0,,2024-May-17,21:57:59
618,2024-05-17 21:58:59,51.7443,-9.31424,6.2,14.25,2,0,,2024-May-17,21:58:59
619,2024-05-17 21:59:59,51.7443,-9.31424,6.1,14,1,1,,2024-May-17,21:59:59
620,2024-05-17 22:00:59,51.7443,-9.31424,6.1,14,2,1,,2024-May-17,22:00:59
621,2024-05-17 22:01:59,51.7443,-9.31424,6.2,14,2,1,,2024-May-17,22:01:59
622,2024-05-17 22:02:59,51.7443,-9.31424,6.2,14,2,0,,2024-May-17,22:02:59
623,2024-05-17 22:03:59,51.7443,-9.31424,6.2,14,1,0,,2024-May-17,22:03:59
624,2024-05-17 22:04:59,51.7443,-9.31424,6.2,14,1,1,,2024-May-17,22:04:59
625,2024-05-17 22:05:59,51.7443,-9.31424,6.2,14.25,1,1,,2024-May-17,22:05:59
626,2024-05-17 22:06:59,51.7443,-9.31424,6.2,14,1,0,,2024-May-17,22:06:59
627,2024-05-17 22:07:59,51.7443,-9.31424,6.1,14.25,3,0,,2024-May-17,22:07:59
628,2024-05-17 22:08:59,51.7443,-9.31424,6.2,14,3,0,,2024-May-17,22:08:59
629,2024-05-17 22:09:59,51.7443,-9.31424,6.2,14.25,0,0,,2024-May-17,22:09:59
630,2024-05-17 22:10:59,51.7443,-9.31424,6.2,14.25,3,0,,2024-May-17,22:10:59
631,2024-05-17 22:11:59,51.7443,-9.31424,6.2,14,0,1,,2024-May-17,22:11:59
632,2024-05-17 22:12:59,51.7443,-9.31424,6.2,14,2,0,,2024-May-17,22:12:59
633,2024-05-17 22:13:59,51.7443,-9.31424,6.1,14.25,4,0,,2024-May-17,22:13:59
634,2024-05-17 22:14:59,51.7443,-9.31424,6.2,14.25,3,0,,2024-May-17,22:14:59
635,2024-05-17 22:15:59,51.7443,-9.31424,6.2,14,2,0,,2024-May-17,22:15:59
636,2024-05-17 22:16:59,51.7443,-9.31424,6.1,14,1,0,,2024-May-17,22:16:59
637,2024-05-17 22:17:59,51.7443,-9.31424,6.1,14.25,2,0,,2024-May-17,22:17:59
638,2024-05-17 22:18:59,51.7443,-9.31424,6.2,14,5,1,,2024-May-17,22:18:59
639,2024-05-17 22:19:59,51.7443,-9.31424,6.2,14,2,1,,2024-May-17,22:19:59
640,2024-05-17 22:20:59,51.7443,-9.31424,6.2,14,0,0,,2024-May-17,22:20:59
641,2024-05-17 22:21:59,51.7443,-9.31424,6.2,14.25,1,0,,2024-May-17,22:21:59
642,2024-05-17 22:22:59,51.7443,-9.31424,6.2,14.25,0,0,,2024-May-17,22:22:59
643,2024-05-17 22:23:59,51.7443,-9.31424,6.2,14.25,1,0,,2024-May-17,22:23:59
644,2024-05-17 22:24:59,51.7443,-9.31424,6.2,14,0,0,,2024-May-17,22:24:59
645,2024-05-17 22:25:59,51.7443,-9.31424,6.2,14.25,0,0,,2024-May-17,22:25:59
646,2024-05-17 22:26:59,51.7443,-9.31424,6.2,14.25,0,0,,2024-May-17,22:26:59
647,2024-05-17 22:27:59,51.7443,-9.31424,6.2,14.25,1,1,,2024-May-17,22:27:59
648,2024-05-17 22:28:59,51.7443,-9.31424,6.2,14.25,1,1,,2024-May-17,22:28:59
649,2024-05-17 22:29:59,51.7443,-9.31424,6.2,14,1,0,,2024-May-17,22:29:59
650,2024-05-17 22:30:59,51.7443,-9.31424,6.2,14.25,0,0,,2024-May-17,22:30:59
651,2024-05-17 22:31:59,51.7443,-9.31424,6.2,14,1,0,,2024-May-17,22:31:59
652,2024-05-17 22:32:59,51.7443,-9.31424,6.2,14.25,2,0,,2024-May-17,22:32:59
653,2024-05-17 22:33:59,51.7443,-9.31424,6.2,14.25,0,1,,2024-May-17,22:33:59
654,2024-05-17 22:34:59,51.7443,-9.31424,6.2,14.25,0,0,,2024-May-17,22:34:59
655,2024-05-17 22:35:59,51.7443,-9.31424,6.2,14,0,0,,2024-May-17,22:35:59
656,2024-05-17 22:36:59,51.7443,-9.31424,6.2,14.25,0,0,,2024-May-17,22:36:59
657,2024-05-17 22:37:59,51.7443,-9.31424,6.2,14.25,0,0,,2024-May-17,22:37:59
658,2024-05-17 22:38:59,51.7443,-9.31424,6.2,14,0,0,,2024-May-17,22:38:59
659,2024-05-17 22:39:59,51.7443,-9.31424,6.2,14.25,0,0,,2024-May-17,22:39:59
660,2024-05-17 22:40:59,51.7443,-9.31424,6.2,14.25,0,0,,2024-May-17,22:40:59
661,2024-05-17 22:41:59,51.7443,-9.31424,6.2,14,0,0,,2024-May-17,22:41:59
662,2024-05-17 22:42:59,51.7443,-9.31424,6.2,14,0,0,,2024-May-17,22:42:59
663,2024-05-17 22:43:59,51.7443,-9.31424,6.2,14.25,0,0,,2024-May-17,22:43:59
664,2024-05-17 22:44:59,51.7443,-9.31424,6.2,14,0,0,,2024-May-17,22:44:59
665,2024-05-17 22:45:59,51.7443,-9.31424,6.2,14,0,0,,2024-May-17,22:45:59
666,2024-05-17 22:46:59,51.7443,-9.31424,6.2,14,1,0,,2024-May-17,22:46:59
667,2024-05-17 22:47:59,51.7443,-9.31424,6.2,14.25,1,0,,2024-May-17,22:47:59
668,2024-05-17 22:48:59,51.7443,-9.31424,6.2,14,0,0,,2024-May-17,22:48:59
669,2024-05-17 22:49:59,51.7443,-9.31424,6.2,14.25,1,0,,2024-May-17,22:49:59
670,2024-05-17 22:50:59,51.7443,-9.31424,6.2,14,0,0,,2024-May-17,22:50:59
671,2024-05-17 22:51:59,51.7443,-9.31424,6.2,14,0,0,,2024-May-17,22:51:59
672,2024-05-17 22:52:59,51.7443,-9.31424,6.2,14,0,0,,2024-May-17,22:52:59
673,2024-05-17 22:53:59,51.7443,-9.31424,6.2,14.25,2,0,,2024-May-17,22:53:59
674,2024-05-17 22:54:59,51.7443,-9.31424,6.2,14,1,0,,2024-May-17,22:54:59
675,2024-05-17 22:55:59,51.7443,-9.31424,6.2,14,0,0,,2024-May-17,22:55:59
676,2024-05-17 22:56:59,51.7443,-9.31424,6.2,14,0,0,,2024-May-17,22:56:59
677,2024-05-17 22:57:59,51.7443,-9.31424,6.1,14,0,0,,2024-May-17,22:57:59
678,2024-05-17 22:58:59,51.7443,-9.31424,6.2,14.25,1,0,,2024-May-17,22:58:59
679,2024-05-17 22:59:59,51.7443,-9.31424,6.2,14.25,0,0,,2024-May-17,22:59:59
680,2024-05-17 23:00:59,51.7443,-9.31424,6.2,14.25,0,0,,2024-May-17,23:00:59
681,2024-05-17 23:01:59,51.7443,-9.31424,6.2,14.25,0,0,,2024-May-17,23:01:59
682,2024-05-17 23:02:59,51.7443,-9.31424,6.2,14,0,0,,2024-May-17,23:02:59
683,2024-05-17 23:03:59,51.7443,-9.31424,6.2,14,0,0,,2024-May-17,23:03:59
684,2024-05-17 23:04:59,51.7443,-9.31424,6.2,14,1,0,,2024-May-17,23:04:59
685,2024-05-17 23:05:59,51.7443,-9.31424,6.2,14.25,0,0,,2024-May-17,23:05:59
686,2024-05-17 23:06:59,51.7443,-9.31424,6.2,14.25,0,0,,2024-May-17,23:06:59
687,2024-05-17 23:07:59,51.7443,-9.31424,6.2,14.25,0,0,,2024-May-17,23:07:59
688,2024-05-17 23:08:59,51.7443,-9.31424,6.2,14.25,0,0,,2024-May-17,23:08:59
689,2024-05-17 23:09:59,51.7443,-9.31424,6.2,14.25,0,0,,2024-May-17,23:09:59
690,2024-05-17 23:10:59,51.7443,-9.31424,6.2,14,0,0,,2024-May-17,23:10:59
691,2024-05-17 23:11:59,51.7443,-9.31424,6.2,14.25,0,0,,2024-May-17,23:11:59
692,2024-05-17 23:12:59,51.7443,-9.31424,6.2,14.25,0,0,,2024-May-17,23:12:59
693,2024-05-17 23:13:59,51.7443,-9.31424,6.2,14,0,0,,2024-May-17,23:13:59
694,2024-05-17 23:14:59,51.7443,-9.31424,6.2,14,0,1,,2024-May-17,23:14:59
695,2024-05-17 23:15:59,51.7443,-9.31424,6.1,14.25,1,0,,2024-May-17,23:15:59
696,2024-05-17 23:16:59,51.7443,-9.31424,6.2,14,1,0,,2024-May-17,23:16:59
697,2024-05-17 23:17:59,51.7443,-9.31424,6.2,14,0,0,,2024-May-17,23:17:59
698,2024-05-17 23:18:59,51.7443,-9.31424,6.2,14,1,0,,2024-May-17,23:18:59
699,2024-05-17 23:19:59,51.7443,-9.31424,6.2,14.25,1,0,,2024-May-17,23:19:59
700,2024-05-17 23:20:59,51.7443,-9.31424,6.2,14.25,1,0,,2024-May-17,23:20:59
701,2024-05-17 23:21:59,51.7443,-9.31424,6.2,14.25,1,0,,2024-May-17,23:21:59
702,2024-05-17 23:22:59,51.7443,-9.31424,6.2,14,0,0,,2024-May-17,23:22:59
703,2024-05-17 23:23:59,51.7443,-9.31424,6.2,14,0,0,,2024-May-17,23:23:59
704,2024-05-17 23:24:59,51.7443,-9.31424,6.2,14,0,0,,2024-May-17,23:24:59
705,2024-05-17 23:25:59,51.7443,-9.31424,6.2,14.25,1,0,,2024-May-17,23:25:59
706,2024-05-17 23:26:59,51.7443,-9.31424,6.2,14,0,0,,2024-May-17,23:26:59
707,2024-05-17 23:27:59,51.7443,-9.31424,6.2,14,1,0,,2024-May-17,23:27:59
708,2024-05-17 23:28:59,51.7443,-9.31424,6.2,14.25,1,0,,2024-May-17,23:28:59
709,2024-05-17 23:29:59,51.7443,-9.31424,6.1,14.25,1,0,,2024-May-17,23:29:59
710,2024-05-17 23:30:59,51.7443,-9.31424,6.2,14,2,0,,2024-May-17,23:30:59
711,2024-05-17 23:31:59,51.7443,-9.31424,6.2,14,0,0,,2024-May-17,23:31:59
712,2024-05-17 23:32:59,51.7443,-9.31424,6.2,14.25,2,0,,2024-May-17,23:32:59
713,2024-05-17 23:33:59,51.7443,-9.31424,6.2,14.5,2,0,,2024-May-17,23:33:59
714,2024-05-17 23:34:59,51.7443,-9.31424,6.1,14.5,2,0,,2024-May-17,23:34:59
715,2024-05-17 23:35:59,51.7443,-9.31424,6.2,14,1,0,,2024-May-17,23:35:59
716,2024-05-17 23:36:59,51.7443,-9.31424,6.2,14.25,1,1,,2024-May-17,23:36:59
717,2024-05-17 23:37:59,51.7443,-9.31424,6.1,14,1,0,,2024-May-17,23:37:59
718,2024-05-17 23:38:59,51.7443,-9.31424,6.1,14.25,2,0,,2024-May-17,23:38:59
719,2024-05-17 23:39:59,51.7443,-9.31424,6.2,14.5,3,0,,2024-May-17,23:39:59
720,2024-05-17 23:40:59,51.7443,-9.31424,6.2,14.5,0,0,,2024-May-17,23:40:59
721,2024-05-17 23:41:59,51.7443,-9.31424,6.1,14.25,1,0,,2024-May-17,23:41:59
722,2024-05-17 23:42:59,51.7443,-9.31424,6.1,14.5,2,0,,2024-May-17,23:42:59
723,2024-05-17 23:43:59,51.7443,-9.31424,6.2,14.25,0,1,,2024-May-17,23:43:59
724,2024-05-17 23:44:59,51.7443,-9.31424,6.2,14.25,0,0,,2024-May-17,23:44:59
725,2024-05-17 23:45:59,51.7443,-9.31424,6.2,14.25,0,0,,2024-May-17,23:45:59
726,2024-05-17 23:46:59,51.7443,-9.31424,6.1,14,0,0,,2024-May-17,23:46:59
727,2024-05-17 23:47:59,51.7443,-9.31424,6.2,14.25,1,0,,2024-May-17,23:47:59
728,2024-05-17 23:48:59,51.7443,-9.31424,6.2,14.5,0,0,,2024-May-17,23:48:59
729,2024-05-17 23:49:59,51.7443,-9.31424,6.2,14,0,0,,2024-May-17,23:49:59
730,2024-05-17 23:50:59,51.7443,-9.31424,6.2,14,1,0,,2024-May-17,23:50:59
731,2024-05-17 23:51:59,51.7443,-9.31424,6.2,14.25,1,1,,2024-May-17,23:51:59
732,2024-05-17 23:52:59,51.7443,-9.31424,6.2,14.25,0,0,,2024-May-17,23:52:59
733,2024-05-17 23:53:59,51.7443,-9.31424,6.2,14.25,0,0,,2024-May-17,23:53:59
734,2024-05-17 23:54:59,51.7443,-9.31424,6.2,14,0,0,,2024-May-17,23:54:59
735,2024-05-17 23:55:59,51.7443,-9.31424,6.2,14,0,0,,2024-May-17,23:55:59
736,2024-05-17 23:56:59,51.7443,-9.31424,6.2,14,0,0,,2024-May-17,23:56:59
737,2024-05-17 23:57:59,51.7443,-9.31424,6.2,14,0,0,,2024-May-17,23:57:59
738,2024-05-17 23:58:59,51.7443,-9.31424,6.1,14,0,0,,2024-May-17,23:58:59
739,2024-05-17 23:59:59,51.7443,-9.31424,6.2,14,1,0,,2024-May-17,23:59:59
740,2024-05-18 00:00:59,51.7443,-9.31424,6.2,14,2,1,,2024-May-18,00:00:59
741,2024-05-18 00:01:59,51.7443,-9.31424,6.2,14.25,0,0,,2024-May-18,00:01:59
742,2024-05-18 00:02:59,51.7443,-9.31424,6.2,14,0,1,,2024-May-18,00:02:59
743,2024-05-18 00:03:59,51.7443,-9.31424,6.2,14.25,0,0,,2024-May-18,00:03:59
744,2024-05-18 00:04:59,51.7443,-9.31424,6.2,14,0,0,,2024-May-18,00:04:59
745,2024-05-18 00:05:59,51.7443,-9.31424,6.2,14,0,0,,2024-May-18,00:05:59
746,2024-05-18 00:06:59,51.7443,-9.31424,6.2,14,0,1,,2024-May-18,00:06:59
747,2024-05-18 00:07:59,51.7443,-9.31424,6.2,14,0,0,,2024-May-18,00:07:59
748,2024-05-18 00:08:59,51.7443,-9.31424,6.2,14.25,0,0,,2024-May-18,00:08:59
749,2024-05-18 00:09:59,51.7443,-9.31424,6.2,14,0,0,,2024-May-18,00:09:59
750,2024-05-18 00:10:59,51.7443,-9.31424,6.2,14,0,0,,2024-May-18,00:10:59
751,2024-05-18 00:11:59,51.7443,-9.31424,6.2,14,0,0,,2024-May-18,00:11:59
752,2024-05-18 00:12:59,51.7443,-9.31424,6.2,14.25,0,0,,2024-May-18,00:12:59
753,2024-05-18 00:13:59,51.7443,-9.31424,6.2,14.25,0,0,,2024-May-18,00:13:59
754,2024-05-18 00:14:59,51.7443,-9.31424,6.2,14,0,0,,2024-May-18,00:14:59
755,2024-05-18 00:15:59,51.7443,-9.31424,6.2,14,1,0,,2024-May-18,00:15:59
756,2024-05-18 00:16:59,51.7443,-9.31424,6.2,14.25,0,0,,2024-May-18,00:16:59
757,2024-05-18 00:17:59,51.7443,-9.31424,6.2,14,0,0,,2024-May-18,00:17:59
758,2024-05-18 00:18:59,51.7443,-9.31424,6.2,14,0,0,,2024-May-18,00:18:59
759,2024-05-18 00:19:59,51.7443,-9.31424,6.2,14.25,1,0,,2024-May-18,00:19:59
760,2024-05-18 00:20:59,51.7443,-9.31424,6.2,14,0,0,,2024-May-18,00:20:59
761,2024-05-18 00:21:59,51.7443,-9.31424,6.2,14.25,0,0,,2024-May-18,00:21:59
762,2024-05-18 00:22:59,51.7443,-9.31424,6.2,13.75,0,0,,2024-May-18,00:22:59
763,2024-05-18 00:23:59,51.7443,-9.31424,6.2,14.25,1,1,,2024-May-18,00:23:59
764,2024-05-18 00:24:59,51.7443,-9.31424,6.2,14,0,0,,2024-May-18,00:24:59
765,2024-05-18 00:25:59,51.7443,-9.31424,6.2,14,0,0,,2024-May-18,00:25:59
766,2024-05-18 00:26:59,51.7443,-9.31424,6.2,14.25,0,0,,2024-May-18,00:26:59
767,2024-05-18 00:27:59,51.7443,-9.31424,6.2,14.25,0,0,,2024-May-18,00:27:59
768,2024-05-18 00:28:59,51.7443,-9.31424,6.2,14,1,0,,2024-May-18,00:28:59
769,2024-05-18 00:29:59,51.7443,-9.31424,6.2,14.25,0,0,,2024-May-18,00:29:59
770,2024-05-18 00:30:59,51.7443,-9.31424,6.2,14,0,0,,2024-May-18,00:30:59
771,2024-05-18 00:31:59,51.7443,-9.31424,6.2,13.75,0,0,,2024-May-18,00:31:59
772,2024-05-18 00:32:59,51.7443,-9.31424,6.2,14,0,0,,2024-May-18,00:32:59
773,2024-05-18 00:33:59,51.7443,-9.31424,6.2,13.75,0,0,,2024-May-18,00:33:59
774,2024-05-18 00:34:59,51.7443,-9.31424,6.2,14,0,0,,2024-May-18,00:34:59
775,2024-05-18 00:35:59,51.7443,-9.31424,6.1,13.75,1,0,,2024-May-18,00:35:59
776,2024-05-18 00:36:59,51.7443,-9.31424,6.1,13.75,0,0,,2024-May-18,00:36:59
777,2024-05-18 00:37:59,51.7443,-9.31424,6.1,13.75,0,0,,2024-May-18,00:37:59
778,2024-05-18 00:38:59,51.7443,-9.31424,6.1,13.75,0,0,,2024-May-18,00:38:59
779,2024-05-18 00:39:59,51.7443,-9.31424,6.2,13.75,1,1,,2024-May-18,00:39:59
780,2024-05-18 00:40:59,51.7443,-9.31424,6.2,14,0,0,,2024-May-18,00:40:59
781,2024-05-18 00:41:59,51.7443,-9.31424,6.2,14,0,0,,2024-May-18,00:41:59
782,2024-05-18 00:42:59,51.7443,-9.31424,6.2,13.75,0,0,,2024-May-18,00:42:59
783,2024-05-18 00:43:59,51.7443,-9.31424,6.2,13.75,0,0,,2024-May-18,00:43:59
784,2024-05-18 00:44:59,51.7443,-9.31424,6.2,13.75,0,0,,2024-May-18,00:44:59
785,2024-05-18 00:45:59,51.7443,-9.31424,6.2,13.75,0,0,,2024-May-18,00:45:59
786,2024-05-18 00:46:59,51.7443,-9.31424,6.2,13.75,1,0,,2024-May-18,00:46:59
787,2024-05-18 00:47:59,51.7443,-9.31424,6.2,13.75,0,0,,2024-May-18,00:47:59
788,2024-05-18 00:48:59,51.7443,-9.31424,6.2,14,0,0,,2024-May-18,00:48:59
789,2024-05-18 00:49:59,51.7443,-9.31424,6.2,13.75,0,0,,2024-May-18,00:49:59
790,2024-05-18 00:50:59,51.7443,-9.31424,6.2,13.75,0,0,,2024-May-18,00:50:59
791,2024-05-18 00:51:59,51.7443,-9.31424,6.2,13.75,0,0,,2024-May-18,00:51:59
792,2024-05-18 00:52:59,51.7443,-9.31424,6.2,13.75,0,0,,2024-May-18,00:52:59
793,2024-05-18 00:53:59,51.7443,-9.31424,6.2,13.75,0,1,,2024-May-18,00:53:59
794,2024-05-18 00:54:59,51.7443,-9.31424,6.2,14,0,0,,2024-May-18,00:54:59
795,2024-05-18 00:55:59,51.7443,-9.31424,6.2,14,1,0,,2024-May-18,00:55:59
796,2024-05-18 00:56:59,51.7443,-9.31424,6.2,13.75,0,0,,2024-May-18,00:56:59
797,2024-05-18 00:57:59,51.7443,-9.31424,6.1,14,0,0,,2024-May-18,00:57:59
798,2024-05-18 00:58:59,51.7443,-9.31424,6.2,14,0,0,,2024-May-18,00:58:59
799,2024-05-18 00:59:59,51.7443,-9.31424,6.2,13.75,1,0,,2024-May-18,00:59:59
800,2024-05-18 01:00:59,51.7443,-9.31424,6.1,13.75,0,0,,2024-May-18,01:00:59
801,2024-05-18 01:01:59,51.7443,-9.31424,6.2,14,0,0,,2024-May-18,01:01:59
802,2024-05-18 01:02:59,51.7443,-9.31424,6.1,13.75,0,0,,2024-May-18,01:02:59
803,2024-05-18 01:03:59,51.7443,-9.31424,6.1,14,0,0,,2024-May-18,01:03:59
804,2024-05-18 01:04:59,51.7443,-9.31424,6.1,14,0,0,,2024-May-18,01:04:59
805,2024-05-18 01:05:59,51.7443,-9.31424,6.1,14,0,0,,2024-May-18,01:05:59
806,2024-05-18 01:06:59,51.7443,-9.31424,6.2,13.75,0,0,,2024-May-18,01:06:59
807,2024-05-18 01:07:59,51.7443,-9.31424,6.2,13.75,0,0,,2024-May-18,01:07:59
808,2024-05-18 01:08:59,51.7443,-9.31424,6.1,13.5,0,0,,2024-May-18,01:08:59
809,2024-05-18 01:09:59,51.7443,-9.31424,6.1,14,0,0,,2024-May-18,01:09:59
810,2024-05-18 01:10:59,51.7443,-9.31424,6.1,13.75,0,0,,2024-May-18,01:10:59
811,2024-05-18 01:11:59,51.7443,-9.31424,6.2,13.75,0,0,,2024-May-18,01:11:59
812,2024-05-18 01:12:59,51.7443,-9.31424,6.1,13.75,0,0,,2024-May-18,01:12:59
813,2024-05-18 01:13:59,51.7443,-9.31424,6.1,13.75,0,0,,2024-May-18,01:13:59
814,2024-05-18 01:14:59,51.7443,-9.31424,6.1,13.75,0,0,,2024-May-18,01:14:59
815,2024-05-18 01:15:59,51.7443,-9.31424,6.1,13.75,0,0,,2024-May-18,01:15:59
816,2024-05-18 01:16:59,51.7443,-9.31424,6.1,13.75,0,0,,2024-May-18,01:16:59
817,2024-05-18 01:17:59,51.7443,-9.31424,6.1,13.5,0,0,,2024-May-18,01:17:59
818,2024-05-18 01:18:59,51.7443,-9.31424,6.1,13.5,0,0,,2024-May-18,01:18:59
819,2024-05-18 01:19:59,51.7443,-9.31424,6.1,13.75,0,0,,2024-May-18,01:19:59
820,2024-05-18 01:20:59,51.7443,-9.31424,6.1,13.5,0,0,,2024-May-18,01:20:59
821,2024-05-18 01:21:59,51.7443,-9.31424,6.1,13.5,0,0,,2024-May-18,01:21:59
822,2024-05-18 01:22:59,51.7443,-9.31424,6.1,13.75,0,0,,2024-May-18,01:22:59
823,2024-05-18 01:23:59,51.7443,-9.31424,6.1,13.75,0,0,,2024-May-18,01:23:59
824,2024-05-18 01:24:59,51.7443,-9.31424,6.2,13.75,0,0,,2024-May-18,01:24:59
825,2024-05-18 01:25:59,51.7443,-9.31424,6.1,13.75,0,0,,2024-May-18,01:25:59
826,2024-05-18 01:26:59,51.7443,-9.31424,6.1,13.75,0,0,,2024-May-18,01:26:59
827,2024-05-18 01:27:59,51.7443,-9.31424,6.1,13.5,0,0,,2024-May-18,01:27:59
828,2024-05-18 01:28:59,51.7443,-9.31424,6.1,13.5,0,0,,2024-May-18,01:28:59
829,2024-05-18 01:29:59,51.7443,-9.31424,6.1,13.5,0,0,,2024-May-18,01:29:59
830,2024-05-18 01:30:59,51.7443,-9.31424,6.1,13.75,0,0,,2024-May-18,01:30:59
831,2024-05-18 01:31:59,51.7443,-9.31424,6.1,13.5,0,0,,2024-May-18,01:31:59
832,2024-05-18 01:32:59,51.7443,-9.31424,6.1,13.75,0,0,,2024-May-18,01:32:59
833,2024-05-18 01:33:59,51.7443,-9.31424,6.1,13.5,0,0,,2024-May-18,01:33:59
834,2024-05-18 01:34:59,51.7443,-9.31424,6.1,13.75,0,0,,2024-May-18,01:34:59
835,2024-05-18 01:35:59,51.7443,-9.31424,6.1,13.5,1,0,,2024-May-18,01:35:59
836,2024-05-18 01:36:59,51.7443,-9.31424,6.1,13.5,0,0,,2024-May-18,01:36:59
837,2024-05-18 01:37:59,51.7443,-9.31424,6.1,13.5,0,0,,2024-May-18,01:37:59
838,2024-05-18 01:38:59,51.7443,-9.31424,6.1,13.5,0,0,,2024-May-18,01:38:59
839,2024-05-18 01:39:59,51.7443,-9.31424,6.1,13.5,0,0,,2024-May-18,01:39:59
840,2024-05-18 01:40:59,51.7443,-9.31424,6.1,13.5,0,0,,2024-May-18,01:40:59
841,2024-05-18 01:41:59,51.7443,-9.31424,6.1,13.75,0,0,,2024-May-18,01:41:59
842,2024-05-18 01:42:59,51.7443,-9.31424,6.1,13.75,0,0,,2024-May-18,01:42:59
843,2024-05-18 01:43:59,51.7443,-9.31424,6.1,13.5,0,0,,2024-May-18,01:43:59
844,2024-05-18 01:44:59,51.7443,-9.31424,6.1,13.5,0,0,,2024-May-18,01:44:59
845,2024-05-18 01:45:59,51.7443,-9.31424,6.1,13.5,0,0,,2024-May-18,01:45:59
846,2024-05-18 01:46:59,51.7443,-9.31424,6.1,13.5,0,0,,2024-May-18,01:46:59
847,2024-05-18 01:47:59,51.7443,-9.31424,6.1,13.75,0,0,,2024-May-18,01:47:59
848,2024-05-18 01:48:59,51.7443,-9.31424,6.1,13.5,0,0,,2024-May-18,01:48:59
849,2024-05-18 01:49:59,51.7443,-9.31424,6.1,13.5,0,0,,2024-May-18,01:49:59
850,2024-05-18 01:50:59,51.7443,-9.31424,6.1,13.5,0,0,,2024-May-18,01:50:59
851,2024-05-18 01:51:59,51.7443,-9.31424,6.1,13.5,0,0,,2024-May-18,01:51:59
852,2024-05-18 01:52:59,51.7443,-9.31424,6.1,13.5,1,0,,2024-May-18,01:52:59
853,2024-05-18 01:53:59,51.7443,-9.31424,6.1,13.5,1,0,,2024-May-18,01:53:59
854,2024-05-18 01:54:59,51.7443,-9.31424,6.1,13.5,0,0,,2024-May-18,01:54:59
855,2024-05-18 01:55:59,51.7443,-9.31424,6.1,13.5,1,0,,2024-May-18,01:55:59
856,2024-05-18 01:56:59,51.7443,-9.31424,6.1,13.75,1,0,,2024-May-18,01:56:59
857,2024-05-18 01:57:59,51.7443,-9.31424,6.1,13.75,0,0,,2024-May-18,01:57:59
858,2024-05-18 01:58:59,51.7443,-9.31424,6.1,13.5,0,0,,2024-May-18,01:58:59
859,2024-05-18 01:59:59,51.7443,-9.31424,6.1,13.5,0,0,,2024-May-18,01:59:59
860,2024-05-18 02:00:59,51.7443,-9.31424,6.1,13.5,0,0,,2024-May-18,02:00:59
861,2024-05-18 02:01:59,51.7443,-9.31424,6.1,13.5,0,0,,2024-May-18,02:01:59
862,2024-05-18 02:02:59,51.7443,-9.31424,6.1,13.5,0,0,,2024-May-18,02:02:59
863,2024-05-18 02:03:59,51.7443,-9.31424,6.1,13.5,0,0,,2024-May-18,02:03:59
864,2024-05-18 02:04:59,51.7443,-9.31424,6.1,13.5,0,0,,2024-May-18,02:04:59
865,2024-05-18 02:05:59,51.7443,-9.31424,6.1,13.25,0,0,,2024-May-18,02:05:59
866,2024-05-18 02:06:59,51.7443,-9.31424,6.1,13.5,0,0,,2024-May-18,02:06:59
867,2024-05-18 02:07:59,51.7443,-9.31424,6.1,13.25,0,0,,2024-May-18,02:07:59
868,2024-05-18 02:09:01,51.7443,-9.31424,6.1,13.25,1,0,,2024-May-18,02:09:01
869,2024-05-18 02:10:01,51.7443,-9.31424,6.1,13.5,0,0,,2024-May-18,02:10:01
870,2024-05-18 02:11:01,51.7443,-9.31424,6.1,13.5,2,0,,2024-May-18,02:11:01
871,2024-05-18 02:12:01,51.7443,-9.31424,6.1,13.25,0,0,,2024-May-18,02:12:01
872,2024-05-18 02:13:01,51.7443,-9.31424,6.1,13.5,0,0,,2024-May-18,02:13:01
873,2024-05-18 02:14:01,51.7443,-9.31424,6.1,13.25,0,0,,2024-May-18,02:14:01
874,2024-05-18 02:15:01,51.7443,-9.31424,6.1,13.5,0,0,,2024-May-18,02:15:01
875,2024-05-18 02:16:01,51.7443,-9.31424,6.1,13.25,0,0,,2024-May-18,02:16:01
876,2024-05-18 02:17:01,51.7443,-9.31424,6.1,13.25,0,0,,2024-May-18,02:17:01
877,2024-05-18 02:18:01,51.7443,-9.31424,6.1,13.25,0,0,,2024-May-18,02:18:01
878,2024-05-18 02:19:01,51.7443,-9.31424,6.1,13.25,0,0,,2024-May-18,02:19:01
879,2024-05-18 02:20:01,51.7443,-9.31424,6.1,13.25,0,0,,2024-May-18,02:20:01
880,2024-05-18 02:21:01,51.7443,-9.31424,6.1,13.25,0,0,,2024-May-18,02:21:01
881,2024-05-18 02:22:01,51.7443,-9.31424,6.1,13.25,0,0,,2024-May-18,02:22:01
882,2024-05-18 02:23:01,51.7443,-9.31424,6.1,13.25,1,0,,2024-May-18,02:23:01
883,2024-05-18 02:24:01,51.7443,-9.31424,6.1,13.25,0,0,,2024-May-18,02:24:01
884,2024-05-18 02:25:01,51.7443,-9.31424,6.1,13.25,1,0,,2024-May-18,02:25:01
885,2024-05-18 02:26:01,51.7443,-9.31424,6.1,13.25,2,0,,2024-May-18,02:26:01
886,2024-05-18 02:27:01,51.7443,-9.31424,6.1,13.25,1,0,,2024-May-18,02:27:01
887,2024-05-18 02:28:01,51.7443,-9.31424,6.1,13.5,1,0,,2024-May-18,02:28:01
888,2024-05-18 02:29:01,51.7443,-9.31424,6,13.25,3,1,,2024-May-18,02:29:01
889,2024-05-18 02:30:01,51.7443,-9.31424,6,13.25,0,1,,2024-May-18,02:30:01
890,2024-05-18 02:31:01,51.7443,-9.31424,6.1,13.25,1,0,,2024-May-18,02:31:01
891,2024-05-18 02:32:01,51.7443,-9.31424,6.1,13.25,1,0,,2024-May-18,02:32:01
892,2024-05-18 02:33:01,51.7443,-9.31424,6.1,13.25,0,0,,2024-May-18,02:33:01
893,2024-05-18 02:34:01,51.7443,-9.31424,6.1,13.5,0,0,,2024-May-18,02:34:01
894,2024-05-18 02:35:01,51.7443,-9.31424,6.1,13.25,0,0,,2024-May-18,02:35:01
895,2024-05-18 02:36:01,51.7443,-9.31424,6.1,13.25,0,0,,2024-May-18,02:36:01
896,2024-05-18 02:37:01,51.7443,-9.31424,6.1,13.25,0,0,,2024-May-18,02:37:01
897,2024-05-18 02:38:01,51.7443,-9.31424,6.1,13.25,0,0,,2024-May-18,02:38:01
898,2024-05-18 02:39:01,51.7443,-9.31424,6.1,13.25,0,0,,2024-May-18,02:39:01
899,2024-05-18 02:40:01,51.7443,-9.31424,6.1,13.25,0,0,,2024-May-18,02:40:01
900,2024-05-18 02:41:01,51.7443,-9.31424,6.1,13,0,0,,2024-May-18,02:41:01
901,2024-05-18 02:42:01,51.7443,-9.31424,6.1,13.25,0,0,,2024-May-18,02:42:01
902,2024-05-18 02:43:01,51.7443,-9.31424,6.1,13.5,0,0,,2024-May-18,02:43:01
903,2024-05-18 02:44:01,51.7443,-9.31424,6.1,13.25,0,0,,2024-May-18,02:44:01
904,2024-05-18 02:45:01,51.7443,-9.31424,6.1,13.25,0,0,,2024-May-18,02:45:01
905,2024-05-18 02:46:01,51.7443,-9.31424,6.1,13.25,0,0,,2024-May-18,02:46:01
906,2024-05-18 02:47:01,51.7443,-9.31424,6.1,13.25,0,0,,2024-May-18,02:47:01
907,2024-05-18 02:48:01,51.7443,-9.31424,6.1,13,0,0,,2024-May-18,02:48:01
908,2024-05-18 02:49:01,51.7443,-9.31424,6.1,13.25,0,0,,2024-May-18,02:49:01
909,2024-05-18 02:50:01,51.7443,-9.31424,6.1,13.25,0,0,,2024-May-18,02:50:01
910,2024-05-18 02:51:01,51.7443,-9.31424,6.1,13.25,0,0,,2024-May-18,02:51:01
911,2024-05-18 02:52:01,51.7443,-9.31424,6.1,13.25,0,0,,2024-May-18,02:52:01
912,2024-05-18 02:53:01,51.7443,-9.31424,6.1,13.25,0,0,,2024-May-18,02:53:01
913,2024-05-18 02:54:01,51.7443,-9.31424,6.1,13.25,0,0,,2024-May-18,02:54:01
914,2024-05-18 02:55:01,51.7443,-9.31424,6.1,13.25,0,0,,2024-May-18,02:55:01
915,2024-05-18 02:56:01,51.7443,-9.31424,6.1,13.25,0,0,,2024-May-18,02:56:01
916,2024-05-18 02:57:01,51.7443,-9.31424,6.1,13.25,0,0,,2024-May-18,02:57:01
917,2024-05-18 02:58:01,51.7443,-9.31424,6.1,13.25,0,0,,2024-May-18,02:58:01
918,2024-05-18 02:59:01,51.7443,-9.31424,6.1,13.25,1,0,,2024-May-18,02:59:01
919,2024-05-18 03:00:01,51.7443,-9.31424,6.1,13.25,1,1,,2024-May-18,03:00:01
920,2024-05-18 03:01:01,51.7443,-9.31424,6.1,13.25,0,0,,2024-May-18,03:01:01
921,2024-05-18 03:02:01,51.7443,-9.31424,6.1,13.25,0,0,,2024-May-18,03:02:01
922,2024-05-18 03:03:01,51.7443,-9.31424,6.1,13.25,0,0,,2024-May-18,03:03:01
923,2024-05-18 03:04:01,51.7443,-9.31424,6.1,13.25,0,0,,2024-May-18,03:04:01
924,2024-05-18 03:05:01,51.7443,-9.31424,6.1,13.25,0,0,,2024-May-18,03:05:01
925,2024-05-18 03:06:01,51.7443,-9.31424,6.1,13.25,0,0,,2024-May-18,03:06:01
926,2024-05-18 03:07:01,51.7443,-9.31424,6.1,13.5,1,0,,2024-May-18,03:07:01
927,2024-05-18 03:08:01,51.7443,-9.31424,6.1,13,0,0,,2024-May-18,03:08:01
928,2024-05-18 03:09:01,51.7443,-9.31424,6.1,13.25,1,0,,2024-May-18,03:09:01
929,2024-05-18 03:10:01,51.7443,-9.31424,6.1,13.25,0,0,,2024-May-18,03:10:01
930,2024-05-18 03:11:01,51.7443,-9.31424,6.1,13.25,0,0,,2024-May-18,03:11:01
931,2024-05-18 03:12:01,51.7443,-9.31424,6.1,13.25,0,0,,2024-May-18,03:12:01
932,2024-05-18 03:13:01,51.7443,-9.31424,6.1,13.25,0,0,,2024-May-18,03:13:01
933,2024-05-18 03:14:01,51.7443,-9.31424,6.1,13.25,0,0,,2024-May-18,03:14:01
934,2024-05-18 03:15:01,51.7443,-9.31424,6.1,13.25,0,0,,2024-May-18,03:15:01
935,2024-05-18 03:16:01,51.7443,-9.31424,6.1,13,0,0,,2024-May-18,03:16:01
936,2024-05-18 03:17:01,51.7443,-9.31424,6.1,13.25,0,0,,2024-May-18,03:17:01
937,2024-05-18 03:18:01,51.7443,-9.31424,6.1,13.25,0,0,,2024-May-18,03:18:01
938,2024-05-18 03:19:01,51.7443,-9.31424,6.1,13.25,0,0,,2024-May-18,03:19:01
939,2024-05-18 03:20:01,51.7443,-9.31424,6.1,13.25,0,0,,2024-May-18,03:20:01
940,2024-05-18 03:21:01,51.7443,-9.31424,6.1,13.25,0,0,,2024-May-18,03:21:01
941,2024-05-18 03:22:01,51.7443,-9.31424,6.1,13,0,0,,2024-May-18,03:22:01
942,2024-05-18 03:23:01,51.7443,-9.31424,6.1,13.25,0,0,,2024-May-18,03:23:01
943,2024-05-18 03:24:01,51.7443,-9.31424,6.1,13,0,0,,2024-May-18,03:24:01
944,2024-05-18 03:25:01,51.7443,-9.31424,6.1,13.25,0,0,,2024-May-18,03:25:01
945,2024-05-18 03:26:01,51.7443,-9.31424,6.1,13.25,0,0,,2024-May-18,03:26:01
946,2024-05-18 03:27:01,51.7443,-9.31424,6.1,13,0,0,,2024-May-18,03:27:01
947,2024-05-18 03:28:01,51.7443,-9.31424,6.1,13.25,0,0,,2024-May-18,03:28:01
948,2024-05-18 03:29:01,51.7443,-9.31424,6.1,13,0,0,,2024-May-18,03:29:01
949,2024-05-18 03:30:01,51.7443,-9.31424,6.1,13,0,0,,2024-May-18,03:30:01
950,2024-05-18 03:31:01,51.7443,-9.31424,6.1,13,0,0,,2024-May-18,03:31:01
951,2024-05-18 03:32:01,51.7443,-9.31424,6.1,13,0,0,,2024-May-18,03:32:01
952,2024-05-18 03:33:01,51.7443,-9.31424,6.1,13,0,0,,2024-May-18,03:33:01
953,2024-05-18 03:34:01,51.7443,-9.31424,6.1,13,0,0,,2024-May-18,03:34:01
954,2024-05-18 03:35:01,51.7443,-9.31424,6.1,13,0,0,,2024-May-18,03:35:01
955,2024-05-18 03:36:01,51.7443,-9.31424,6.1,13,0,0,,2024-May-18,03:36:01
956,2024-05-18 03:37:01,51.7443,-9.31424,6.1,13,0,0,,2024-May-18,03:37:01
957,2024-05-18 03:38:01,51.7443,-9.31424,6.1,13,0,0,,2024-May-18,03:38:01
958,2024-05-18 03:39:01,51.7443,-9.31424,6.1,13,0,0,,2024-May-18,03:39:01
959,2024-05-18 03:40:01,51.7443,-9.31424,6.1,13,0,0,,2024-May-18,03:40:01
960,2024-05-18 03:41:01,51.7443,-9.31424,6.1,13,0,0,,2024-May-18,03:41:01
961,2024-05-18 03:42:01,51.7443,-9.31424,6.1,13.25,0,0,,2024-May-18,03:42:01
962,2024-05-18 03:43:01,51.7443,-9.31424,6.1,13,0,0,,2024-May-18,03:43:01
963,2024-05-18 03:44:01,51.7443,-9.31424,6.1,13,0,0,,2024-May-18,03:44:01
964,2024-05-18 03:45:01,51.7443,-9.31424,6.1,13,0,0,,2024-May-18,03:45:01
965,2024-05-18 03:46:01,51.7443,-9.31424,6.1,13.25,0,0,,2024-May-18,03:46:01
966,2024-05-18 03:47:01,51.7443,-9.31424,6.1,13,0,0,,2024-May-18,03:47:01
967,2024-05-18 03:48:01,51.7443,-9.31424,6.1,13.25,0,0,,2024-May-18,03:48:01
968,2024-05-18 03:49:01,51.7443,-9.31424,6.1,13,0,0,,2024-May-18,03:49:01
969,2024-05-18 03:50:01,51.7443,-9.31424,6.1,13,0,0,,2024-May-18,03:50:01
970,2024-05-18 03:51:01,51.7443,-9.31424,6.1,13,0,0,,2024-May-18,03:51:01
971,2024-05-18 03:52:01,51.7443,-9.31424,6.1,13,0,0,,2024-May-18,03:52:01
972,2024-05-18 03:53:01,51.7443,-9.31424,6.1,13,0,0,,2024-May-18,03:53:01
973,2024-05-18 03:54:01,51.7443,-9.31424,6.1,13,0,0,,2024-May-18,03:54:01
974,2024-05-18 03:55:01,51.7443,-9.31424,6.1,13,2,1,,2024-May-18,03:55:01
975,2024-05-18 03:56:01,51.7443,-9.31424,6.1,13,0,0,,2024-May-18,03:56:01
976,2024-05-18 03:57:01,51.7443,-9.31424,6.1,13,3,0,,2024-May-18,03:57:01
977,2024-05-18 03:58:01,51.7443,-9.31424,6.1,13,0,0,,2024-May-18,03:58:01
978,2024-05-18 03:59:01,51.7443,-9.31424,6.1,13,0,0,,2024-May-18,03:59:01
979,2024-05-18 04:00:01,51.7443,-9.31424,6.1,13,0,0,,2024-May-18,04:00:01
980,2024-05-18 04:01:01,51.7443,-9.31424,6.1,13,1,0,,2024-May-18,04:01:01
981,2024-05-18 04:02:01,51.7443,-9.31424,6.1,12.75,0,0,,2024-May-18,04:02:01
982,2024-05-18 04:03:01,51.7443,-9.31424,6.1,13,0,0,,2024-May-18,04:03:01
983,2024-05-18 04:04:01,51.7443,-9.31424,6.1,13,0,0,,2024-May-18,04:04:01
984,2024-05-18 04:05:01,51.7443,-9.31424,6.1,12.75,0,0,,2024-May-18,04:05:01
985,2024-05-18 04:06:01,51.7443,-9.31424,6.1,13,0,0,,2024-May-18,04:06:01
986,2024-05-18 04:07:01,51.7443,-9.31424,6.1,13,0,0,,2024-May-18,04:07:01
987,2024-05-18 04:08:01,51.7443,-9.31424,6.1,13,0,0,,2024-May-18,04:08:01
988,2024-05-18 04:09:01,51.7443,-9.31424,6.1,13,0,0,,2024-May-18,04:09:01
989,2024-05-18 04:10:01,51.7443,-9.31424,6.1,12.75,0,0,,2024-May-18,04:10:01
990,2024-05-18 04:11:01,51.7443,-9.31424,6.1,13,0,0,,2024-May-18,04:11:01
991,2024-05-18 04:12:01,51.7443,-9.31424,6.1,13,0,0,,2024-May-18,04:12:01
992,2024-05-18 04:13:01,51.7443,-9.31424,6.1,12.75,0,0,,2024-May-18,04:13:01
993,2024-05-18 04:14:01,51.7443,-9.31424,6.1,12.75,0,0,,2024-May-18,04:14:01
994,2024-05-18 04:15:01,51.7443,-9.31424,6.1,12.75,0,0,,2024-May-18,04:15:01
995,2024-05-18 04:16:01,51.7443,-9.31424,6.1,13,0,0,,2024-May-18,04:16:01
996,2024-05-18 04:17:01,51.7443,-9.31424,6.1,13,0,0,,2024-May-18,04:17:01
997,2024-05-18 04:18:01,51.7443,-9.31424,6.1,12.75,0,0,,2024-May-18,04:18:01
998,2024-05-18 04:19:01,51.7443,-9.31424,6.1,13,0,0,,2024-May-18,04:19:01
999,2024-05-18 04:20:01,51.7443,-9.31424,6.1,13,0,0,,2024-May-18,04:20:01
1000,2024-05-18 04:21:01,51.7443,-9.31424,6.1,13,0,0,,2024-May-18,04:21:01
1001,2024-05-18 04:22:01,51.7443,-9.31424,6.1,12.75,0,0,,2024-May-18,04:22:01
1002,2024-05-18 04:23:01,51.7443,-9.31424,6.1,13,0,0,,2024-May-18,04:23:01
1003,2024-05-18 04:24:01,51.7443,-9.31424,6.1,12.75,0,0,,2024-May-18,04:24:01
1004,2024-05-18 04:25:01,51.7443,-9.31424,6.1,12.75,0,0,,2024-May-18,04:25:01
1005,2024-05-18 04:26:01,51.7443,-9.31424,6.1,12.75,0,0,,2024-May-18,04:26:01
1006,2024-05-18 04:27:01,51.7443,-9.31424,6.1,13,0,0,,2024-May-18,04:27:01
1007,2024-05-18 04:28:01,51.7443,-9.31424,6.1,13,0,0,,2024-May-18,04:28:01
1008,2024-05-18 04:29:01,51.7443,-9.31424,6.1,13,0,0,,2024-May-18,04:29:01
1009,2024-05-18 04:30:01,51.7443,-9.31424,6.1,12.75,1,0,,2024-May-18,04:30:01
1010,2024-05-18 04:31:01,51.7443,-9.31424,6.1,13,0,0,,2024-May-18,04:31:01
1011,2024-05-18 04:32:01,51.7443,-9.31424,6.1,13,0,0,,2024-May-18,04:32:01
1012,2024-05-18 04:33:01,51.7443,-9.31424,6.1,12.75,0,0,,2024-May-18,04:33:01
1013,2024-05-18 04:34:01,51.7443,-9.31424,6.1,13,0,0,,2024-May-18,04:34:01
1014,2024-05-18 04:35:01,51.7443,-9.31424,6.1,12.75,0,0,,2024-May-18,04:35:01
1015,2024-05-18 04:36:01,51.7443,-9.31424,6.1,12.75,0,0,,2024-May-18,04:36:01
1016,2024-05-18 04:37:01,51.7443,-9.31424,6.1,12.75,0,0,,2024-May-18,04:37:01
1017,2024-05-18 04:38:01,51.7443,-9.31424,6.1,13,0,0,,2024-May-18,04:38:01
1018,2024-05-18 04:39:01,51.7443,-9.31424,6.1,12.75,0,0,,2024-May-18,04:39:01
1019,2024-05-18 04:40:01,51.7443,-9.31424,6.1,12.75,0,0,,2024-May-18,04:40:01
1020,2024-05-18 04:41:01,51.7443,-9.31424,6.1,12.75,0,0,,2024-May-18,04:41:01
1021,2024-05-18 04:42:01,51.7443,-9.31424,6.1,12.75,0,0,,2024-May-18,04:42:01
1022,2024-05-18 04:43:01,51.7443,-9.31424,6.1,12.75,0,0,,2024-May-18,04:43:01
1023,2024-05-18 04:44:01,51.7443,-9.31424,6.1,12.75,0,0,,2024-May-18,04:44:01
1024,2024-05-18 04:45:01,51.7443,-9.31424,6.1,13,0,0,,2024-May-18,04:45:01
1025,2024-05-18 04:46:01,51.7443,-9.31424,6.1,13,0,0,,2024-May-18,04:46:01
1026,2024-05-18 04:47:01,51.7443,-9.31424,6.1,12.75,0,0,,2024-May-18,04:47:01
1027,2024-05-18 04:48:01,51.7443,-9.31424,6.1,12.75,0,0,,2024-May-18,04:48:01
1028,2024-05-18 04:49:01,51.7443,-9.31424,6.1,12.75,0,0,,2024-May-18,04:49:01
1029,2024-05-18 04:50:01,51.7443,-9.31424,6.1,12.75,0,0,,2024-May-18,04:50:01
1030,2024-05-18 04:51:01,51.7443,-9.31424,6.1,12.75,0,0,,2024-May-18,04:51:01
1031,2024-05-18 04:52:01,51.7443,-9.31424,6.1,12.75,0,0,,2024-May-18,04:52:01
1032,2024-05-18 04:53:01,51.7443,-9.31424,6.1,12.75,0,0,,2024-May-18,04:53:01
1033,2024-05-18 04:54:01,51.7443,-9.31424,6.1,12.5,0,0,,2024-May-18,04:54:01
1034,2024-05-18 04:55:01,51.7443,-9.31424,6.1,12.75,0,0,,2024-May-18,04:55:01
1035,2024-05-18 04:56:01,51.7443,-9.31424,6.1,12.75,0,0,,2024-May-18,04:56:01
1036,2024-05-18 04:57:01,51.7443,-9.31424,6.1,12.75,0,1,,2024-May-18,04:57:01
1037,2024-05-18 04:58:01,51.7443,-9.31424,6.1,12.75,0,0,,2024-May-18,04:58:01
1038,2024-05-18 04:59:01,51.7443,-9.31424,6.1,12.75,0,0,,2024-May-18,04:59:01
1039,2024-05-18 05:00:01,51.7443,-9.31424,6.1,12.5,0,0,,2024-May-18,05:00:01
1040,2024-05-18 05:01:01,51.7443,-9.31424,6.1,12.75,0,0,,2024-May-18,05:01:01
1041,2024-05-18 05:02:01,51.7443,-9.31424,6.1,12.75,2,0,,2024-May-18,05:02:01
1042,2024-05-18 05:03:01,51.7443,-9.31424,6.1,12.75,0,0,,2024-May-18,05:03:01
1043,2024-05-18 05:04:01,51.7443,-9.31424,6.1,12.75,0,0,,2024-May-18,05:04:01
1044,2024-05-18 05:05:01,51.7443,-9.31424,6.1,12.75,0,0,,2024-May-18,05:05:01
1045,2024-05-18 05:06:01,51.7443,-9.31424,6.1,12.75,0,0,,2024-May-18,05:06:01
1046,2024-05-18 05:07:01,51.7443,-9.31424,6.1,12.5,0,0,,2024-May-18,05:07:01
1047,2024-05-18 05:08:01,51.7443,-9.31424,6.1,12.5,0,0,,2024-May-18,05:08:01
1048,2024-05-18 05:09:01,51.7443,-9.31424,6.1,12.75,0,0,,2024-May-18,05:09:01
1049,2024-05-18 05:10:01,51.7443,-9.31424,6.1,12.75,0,0,,2024-May-18,05:10:01
1050,2024-05-18 05:11:01,51.7443,-9.31424,6.1,12.5,0,0,,2024-May-18,05:11:01
1051,2024-05-18 05:12:01,51.7443,-9.31424,6.1,12.5,0,0,,2024-May-18,05:12:01
1052,2024-05-18 05:13:01,51.7443,-9.31424,6.1,12.5,0,0,,2024-May-18,05:13:01
1053,2024-05-18 05:14:01,51.7443,-9.31424,6.1,12.5,0,0,,2024-May-18,05:14:01
1054,2024-05-18 05:15:01,51.7443,-9.31424,6.1,12.5,0,0,,2024-May-18,05:15:01
1055,2024-05-18 05:16:01,51.7443,-9.31424,6.1,12.5,0,0,,2024-May-18,05:16:01
1056,2024-05-18 05:17:01,51.7443,-9.31424,6.1,12.5,0,0,,2024-May-18,05:17:01
1057,2024-05-18 05:18:01,51.7443,-9.31424,6.1,12.5,0,0,,2024-May-18,05:18:01
1058,2024-05-18 05:19:01,51.7443,-9.31424,6.1,12.5,0,0,,2024-May-18,05:19:01
1059,2024-05-18 05:20:01,51.7443,-9.31424,6.1,12.5,0,0,,2024-May-18,05:20:01
1060,2024-05-18 05:21:01,51.7443,-9.31424,6.1,12.5,0,0,,2024-May-18,05:21:01
1061,2024-05-18 05:22:01,51.7443,-9.31424,6.1,12.5,0,0,,2024-May-18,05:22:01
1062,2024-05-18 05:23:01,51.7443,-9.31424,6.1,12.5,0,0,,2024-May-18,05:23:01
1063,2024-05-18 05:24:01,51.7443,-9.31424,6.1,12.5,0,0,,2024-May-18,05:24:01
1064,2024-05-18 05:25:01,51.7443,-9.31424,6.1,12.5,0,0,,2024-May-18,05:25:01
1065,2024-05-18 05:26:01,51.7443,-9.31424,6.1,12.5,0,0,,2024-May-18,05:26:01
1066,2024-05-18 05:27:01,51.7443,-9.31424,6.1,12.5,0,0,,2024-May-18,05:27:01
1067,2024-05-18 05:28:01,51.7443,-9.31424,6.1,12.5,0,0,,2024-May-18,05:28:01
1068,2024-05-18 05:29:01,51.7443,-9.31424,6.1,12.5,0,0,,2024-May-18,05:29:01
1069,2024-05-18 05:30:01,51.7443,-9.31424,6.1,12.5,0,0,,2024-May-18,05:30:01
1070,2024-05-18 05:31:01,51.7443,-9.31424,6.1,12.5,0,0,,2024-May-18,05:31:01
1071,2024-05-18 05:32:01,51.7443,-9.31424,6.1,12.5,0,0,,2024-May-18,05:32:01
1072,2024-05-18 05:33:01,51.7443,-9.31424,6.1,12.25,0,0,,2024-May-18,05:33:01
1073,2024-05-18 05:34:01,51.7443,-9.31424,6.1,12.25,0,0,,2024-May-18,05:34:01
1074,2024-05-18 05:35:01,51.7443,-9.31424,6.1,12.25,0,0,,2024-May-18,05:35:01
1075,2024-05-18 05:36:01,51.7443,-9.31424,6.1,12.5,0,0,,2024-May-18,05:36:01
1076,2024-05-18 05:37:01,51.7443,-9.31424,6.1,12.25,0,0,,2024-May-18,05:37:01
1077,2024-05-18 05:38:01,51.7443,-9.31424,6.1,12.5,0,0,,2024-May-18,05:38:01
1078,2024-05-18 05:39:01,51.7443,-9.31424,6.1,12.5,0,0,,2024-May-18,05:39:01
1079,2024-05-18 05:40:01,51.7443,-9.31424,6.1,12.25,0,0,,2024-May-18,05:40:01
1080,2024-05-18 05:41:01,51.7443,-9.31424,6.1,12.5,0,0,,2024-May-18,05:41:01
1081,2024-05-18 05:42:01,51.7443,-9.31424,6.1,12.25,0,0,,2024-May-18,05:42:01
1082,2024-05-18 05:43:01,51.7443,-9.31424,6.1,12.25,0,0,,2024-May-18,05:43:01
1083,2024-05-18 05:44:01,51.7443,-9.31424,6.1,12.25,0,0,,2024-May-18,05:44:01
1084,2024-05-18 05:45:01,51.7443,-9.31424,6.1,12.25,0,0,,2024-May-18,05:45:01
1085,2024-05-18 05:46:01,51.7443,-9.31424,6.1,12.5,0,0,,2024-May-18,05:46:01
1086,2024-05-18 05:47:01,51.7443,-9.31424,6.1,12.5,0,0,,2024-May-18,05:47:01
1087,2024-05-18 05:48:01,51.7443,-9.31424,6.1,12.25,0,0,,2024-May-18,05:48:01
1088,2024-05-18 05:49:01,51.7443,-9.31424,6.1,12.25,0,0,,2024-May-18,05:49:01
1089,2024-05-18 05:50:01,51.7443,-9.31424,6.1,12.25,0,0,,2024-May-18,05:50:01
1090,2024-05-18 05:51:01,51.7443,-9.31424,6.1,12.25,0,0,,2024-May-18,05:51:01
1091,2024-05-18 05:52:01,51.7443,-9.31424,6.1,12.25,0,0,,2024-May-18,05:52:01
1092,2024-05-18 05:53:01,51.7443,-9.31424,6.1,12.25,0,0,,2024-May-18,05:53:01
1093,2024-05-18 05:54:01,51.7443,-9.31424,6.1,12.25,0,0,,2024-May-18,05:54:01
1094,2024-05-18 05:55:01,51.7443,-9.31424,6.1,12.5,0,0,,2024-May-18,05:55:01
1095,2024-05-18 05:56:01,51.7443,-9.31424,6.1,12.25,0,0,,2024-May-18,05:56:01
1096,2024-05-18 05:57:01,51.7443,-9.31424,6.1,12.25,0,0,,2024-May-18,05:57:01
1097,2024-05-18 05:58:01,51.7443,-9.31424,6.1,12.5,0,0,,2024-May-18,05:58:01
1098,2024-05-18 05:59:01,51.7443,-9.31424,6.1,12.25,0,1,,2024-May-18,05:59:01
1099,2024-05-18 06:00:01,51.7443,-9.31424,6.1,12.25,0,0,,2024-May-18,06:00:01
1100,2024-05-18 06:01:01,51.7443,-9.31424,6.1,12.25,0,0,,2024-May-18,06:01:01
1101,2024-05-18 06:02:01,51.7443,-9.31424,6.1,12.25,0,0,,2024-May-18,06:02:01
1102,2024-05-18 06:03:01,51.7443,-9.31424,6.1,12.25,0,0,,2024-May-18,06:03:01
1103,2024-05-18 06:04:01,51.7443,-9.31424,6.1,12.25,0,0,,2024-May-18,06:04:01
1104,2024-05-18 06:05:01,51.7443,-9.31424,6.1,12.25,0,0,,2024-May-18,06:05:01
1105,2024-05-18 06:06:01,51.7443,-9.31424,6.1,12.25,0,0,,2024-May-18,06:06:01
1106,2024-05-18 06:07:01,51.7443,-9.31424,6.1,12.25,0,0,,2024-May-18,06:07:01
1107,2024-05-18 06:08:01,51.7443,-9.31424,6.1,12.25,0,0,,2024-May-18,06:08:01
1108,2024-05-18 06:09:01,51.7443,-9.31424,6.1,12.25,0,0,,2024-May-18,06:09:01
1109,2024-05-18 06:10:00,51.7443,-9.31424,6.1,12.25,0,0,,2024-May-18,06:10:00
1110,2024-05-18 20:58:59,51.7443,-9.31424,6.1,13.25,0,0,,2024-May-18,20:58:59
1111,2024-05-18 20:59:59,51.7443,-9.31424,6.1,13.25,0,0,,2024-May-18,20:59:59
1112,2024-05-18 21:00:59,51.7443,-9.31424,6.1,13.25,0,0,,2024-May-18,21:00:59
1113,2024-05-18 21:01:59,51.7443,-9.31424,6.1,13.5,0,0,,2024-May-18,21:01:59
1114,2024-05-18 21:02:59,51.7443,-9.31424,6.1,13.25,0,0,,2024-May-18,21:02:59
1115,2024-05-18 21:03:59,51.7443,-9.31424,6.1,13.5,0,0,,2024-May-18,21:03:59
1116,2024-05-18 21:04:59,51.7443,-9.31424,6.1,13.25,0,0,,2024-May-18,21:04:59
1117,2024-05-18 21:05:59,51.7443,-9.31424,6.1,13.25,0,0,,2024-May-18,21:05:59
1118,2024-05-18 21:06:59,51.7443,-9.31424,6.1,13.25,0,0,,2024-May-18,21:06:59
1119,2024-05-18 21:07:59,51.7443,-9.31424,6.1,13.5,0,0,,2024-May-18,21:07:59
1120,2024-05-18 21:08:59,51.7443,-9.31424,6.1,13.5,0,0,,2024-May-18,21:08:59
1121,2024-05-18 21:09:59,51.7443,-9.31424,6.1,13.5,0,0,,2024-May-18,21:09:59
1122,2024-05-18 21:10:59,51.7443,-9.31424,6.1,13.5,0,0,,2024-May-18,21:10:59
1123,2024-05-18 21:11:59,51.7443,-9.31424,6.1,13.75,0,0,,2024-May-18,21:11:59
1124,2024-05-18 21:12:59,51.7443,-9.31424,6.1,13.5,0,0,,2024-May-18,21:12:59
1125,2024-05-18 21:13:59,51.7443,-9.31424,6.1,13.5,0,0,,2024-May-18,21:13:59
1126,2024-05-18 21:14:59,51.7443,-9.31424,6.1,13.75,0,0,,2024-May-18,21:14:59
1127,2024-05-18 21:15:59,51.7443,-9.31424,6.1,13.5,0,0,,2024-May-18,21:15:59
1128,2024-05-18 21:16:59,51.7443,-9.31424,6.1,13.5,0,0,,2024-May-18,21:16:59
1129,2024-05-18 21:17:59,51.7443,-9.31424,6.1,13.75,0,0,,2024-May-18,21:17:59
1130,2024-05-18 21:18:59,51.7443,-9.31424,6.1,13.75,0,0,,2024-May-18,21:18:59
1131,2024-05-18 21:19:59,51.7443,-9.31424,6.1,13.75,0,0,,2024-May-18,21:19:59
1132,2024-05-18 21:20:59,51.7443,-9.31424,6.1,13.75,0,0,,2024-May-18,21:20:59
1133,2024-05-18 21:21:59,51.7443,-9.31424,6.1,13.75,0,0,,2024-May-18,21:21:59
1134,2024-05-18 21:22:59,51.7443,-9.31424,6.1,13.5,0,0,,2024-May-18,21:22:59
1135,2024-05-18 21:23:59,51.7443,-9.31424,6.1,13.5,0,0,,2024-May-18,21:23:59
1136,2024-05-18 21:24:59,51.7443,-9.31424,6.1,13.75,0,0,,2024-May-18,21:24:59
1137,2024-05-18 21:25:59,51.7443,-9.31424,6.1,13.5,0,0,,2024-May-18,21:25:59
1138,2024-05-18 21:26:59,51.7443,-9.31424,6.1,13.5,0,0,,2024-May-18,21:26:59
1139,2024-05-18 21:27:59,51.7443,-9.31424,6.1,13.5,0,0,,2024-May-18,21:27:59
1140,2024-05-18 21:28:59,51.7443,-9.31424,6.1,13.5,0,0,,2024-May-18,21:28:59
1141,2024-05-18 21:29:59,51.7443,-9.31424,6.1,13.5,0,0,,2024-May-18,21:29:59
1142,2024-05-18 21:30:59,51.7443,-9.31424,6.1,13.5,0,0,,2024-May-18,21:30:59
1143,2024-05-18 21:31:59,51.7443,-9.31424,6.1,13.5,0,0,,2024-May-18,21:31:59
1144,2024-05-18 21:32:59,51.7443,-9.31424,6.1,13.5,0,0,,2024-May-18,21:32:59
1145,2024-05-18 21:33:59,51.7443,-9.31424,6.1,13.5,0,0,,2024-May-18,21:33:59
1146,2024-05-18 21:34:59,51.7443,-9.31424,6.1,13.5,0,0,,2024-May-18,21:34:59
1147,2024-05-18 21:35:59,51.7443,-9.31424,6.1,13.75,0,0,,2024-May-18,21:35:59
1148,2024-05-18 21:36:59,51.7443,-9.31424,6.1,13.25,0,0,,2024-May-18,21:36:59
1149,2024-05-18 21:37:59,51.7443,-9.31424,6.1,13.5,0,0,,2024-May-18,21:37:59
1150,2024-05-18 21:38:59,51.7443,-9.31424,6.1,13.5,0,0,,2024-May-18,21:38:59
1151,2024-05-18 21:39:59,51.7443,-9.31424,6.1,13.5,0,0,,2024-May-18,21:39:59
1152,2024-05-18 21:40:59,51.7443,-9.31424,6.1,13.25,0,0,,2024-May-18,21:40:59
1153,2024-05-18 21:41:59,51.7443,-9.31424,6.1,13.5,0,0,,2024-May-18,21:41:59
1154,2024-05-18 21:42:59,51.7443,-9.31424,6.1,13.5,0,0,,2024-May-18,21:42:59
1155,2024-05-18 21:43:59,51.7443,-9.31424,6.1,13.5,0,0,,2024-May-18,21:43:59
1156,2024-05-18 21:44:59,51.7443,-9.31424,6.1,13.5,0,0,,2024-May-18,21:44:59
1157,2024-05-18 21:45:59,51.7443,-9.31424,6.1,13.5,0,0,,2024-May-18,21:45:59
1158,2024-05-18 21:46:59,51.7443,-9.31424,6.1,13.5,0,0,,2024-May-18,21:46:59
1159,2024-05-18 21:47:59,51.7443,-9.31424,6.1,13.5,0,0,,2024-May-18,21:47:59
1160,2024-05-18 21:48:59,51.7443,-9.31424,6.1,13.5,0,0,,2024-May-18,21:48:59
1161,2024-05-18 21:49:59,51.7443,-9.31424,6.1,13.25,0,0,,2024-May-18,21:49:59
1162,2024-05-18 21:50:59,51.7443,-9.31424,6.1,13.25,0,0,,2024-May-18,21:50:59
1163,2024-05-18 21:51:59,51.7443,-9.31424,6.1,13.5,0,0,,2024-May-18,21:51:59
1164,2024-05-18 21:52:59,51.7443,-9.31424,6.1,13.5,0,0,,2024-May-18,21:52:59
1165,2024-05-18 21:53:59,51.7443,-9.31424,6.1,13.5,0,0,,2024-May-18,21:53:59
1166,2024-05-18 21:54:59,51.7443,-9.31424,6.1,13.5,1,0,,2024-May-18,21:54:59
1167,2024-05-18 21:55:59,51.7443,-9.31424,6.1,13.25,0,0,,2024-May-18,21:55:59
1168,2024-05-18 21:56:59,51.7443,-9.31424,6.1,13.5,0,0,,2024-May-18,21:56:59
1169,2024-05-18 21:57:59,51.7443,-9.31424,6.1,13.75,0,0,,2024-May-18,21:57:59
1170,2024-05-18 21:58:59,51.7443,-9.31424,6.1,13.25,0,0,,2024-May-18,21:58:59
1171,2024-05-18 21:59:59,51.7443,-9.31424,6.1,13.25,1,0,,2024-May-18,21:59:59
1172,2024-05-18 22:00:59,51.7443,-9.31424,6.1,13.5,1,0,,2024-May-18,22:00:59
1173,2024-05-18 22:01:59,51.7443,-9.31424,6.1,13.5,0,0,,2024-May-18,22:01:59
1174,2024-05-18 22:02:59,51.7443,-9.31424,6.1,13.25,0,0,,2024-May-18,22:02:59
1175,2024-05-18 22:03:59,51.7443,-9.31424,6.1,13.25,0,0,,2024-May-18,22:03:59
1176,2024-05-18 22:04:59,51.7443,-9.31424,6.1,13.25,0,0,,2024-May-18,22:04:59
1177,2024-05-18 22:05:59,51.7443,-9.31424,6.1,13.25,1,0,,2024-May-18,22:05:59
1178,2024-05-18 22:06:59,51.7443,-9.31424,6.1,13.25,0,0,,2024-May-18,22:06:59
1179,2024-05-18 22:07:59,51.7443,-9.31424,6.1,13.25,0,0,,2024-May-18,22:07:59
1180,2024-05-18 22:08:59,51.7443,-9.31424,6.1,13.25,0,0,,2024-May-18,22:08:59
1181,2024-05-18 22:09:59,51.7443,-9.31424,6.1,13.25,0,0,,2024-May-18,22:09:59
1182,2024-05-18 22:10:59,51.7443,-9.31424,6.1,13.25,0,0,,2024-May-18,22:10:59
1183,2024-05-18 22:11:59,51.7443,-9.31424,6.1,13.25,0,0,,2024-May-18,22:11:59
1184,2024-05-18 22:12:59,51.7443,-9.31424,6.1,13.25,0,0,,2024-May-18,22:12:59
1185,2024-05-18 22:13:59,51.7443,-9.31424,6.1,13.25,0,0,,2024-May-18,22:13:59
1186,2024-05-18 22:14:59,51.7443,-9.31424,6.1,13.25,0,0,,2024-May-18,22:14:59
1187,2024-05-18 22:15:59,51.7443,-9.31424,6.1,13.25,0,0,,2024-May-18,22:15:59
1188,2024-05-18 22:16:59,51.7443,-9.31424,6.1,13.25,0,0,,2024-May-18,22:16:59
1189,2024-05-18 22:17:59,51.7443,-9.31424,6.1,13.25,0,0,,2024-May-18,22:17:59
1190,2024-05-18 22:18:59,51.7443,-9.31424,6.1,13.25,0,0,,2024-May-18,22:18:59
1191,2024-05-18 22:19:59,51.7443,-9.31424,6.1,13,0,0,,2024-May-18,22:19:59
1192,2024-05-18 22:20:59,51.7443,-9.31424,6.1,13.25,1,0,,2024-May-18,22:20:59
1193,2024-05-18 22:21:59,51.7443,-9.31424,6.1,13.25,1,0,,2024-May-18,22:21:59
1194,2024-05-18 22:22:59,51.7443,-9.31424,6.1,13.25,0,0,,2024-May-18,22:22:59
1195,2024-05-18 22:23:59,51.7443,-9.31424,6,13.25,1,0,,2024-May-18,22:23:59
1196,2024-05-18 22:24:59,51.7443,-9.31424,6.1,13.25,1,0,,2024-May-18,22:24:59
1197,2024-05-18 22:25:59,51.7443,-9.31424,6.1,13.25,0,0,,2024-May-18,22:25:59
1198,2024-05-18 22:26:59,51.7443,-9.31424,6.1,13.25,0,0,,2024-May-18,22:26:59
1199,2024-05-18 22:27:59,51.7443,-9.31424,6.1,13.25,0,0,,2024-May-18,22:27:59
1200,2024-05-18 22:28:59,51.7443,-9.31424,6.1,13.25,0,0,,2024-May-18,22:28:59
1201,2024-05-18 22:29:59,51.7443,-9.31424,6.1,13.25,0,0,,2024-May-18,22:29:59
1202,2024-05-18 22:30:59,51.7443,-9.31424,6.1,13.25,0,0,,2024-May-18,22:30:59
1203,2024-05-18 22:31:59,51.7443,-9.31424,6.1,13.25,0,0,,2024-May-18,22:31:59
1204,2024-05-18 22:32:59,51.7443,-9.31424,6.1,13,0,0,,2024-May-18,22:32:59
1205,2024-05-18 22:33:59,51.7443,-9.31424,6.1,13.25,0,0,,2024-May-18,22:33:59
1206,2024-05-18 22:34:59,51.7443,-9.31424,6.1,13.25,0,0,,2024-May-18,22:34:59
1207,2024-05-18 22:35:59,51.7443,-9.31424,6.1,13,0,0,,2024-May-18,22:35:59
1208,2024-05-18 22:36:59,51.7443,-9.31424,6.1,13,0,0,,2024-May-18,22:36:59
1209,2024-05-18 22:37:59,51.7443,-9.31424,6.1,13.25,0,0,,2024-May-18,22:37:59
1210,2024-05-18 22:38:59,51.7443,-9.31424,6.1,13,0,0,,2024-May-18,22:38:59
1211,2024-05-18 22:39:59,51.7443,-9.31424,6.1,13.5,0,0,,2024-May-18,22:39:59
1212,2024-05-18 22:40:59,51.7443,-9.31424,6.1,13.25,0,0,,2024-May-18,22:40:59
1213,2024-05-18 22:41:59,51.7443,-9.31424,6.1,13.25,0,0,,2024-May-18,22:41:59
1214,2024-05-18 22:42:59,51.7443,-9.31424,6.1,13.25,0,0,,2024-May-18,22:42:59
1215,2024-05-18 22:43:59,51.7443,-9.31424,6.1,13.25,1,0,,2024-May-18,22:43:59
1216,2024-05-18 22:44:59,51.7443,-9.31424,6.1,13.25,0,0,,2024-May-18,22:44:59
1217,2024-05-18 22:45:59,51.7443,-9.31424,6.1,13,0,0,,2024-May-18,22:45:59
1218,2024-05-18 22:46:59,51.7443,-9.31424,6.1,13.25,0,0,,2024-May-18,22:46:59
1219,2024-05-18 22:47:59,51.7443,-9.31424,6.1,13.25,0,0,,2024-May-18,22:47:59
1220,2024-05-18 22:48:59,51.7443,-9.31424,6.1,13.25,0,0,,2024-May-18,22:48:59
1221,2024-05-18 22:49:59,51.7443,-9.31424,6.1,13.25,1,0,,2024-May-18,22:49:59
1222,2024-05-18 22:50:59,51.7443,-9.31424,6,13.25,0,0,,2024-May-18,22:50:59
1223,2024-05-18 22:51:59,51.7443,-9.31424,6.1,13.25,2,0,,2024-May-18,22:51:59
1224,2024-05-18 22:52:59,51.7443,-9.31424,6.1,13,0,1,,2024-May-18,22:52:59
1225,2024-05-18 22:53:59,51.7443,-9.31424,6.1,13.25,0,0,,2024-May-18,22:53:59
1226,2024-05-18 22:54:59,51.7443,-9.31424,6.1,13.25,0,0,,2024-May-18,22:54:59
1227,2024-05-18 22:55:59,51.7443,-9.31424,6.1,13,0,0,,2024-May-18,22:55:59
1228,2024-05-18 22:56:59,51.7443,-9.31424,6.1,13,0,0,,2024-May-18,22:56:59
1229,2024-05-18 22:57:59,51.7443,-9.31424,6.1,13.25,0,0,,2024-May-18,22:57:59
1230,2024-05-18 22:58:59,51.7443,-9.31424,6.1,13,0,0,,2024-May-18,22:58:59
1231,2024-05-18 22:59:59,51.7443,-9.31424,6.1,13,0,0,,2024-May-18,22:59:59
1232,2024-05-18 23:00:59,51.7443,-9.31424,6.1,13,0,0,,2024-May-18,23:00:59
1233,2024-05-18 23:01:59,51.7443,-9.31424,6.1,13,0,0,,2024-May-18,23:01:59
1234,2024-05-18 23:02:59,51.7443,-9.31424,6.1,13,0,0,,2024-May-18,23:02:59
1235,2024-05-18 23:03:59,51.7443,-9.31424,6.1,13.25,0,0,,2024-May-18,23:03:59
1236,2024-05-18 23:04:59,51.7443,-9.31424,6.1,13,0,0,,2024-May-18,23:04:59
1237,2024-05-18 23:05:59,51.7443,-9.31424,6.1,13,0,0,,2024-May-18,23:05:59
1238,2024-05-18 23:06:59,51.7443,-9.31424,6.1,13,0,0,,2024-May-18,23:06:59
1239,2024-05-18 23:07:59,51.7443,-9.31424,6.1,13.25,0,0,,2024-May-18,23:07:59
1240,2024-05-18 23:08:59,51.7443,-9.31424,6.1,13,0,0,,2024-May-18,23:08:59
1241,2024-05-18 23:09:59,51.7443,-9.31424,6.1,13,0,0,,2024-May-18,23:09:59
1242,2024-05-18 23:10:59,51.7443,-9.31424,6.1,13,0,0,,2024-May-18,23:10:59
1243,2024-05-18 23:11:59,51.7443,-9.31424,6.1,13.25,0,0,,2024-May-18,23:11:59
1244,2024-05-18 23:12:59,51.7443,-9.31424,6.1,13,0,0,,2024-May-18,23:12:59
1245,2024-05-18 23:13:59,51.7443,-9.31424,6.1,13,0,0,,2024-May-18,23:13:59
1246,2024-05-18 23:14:59,51.7443,-9.31424,6.1,13,0,0,,2024-May-18,23:14:59
1247,2024-05-18 23:15:59,51.7443,-9.31424,6.1,13,0,0,,2024-May-18,23:15:59
1248,2024-05-18 23:16:59,51.7443,-9.31424,6.1,13,0,0,,2024-May-18,23:16:59
1249,2024-05-18 23:17:59,51.7443,-9.31424,6.1,13,0,0,,2024-May-18,23:17:59
1250,2024-05-18 23:18:59,51.7443,-9.31424,6.1,13,0,0,,2024-May-18,23:18:59
1251,2024-05-18 23:19:59,51.7443,-9.31424,6.1,13.25,0,0,,2024-May-18,23:19:59
1252,2024-05-18 23:20:59,51.7443,-9.31424,6.1,13,0,0,,2024-May-18,23:20:59
1253,2024-05-18 23:21:59,51.7443,-9.31424,6.1,13,0,0,,2024-May-18,23:21:59
1254,2024-05-18 23:22:59,51.7443,-9.31424,6.1,13,0,0,,2024-May-18,23:22:59
1255,2024-05-18 23:23:59,51.7443,-9.31424,6.1,13,0,0,,2024-May-18,23:23:59
1256,2024-05-18 23:24:59,51.7443,-9.31424,6.1,13,0,0,,2024-May-18,23:24:59
1257,2024-05-18 23:25:59,51.7443,-9.31424,6.1,13,0,0,,2024-May-18,23:25:59
1258,2024-05-18 23:26:59,51.7443,-9.31424,6.1,13,0,0,,2024-May-18,23:26:59
1259,2024-05-18 23:27:59,51.7443,-9.31424,6.1,13,0,0,,2024-May-18,23:27:59
1260,2024-05-18 23:28:59,51.7443,-9.31424,6.1,13,0,0,,2024-May-18,23:28:59
1261,2024-05-18 23:29:59,51.7443,-9.31424,6.1,13,0,0,,2024-May-18,23:29:59
1262,2024-05-18 23:30:59,51.7443,-9.31424,6.1,13,0,0,,2024-May-18,23:30:59
1263,2024-05-18 23:31:59,51.7443,-9.31424,6.1,13,0,0,,2024-May-18,23:31:59
1264,2024-05-18 23:32:59,51.7443,-9.31424,6.1,13,0,0,,2024-May-18,23:32:59
1265,2024-05-18 23:33:59,51.7443,-9.31424,6.1,13,0,0,,2024-May-18,23:33:59
1266,2024-05-18 23:34:59,51.7443,-9.31424,6.1,13,0,0,,2024-May-18,23:34:59
1267,2024-05-18 23:35:59,51.7443,-9.31424,6.1,13,0,0,,2024-May-18,23:35:59
1268,2024-05-18 23:36:59,51.7443,-9.31424,6.1,13,0,0,,2024-May-18,23:36:59
1269,2024-05-18 23:37:59,51.7443,-9.31424,6.1,13,0,0,,2024-May-18,23:37:59
1270,2024-05-18 23:38:59,51.7443,-9.31424,6.1,12.75,0,0,,2024-May-18,23:38:59
1271,2024-05-18 23:39:59,51.7443,-9.31424,6.1,13,0,0,,2024-May-18,23:39:59
1272,2024-05-18 23:40:59,51.7443,-9.31424,6.1,13,0,0,,2024-May-18,23:40:59
1273,2024-05-18 23:41:59,51.7443,-9.31424,6.1,12.75,0,0,,2024-May-18,23:41:59
1274,2024-05-18 23:42:59,51.7443,-9.31424,6.1,13,1,0,,2024-May-18,23:42:59
1275,2024-05-18 23:43:59,51.7443,-9.31424,6.1,12.75,1,0,,2024-May-18,23:43:59
1276,2024-05-18 23:44:59,51.7443,-9.31424,6.1,13,0,0,,2024-May-18,23:44:59
1277,2024-05-18 23:45:59,51.7443,-9.31424,6.1,13,0,0,,2024-May-18,23:45:59
1278,2024-05-18 23:46:59,51.7443,-9.31424,6.1,13,0,0,,2024-May-18,23:46:59
1279,2024-05-18 23:47:59,51.7443,-9.31424,6.1,13,0,0,,2024-May-18,23:47:59
1280,2024-05-18 23:48:59,51.7443,-9.31424,6.1,13,0,0,,2024-May-18,23:48:59
1281,2024-05-18 23:49:59,51.7443,-9.31424,6.1,13,0,0,,2024-May-18,23:49:59
1282,2024-05-18 23:50:59,51.7443,-9.31424,6.1,13,0,0,,2024-May-18,23:50:59
1283,2024-05-18 23:51:59,51.7443,-9.31424,6.1,13,0,0,,2024-May-18,23:51:59
1284,2024-05-18 23:52:59,51.7443,-9.31424,6.1,13,0,0,,2024-May-18,23:52:59
1285,2024-05-18 23:53:59,51.7443,-9.31424,6.1,13,0,0,,2024-May-18,23:53:59
1286,2024-05-18 23:54:59,51.7443,-9.31424,6.1,13,0,0,,2024-May-18,23:54:59
1287,2024-05-18 23:55:59,51.7443,-9.31424,6.1,13,0,0,,2024-May-18,23:55:59
1288,2024-05-18 23:56:59,51.7443,-9.31424,6.1,13,0,0,,2024-May-18,23:56:59
1289,2024-05-18 23:57:59,51.7443,-9.31424,6.1,13,0,0,,2024-May-18,23:57:59
1290,2024-05-18 23:58:59,51.7443,-9.31424,6.1,13,0,0,,2024-May-18,23:58:59
1291,2024-05-18 23:59:59,51.7443,-9.31424,6.1,13,0,0,,2024-May-18,23:59:59
1292,2024-05-19 00:00:59,51.7443,-9.31424,6.1,13,0,0,,2024-May-19,00:00:59
1293,2024-05-19 00:01:59,51.7443,-9.31424,6.1,13,0,0,,2024-May-19,00:01:59
1294,2024-05-19 00:02:59,51.7443,-9.31424,6.1,13,0,0,,2024-May-19,00:02:59
1295,2024-05-19 00:03:59,51.7443,-9.31424,6.1,13,0,0,,2024-May-19,00:03:59
1296,2024-05-19 00:04:59,51.7443,-9.31424,6.1,13,0,0,,2024-May-19,00:04:59
1297,2024-05-19 00:05:59,51.7443,-9.31424,6.1,13,0,0,,2024-May-19,00:05:59
1298,2024-05-19 00:06:59,51.7443,-9.31424,6.1,12.75,0,0,,2024-May-19,00:06:59
1299,2024-05-19 00:07:59,51.7443,-9.31424,6.1,13,0,0,,2024-May-19,00:07:59
1300,2024-05-19 00:08:59,51.7443,-9.31424,6.1,13,0,0,,2024-May-19,00:08:59
1301,2024-05-19 00:09:59,51.7443,-9.31424,6.1,13,0,0,,2024-May-19,00:09:59
1302,2024-05-19 00:10:59,51.7443,-9.31424,6.1,13,0,0,,2024-May-19,00:10:59
1303,2024-05-19 00:11:59,51.7443,-9.31424,6.1,13,0,0,,2024-May-19,00:11:59
1304,2024-05-19 00:12:59,51.7443,-9.31424,6.1,13,0,0,,2024-May-19,00:12:59
1305,2024-05-19 00:13:59,51.7443,-9.31424,6.1,13,0,0,,2024-May-19,00:13:59
1306,2024-05-19 00:14:59,51.7443,-9.31424,6.1,12.75,0,0,,2024-May-19,00:14:59
1307,2024-05-19 00:15:59,51.7443,-9.31424,6.1,12.75,0,0,,2024-May-19,00:15:59
1308,2024-05-19 00:16:59,51.7443,-9.31424,6.1,13,0,0,,2024-May-19,00:16:59
1309,2024-05-19 00:17:59,51.7443,-9.31424,6.1,12.75,0,0,,2024-May-19,00:17:59
1310,2024-05-19 00:18:59,51.7443,-9.31424,6.1,13,3,0,,2024-May-19,00:18:59
1311,2024-05-19 00:19:59,51.7443,-9.31424,6.1,13,0,0,,2024-May-19,00:19:59
1312,2024-05-19 00:20:59,51.7443,-9.31424,6.1,13,0,0,,2024-May-19,00:20:59
1313,2024-05-19 00:21:59,51.7443,-9.31424,6.1,13,0,0,,2024-May-19,00:21:59
1314,2024-05-19 00:22:59,51.7443,-9.31424,6.1,12.75,0,0,,2024-May-19,00:22:59
1315,2024-05-19 00:23:59,51.7443,-9.31424,6.1,13,0,0,,2024-May-19,00:23:59
1316,2024-05-19 00:24:59,51.7443,-9.31424,6.1,13,0,0,,2024-May-19,00:24:59
1317,2024-05-19 00:25:59,51.7443,-9.31424,6.1,13,0,0,,2024-May-19,00:25:59
1318,2024-05-19 00:26:59,51.7443,-9.31424,6.1,13,0,0,,2024-May-19,00:26:59
1319,2024-05-19 00:27:59,51.7443,-9.31424,6.1,13,0,0,,2024-May-19,00:27:59
1320,2024-05-19 00:28:59,51.7443,-9.31424,6,12.75,1,0,,2024-May-19,00:28:59
1321,2024-05-19 00:29:59,51.7443,-9.31424,6.1,12.75,0,0,,2024-May-19,00:29:59
1322,2024-05-19 00:30:59,51.7443,-9.31424,6.1,13,0,0,,2024-May-19,00:30:59
1323,2024-05-19 00:31:59,51.7443,-9.31424,6.1,13,0,0,,2024-May-19,00:31:59
1324,2024-05-19 00:32:59,51.7443,-9.31424,6.1,12.75,2,0,,2024-May-19,00:32:59
1325,2024-05-19 00:33:59,51.7443,-9.31424,6.1,12.75,0,0,,2024-May-19,00:33:59
1326,2024-05-19 00:34:59,51.7443,-9.31424,6.1,12.75,0,0,,2024-May-19,00:34:59
1327,2024-05-19 00:35:59,51.7443,-9.31424,6.1,13,0,0,,2024-May-19,00:35:59
1328,2024-05-19 00:36:59,51.7443,-9.31424,6.1,12.75,0,0,,2024-May-19,00:36:59
1329,2024-05-19 00:37:59,51.7443,-9.31424,6.1,13,0,0,,2024-May-19,00:37:59
1330,2024-05-19 00:38:59,51.7443,-9.31424,6.1,13,0,0,,2024-May-19,00:38:59
1331,2024-05-19 00:39:59,51.7443,-9.31424,6.1,13,0,0,,2024-May-19,00:39:59
1332,2024-05-19 00:40:59,51.7443,-9.31424,6.1,13,0,0,,2024-May-19,00:40:59
1333,2024-05-19 00:41:59,51.7443,-9.31424,6.1,12.75,0,0,,2024-May-19,00:41:59
1334,2024-05-19 00:42:59,51.7443,-9.31424,6.1,12.75,0,0,,2024-May-19,00:42:59
1335,2024-05-19 00:43:59,51.7443,-9.31424,6.1,13,0,0,,2024-May-19,00:43:59
1336,2024-05-19 00:44:59,51.7443,-9.31424,6.1,13,0,0,,2024-May-19,00:44:59
1337,2024-05-19 00:45:59,51.7443,-9.31424,6.1,13,0,0,,2024-May-19,00:45:59
1338,2024-05-19 00:46:59,51.7443,-9.31424,6.1,13,0,0,,2024-May-19,00:46:59
1339,2024-05-19 00:47:59,51.7443,-9.31424,6.1,13,1,0,,2024-May-19,00:47:59
1340,2024-05-19 00:48:59,51.7443,-9.31424,6.1,12.75,0,0,,2024-May-19,00:48:59
1341,2024-05-19 00:49:59,51.7443,-9.31424,6.1,12.75,0,0,,2024-May-19,00:49:59
1342,2024-05-19 00:50:59,51.7443,-9.31424,6.1,13,0,0,,2024-May-19,00:50:59
1343,2024-05-19 00:51:59,51.7443,-9.31424,6.1,12.75,1,0,,2024-May-19,00:51:59
1344,2024-05-19 00:52:59,51.7443,-9.31424,6.1,12.75,0,0,,2024-May-19,00:52:59
1345,2024-05-19 00:53:59,51.7443,-9.31424,6.1,13,0,0,,2024-May-19,00:53:59
1346,2024-05-19 00:54:59,51.7443,-9.31424,6.1,12.75,1,0,,2024-May-19,00:54:59
1347,2024-05-19 00:55:59,51.7443,-9.31424,6.1,12.75,0,0,,2024-May-19,00:55:59
1348,2024-05-19 00:56:59,51.7443,-9.31424,6.1,12.75,0,0,,2024-May-19,00:56:59
1349,2024-05-19 00:57:59,51.7443,-9.31424,6.1,13,0,0,,2024-May-19,00:57:59
1350,2024-05-19 00:58:59,51.7443,-9.31424,6.1,12.75,0,0,,2024-May-19,00:58:59
1351,2024-05-19 00:59:59,51.7443,-9.31424,6.1,12.75,0,0,,2024-May-19,00:59:59
1352,2024-05-19 01:00:59,51.7443,-9.31424,6.1,12.75,0,0,,2024-May-19,01:00:59
1353,2024-05-19 01:01:59,51.7443,-9.31424,6.1,12.75,0,0,,2024-May-19,01:01:59
1354,2024-05-19 01:02:59,51.7443,-9.31424,6.1,12.75,0,0,,2024-May-19,01:02:59
1355,2024-05-19 01:03:59,51.7443,-9.31424,6.1,12.75,0,1,,2024-May-19,01:03:59
1356,2024-05-19 01:04:59,51.7443,-9.31424,6.1,12.75,0,0,,2024-May-19,01:04:59
1357,2024-05-19 01:05:59,51.7443,-9.31424,6.1,12.5,0,0,,2024-May-19,01:05:59
1358,2024-05-19 01:06:59,51.7443,-9.31424,6.1,12.5,0,0,,2024-May-19,01:06:59
1359,2024-05-19 01:07:59,51.7443,-9.31424,6.1,12.5,0,0,,2024-May-19,01:07:59
1360,2024-05-19 01:08:59,51.7443,-9.31424,6.1,12.5,0,0,,2024-May-19,01:08:59
1361,2024-05-19 01:09:59,51.7443,-9.31424,6.1,12.5,0,0,,2024-May-19,01:09:59
1362,2024-05-19 01:10:59,51.7443,-9.31424,6.1,12.5,0,0,,2024-May-19,01:10:59
1363,2024-05-19 01:11:59,51.7443,-9.31424,6.1,12.5,0,0,,2024-May-19,01:11:59
1364,2024-05-19 01:12:59,51.7443,-9.31424,6.1,12.25,0,0,,2024-May-19,01:12:59
1365,2024-05-19 01:13:59,51.7443,-9.31424,6.1,12.5,0,0,,2024-May-19,01:13:59
1366,2024-05-19 01:14:59,51.7443,-9.31424,6.1,12.5,0,0,,2024-May-19,01:14:59
1367,2024-05-19 01:15:59,51.7443,-9.31424,6.1,12.25,0,0,,2024-May-19,01:15:59
1368,2024-05-19 01:16:59,51.7443,-9.31424,6.1,12.25,0,0,,2024-May-19,01:16:59
1369,2024-05-19 01:17:59,51.7443,-9.31424,6.1,12.25,0,0,,2024-May-19,01:17:59
1370,2024-05-19 01:18:59,51.7443,-9.31424,6.1,12.25,0,0,,2024-May-19,01:18:59
1371,2024-05-19 01:19:59,51.7443,-9.31424,6.1,12.25,0,0,,2024-May-19,01:19:59
1372,2024-05-19 01:20:59,51.7443,-9.31424,6.1,12.25,0,0,,2024-May-19,01:20:59
1373,2024-05-19 01:21:59,51.7443,-9.31424,6.1,12.25,0,0,,2024-May-19,01:21:59
1374,2024-05-19 01:22:59,51.7443,-9.31424,6.1,12,0,0,,2024-May-19,01:22:59
1375,2024-05-19 01:23:59,51.7443,-9.31424,6.1,12,0,0,,2024-May-19,01:23:59
1376,2024-05-19 01:24:59,51.7443,-9.31424,6.1,12,0,0,,2024-May-19,01:24:59
1377,2024-05-19 01:25:59,51.7443,-9.31424,6.1,12,0,0,,2024-May-19,01:25:59
1378,2024-05-19 01:26:59,51.7443,-9.31424,6.1,12,0,0,,2024-May-19,01:26:59
1379,2024-05-19 01:27:59,51.7443,-9.31424,6.1,12,0,0,,2024-May-19,01:27:59
1380,2024-05-19 01:28:59,51.7443,-9.31424,6,12,1,0,,2024-May-19,01:28:59
1381,2024-05-19 01:29:59,51.7443,-9.31424,5.9,12,0,0,,2024-May-19,01:29:59
1382,2024-05-19 01:30:59,51.7443,-9.31424,6,12,0,2,,2024-May-19,01:30:59
1383,2024-05-19 01:31:59,51.7443,-9.31424,6,12,0,0,,2024-May-19,01:31:59
1384,2024-05-19 01:32:59,51.7443,-9.31424,6,12,0,0,,2024-May-19,01:32:59
1385,2024-05-19 01:33:59,51.7443,-9.31424,6,12,0,0,,2024-May-19,01:33:59
1386,2024-05-19 01:34:59,51.7443,-9.31424,6,12,0,0,,2024-May-19,01:34:59
1387,2024-05-19 01:35:59,51.7443,-9.31424,6,11.75,0,1,,2024-May-19,01:35:59
1388,2024-05-19 01:36:59,51.7443,-9.31424,6.1,11.75,0,0,,2024-May-19,01:36:59
1389,2024-05-19 01:37:59,51.7443,-9.31424,6,11.75,0,0,,2024-May-19,01:37:59
1390,2024-05-19 01:38:59,51.7443,-9.31424,6,11.75,0,0,,2024-May-19,01:38:59
1391,2024-05-19 01:39:59,51.7443,-9.31424,6,12,0,0,,2024-May-19,01:39:59
1392,2024-05-19 01:40:59,51.7443,-9.31424,6,11.75,0,0,,2024-May-19,01:40:59
1393,2024-05-19 01:41:59,51.7443,-9.31424,6,11.75,0,0,,2024-May-19,01:41:59
1394,2024-05-19 01:42:59,51.7443,-9.31424,6,11.75,0,0,,2024-May-19,01:42:59
1395,2024-05-19 01:43:59,51.7443,-9.31424,6,11.75,0,0,,2024-May-19,01:43:59
1396,2024-05-19 01:44:59,51.7443,-9.31424,6,11.75,0,0,,2024-May-19,01:44:59
1397,2024-05-19 01:45:59,51.7443,-9.31424,6.1,11.75,0,0,,2024-May-19,01:45:59
1398,2024-05-19 01:46:59,51.7443,-9.31424,6.1,11.75,0,0,,2024-May-19,01:46:59
1399,2024-05-19 01:47:59,51.7443,-9.31424,6,11.75,0,0,,2024-May-19,01:47:59
1400,2024-05-19 01:48:59,51.7443,-9.31424,6,11.75,1,1,,2024-May-19,01:48:59
1401,2024-05-19 01:49:59,51.7443,-9.31424,6,11.75,0,0,,2024-May-19,01:49:59
1402,2024-05-19 01:50:59,51.7443,-9.31424,6,11.75,0,0,,2024-May-19,01:50:59
1403,2024-05-19 01:51:59,51.7443,-9.31424,6,11.75,0,1,,2024-May-19,01:51:59
1404,2024-05-19 01:52:59,51.7443,-9.31424,6,11.75,0,0,,2024-May-19,01:52:59
1405,2024-05-19 01:53:59,51.7443,-9.31424,6,11.75,0,2,,2024-May-19,01:53:59
1406,2024-05-19 01:54:59,51.7443,-9.31424,6,11.75,0,0,,2024-May-19,01:54:59
1407,2024-05-19 01:55:59,51.7443,-9.31424,6,11.5,0,0,,2024-May-19,01:55:59
1408,2024-05-19 01:56:59,51.7443,-9.31424,6,11.5,0,0,,2024-May-19,01:56:59
1409,2024-05-19 01:57:59,51.7443,-9.31424,5.9,11.5,0,0,,2024-May-19,01:57:59
1410,2024-05-19 01:59:01,51.7443,-9.31424,6,11.5,0,2,,2024-May-19,01:59:01
1411,2024-05-19 02:00:01,51.7443,-9.31424,6,11.5,0,2,,2024-May-19,02:00:01
1412,2024-05-19 02:01:01,51.7443,-9.31424,6,11.5,0,1,,2024-May-19,02:01:01
1413,2024-05-19 02:02:01,51.7443,-9.31424,5.9,11.5,0,0,,2024-May-19,02:02:01
1414,2024-05-19 02:03:01,51.7443,-9.31424,6,11.5,0,2,,2024-May-19,02:03:01
1415,2024-05-19 02:04:01,51.7443,-9.31424,6,11.75,0,1,,2024-May-19,02:04:01
1416,2024-05-19 02:05:01,51.7443,-9.31424,6,11.75,0,1,,2024-May-19,02:05:01
1417,2024-05-19 02:06:01,51.7443,-9.31424,6,11.75,0,0,,2024-May-19,02:06:01
1418,2024-05-19 02:07:01,51.7443,-9.31424,6,11.5,0,1,,2024-May-19,02:07:01
1419,2024-05-19 02:08:01,51.7443,-9.31424,6,11.5,0,1,,2024-May-19,02:08:01
1420,2024-05-19 02:09:01,51.7443,-9.31424,6,11.5,0,2,,2024-May-19,02:09:01
1421,2024-05-19 02:10:01,51.7443,-9.31424,6,11.5,0,1,,2024-May-19,02:10:01
1422,2024-05-19 02:11:01,51.7443,-9.31424,6,11.5,0,1,,2024-May-19,02:11:01
1423,2024-05-19 02:12:01,51.7443,-9.31424,6,11.5,0,0,,2024-May-19,02:12:01
1424,2024-05-19 02:13:01,51.7443,-9.31424,6,11.5,0,2,,2024-May-19,02:13:01
1425,2024-05-19 02:14:01,51.7443,-9.31424,6,11.5,0,0,,2024-May-19,02:14:01
1426,2024-05-19 02:15:01,51.7443,-9.31424,6,11.5,0,0,,2024-May-19,02:15:01
1427,2024-05-19 02:16:01,51.7443,-9.31424,6,11.5,1,1,,2024-May-19,02:16:01
1428,2024-05-19 02:17:01,51.7443,-9.31424,6,11.5,0,1,,2024-May-19,02:17:01
1429,2024-05-19 02:18:01,51.7443,-9.31424,6,11.5,0,0,,2024-May-19,02:18:01
1430,2024-05-19 02:19:01,51.7443,-9.31424,6,11.5,0,2,,2024-May-19,02:19:01
1431,2024-05-19 02:20:01,51.7443,-9.31424,6,11.5,0,2,,2024-May-19,02:20:01
1432,2024-05-19 02:21:01,51.7443,-9.31424,6,11.5,0,1,,2024-May-19,02:21:01
1433,2024-05-19 02:22:01,51.7443,-9.31424,6,11.5,0,2,,2024-May-19,02:22:01
1434,2024-05-19 02:23:01,51.7443,-9.31424,6,11.5,0,1,,2024-May-19,02:23:01
1435,2024-05-19 02:24:01,51.7443,-9.31424,6,11.5,0,2,,2024-May-19,02:24:01
1436,2024-05-19 02:25:01,51.7443,-9.31424,6,11.5,0,1,,2024-May-19,02:25:01
1437,2024-05-19 02:26:01,51.7443,-9.31424,6,11.5,0,2,,2024-May-19,02:26:01
1438,2024-05-19 02:27:01,51.7443,-9.31424,6,11.5,0,3,,2024-May-19,02:27:01
1439,2024-05-19 02:28:01,51.7443,-9.31424,6,11.5,0,2,,2024-May-19,02:28:01
1440,2024-05-19 02:29:01,51.7443,-9.31424,6,11.5,0,2,,2024-May-19,02:29:01
1441,2024-05-19 02:30:01,51.7443,-9.31424,6,11.5,0,0,,2024-May-19,02:30:01
1442,2024-05-19 02:31:01,51.7443,-9.31424,6,11.5,0,0,,2024-May-19,02:31:01
1443,2024-05-19 02:32:01,51.7443,-9.31424,6,11.5,0,1,,2024-May-19,02:32:01
1444,2024-05-19 02:33:01,51.7443,-9.31424,6,11.5,0,0,,2024-May-19,02:33:01
1445,2024-05-19 02:34:01,51.7443,-9.31424,5.9,11.75,0,3,,2024-May-19,02:34:01
1446,2024-05-19 02:35:01,51.7443,-9.31424,6,11.5,0,1,,2024-May-19,02:35:01
1447,2024-05-19 02:36:01,51.7443,-9.31424,6,11.5,1,1,,2024-May-19,02:36:01
1448,2024-05-19 02:37:01,51.7443,-9.31424,6,11.5,0,0,,2024-May-19,02:37:01
1449,2024-05-19 02:38:01,51.7443,-9.31424,6,11.5,0,0,,2024-May-19,02:38:01
1450,2024-05-19 02:39:01,51.7443,-9.31424,6,11.5,0,1,,2024-May-19,02:39:01
1451,2024-05-19 02:40:01,51.7443,-9.31424,6,11.5,0,0,,2024-May-19,02:40:01
1452,2024-05-19 02:41:01,51.7443,-9.31424,6,11.5,0,0,,2024-May-19,02:41:01
1453,2024-05-19 02:42:01,51.7443,-9.31424,6,11.5,0,1,,2024-May-19,02:42:01
1454,2024-05-19 02:43:01,51.7443,-9.31424,6,11.5,0,0,,2024-May-19,02:43:01
1455,2024-05-19 02:44:01,51.7443,-9.31424,6,11.5,0,0,,2024-May-19,02:44:01
1456,2024-05-19 02:45:01,51.7443,-9.31424,6,11.5,0,1,,2024-May-19,02:45:01
1457,2024-05-19 02:46:01,51.7443,-9.31424,6,11.5,0,1,,2024-May-19,02:46:01
1458,2024-05-19 02:47:01,51.7443,-9.31424,6,11.25,0,1,,2024-May-19,02:47:01
1459,2024-05-19 02:48:01,51.7443,-9.31424,6,11.5,0,0,,2024-May-19,02:48:01
1460,2024-05-19 02:49:01,51.7443,-9.31424,6,11.5,0,0,,2024-May-19,02:49:01
1461,2024-05-19 02:50:01,51.7443,-9.31424,6,11.5,0,0,,2024-May-19,02:50:01
1462,2024-05-19 02:51:01,51.7443,-9.31424,6,11.5,0,1,,2024-May-19,02:51:01
1463,2024-05-19 02:52:01,51.7443,-9.31424,6,11.5,0,0,,2024-May-19,02:52:01
1464,2024-05-19 02:53:01,51.7443,-9.31424,6,11.25,0,2,,2024-May-19,02:53:01
1465,2024-05-19 02:54:01,51.7443,-9.31424,6,11.5,0,0,,2024-May-19,02:54:01
1466,2024-05-19 02:55:01,51.7443,-9.31424,6,11.5,0,0,,2024-May-19,02:55:01
1467,2024-05-19 02:56:01,51.7443,-9.31424,6,11.5,0,0,,2024-May-19,02:56:01
1468,2024-05-19 02:57:01,51.7443,-9.31424,6,11.5,1,0,,2024-May-19,02:57:01
1469,2024-05-19 02:58:01,51.7443,-9.31424,6,11.5,0,0,,2024-May-19,02:58:01
1470,2024-05-19 02:59:01,51.7443,-9.31424,6,11.5,0,0,,2024-May-19,02:59:01
1471,2024-05-19 03:00:01,51.7443,-9.31424,6,11.5,0,0,,2024-May-19,03:00:01
1472,2024-05-19 03:01:01,51.7443,-9.31424,6,11.5,0,0,,2024-May-19,03:01:01
1473,2024-05-19 03:02:01,51.7443,-9.31424,6,11.5,0,0,,2024-May-19,03:02:01
1474,2024-05-19 03:03:01,51.7443,-9.31424,6,11.5,0,0,,2024-May-19,03:03:01
1475,2024-05-19 03:04:01,51.7443,-9.31424,6,11.5,0,0,,2024-May-19,03:04:01
1476,2024-05-19 03:05:01,51.7443,-9.31424,6,11.5,0,0,,2024-May-19,03:05:01
1477,2024-05-19 03:06:01,51.7443,-9.31424,6,11.5,0,0,,2024-May-19,03:06:01
1478,2024-05-19 03:07:01,51.7443,-9.31424,6,11.5,0,0,,2024-May-19,03:07:01
1479,2024-05-19 03:08:01,51.7443,-9.31424,6,11.5,0,0,,2024-May-19,03:08:01
1480,2024-05-19 03:09:01,51.7443,-9.31424,6,11.5,0,0,,2024-May-19,03:09:01
1481,2024-05-19 03:10:01,51.7443,-9.31424,6,11.5,0,0,,2024-May-19,03:10:01
1482,2024-05-19 03:11:01,51.7443,-9.31424,6,11.75,0,0,,2024-May-19,03:11:01
1483,2024-05-19 03:12:01,51.7443,-9.31424,6,11.5,0,0,,2024-May-19,03:12:01
1484,2024-05-19 03:13:01,51.7443,-9.31424,6,11.5,0,0,,2024-May-19,03:13:01
1485,2024-05-19 03:14:01,51.7443,-9.31424,6,11.5,0,0,,2024-May-19,03:14:01
1486,2024-05-19 03:15:01,51.7443,-9.31424,6,11.5,0,0,,2024-May-19,03:15:01
1487,2024-05-19 03:16:01,51.7443,-9.31424,6,11.5,0,0,,2024-May-19,03:16:01
1488,2024-05-19 03:17:01,51.7443,-9.31424,6,11.5,0,0,,2024-May-19,03:17:01
1489,2024-05-19 03:18:01,51.7443,-9.31424,6,11.5,0,2,,2024-May-19,03:18:01
1490,2024-05-19 03:19:01,51.7443,-9.31424,6,11.5,0,0,,2024-May-19,03:19:01
1491,2024-05-19 03:20:01,51.7443,-9.31424,6,11.5,0,0,,2024-May-19,03:20:01
1492,2024-05-19 03:21:01,51.7443,-9.31424,6,11.5,0,0,,2024-May-19,03:21:01
1493,2024-05-19 03:22:01,51.7443,-9.31424,6,11.5,0,0,,2024-May-19,03:22:01
1494,2024-05-19 03:23:01,51.7443,-9.31424,6,11.5,0,0,,2024-May-19,03:23:01
1495,2024-05-19 03:24:01,51.7443,-9.31424,6,11.25,0,1,,2024-May-19,03:24:01
1496,2024-05-19 03:25:01,51.7443,-9.31424,6,11.25,0,0,,2024-May-19,03:25:01
1497,2024-05-19 03:26:01,51.7443,-9.31424,6,11.5,0,0,,2024-May-19,03:26:01
1498,2024-05-19 03:27:01,51.7443,-9.31424,6,11.5,0,0,,2024-May-19,03:27:01
1499,2024-05-19 03:28:01,51.7443,-9.31424,6,11.5,0,0,,2024-May-19,03:28:01
1500,2024-05-19 03:29:01,51.7443,-9.31424,6,11.25,0,0,,2024-May-19,03:29:01
1501,2024-05-19 03:30:01,51.7443,-9.31424,6,11.25,0,0,,2024-May-19,03:30:01
1502,2024-05-19 03:31:01,51.7443,-9.31424,6,11.25,0,0,,2024-May-19,03:31:01
1503,2024-05-19 03:32:01,51.7443,-9.31424,6,11.5,0,0,,2024-May-19,03:32:01
1504,2024-05-19 03:33:01,51.7443,-9.31424,6,11.25,0,0,,2024-May-19,03:33:01
1505,2024-05-19 03:34:01,51.7443,-9.31424,6,11.25,0,0,,2024-May-19,03:34:01
1506,2024-05-19 03:35:01,51.7443,-9.31424,6,11.25,0,0,,2024-May-19,03:35:01
1507,2024-05-19 03:36:01,51.7443,-9.31424,6,11.25,0,0,,2024-May-19,03:36:01
1508,2024-05-19 03:37:01,51.7443,-9.31424,6,11.25,0,0,,2024-May-19,03:37:01
1509,2024-05-19 03:38:01,51.7443,-9.31424,6,11.25,0,0,,2024-May-19,03:38:01
1510,2024-05-19 03:39:01,51.7443,-9.31424,6,11.25,0,0,,2024-May-19,03:39:01
1511,2024-05-19 03:40:01,51.7443,-9.31424,6,11.25,0,0,,2024-May-19,03:40:01
1512,2024-05-19 03:41:01,51.7443,-9.31424,6,11.25,0,0,,2024-May-19,03:41:01
1513,2024-05-19 03:42:01,51.7443,-9.31424,6,11.25,0,0,,2024-May-19,03:42:01
1514,2024-05-19 03:43:01,51.7443,-9.31424,6,11.25,0,1,,2024-May-19,03:43:01
1515,2024-05-19 03:44:01,51.7443,-9.31424,6,11.25,0,0,,2024-May-19,03:44:01
1516,2024-05-19 03:45:01,51.7443,-9.31424,6,11.25,0,1,,2024-May-19,03:45:01
1517,2024-05-19 03:46:01,51.7443,-9.31424,6,11.25,0,0,,2024-May-19,03:46:01
1518,2024-05-19 03:47:01,51.7443,-9.31424,6,11,0,0,,2024-May-19,03:47:01
1519,2024-05-19 03:48:01,51.7443,-9.31424,6,11.25,0,0,,2024-May-19,03:48:01
1520,2024-05-19 03:49:01,51.7443,-9.31424,6,11.25,0,0,,2024-May-19,03:49:01
1521,2024-05-19 03:50:01,51.7443,-9.31424,6,11.25,0,0,,2024-May-19,03:50:01
1522,2024-05-19 03:51:01,51.7443,-9.31424,6,11.25,0,0,,2024-May-19,03:51:01
1523,2024-05-19 03:52:01,51.7443,-9.31424,6,11,0,0,,2024-May-19,03:52:01
1524,2024-05-19 03:53:01,51.7443,-9.31424,6,11,0,0,,2024-May-19,03:53:01
1525,2024-05-19 03:54:01,51.7443,-9.31424,6,11.25,0,0,,2024-May-19,03:54:01
1526,2024-05-19 03:55:01,51.7443,-9.31424,6,11,0,0,,2024-May-19,03:55:01
1527,2024-05-19 03:56:01,51.7443,-9.31424,6,11,0,0,,2024-May-19,03:56:01
1528,2024-05-19 03:57:01,51.7443,-9.31424,6,11,0,0,,2024-May-19,03:57:01
1529,2024-05-19 03:58:01,51.7443,-9.31424,6,11,0,0,,2024-May-19,03:58:01
1530,2024-05-19 03:59:01,51.7443,-9.31424,6,11,0,1,,2024-May-19,03:59:01
1531,2024-05-19 04:00:01,51.7443,-9.31424,6,11,0,0,,2024-May-19,04:00:01
1532,2024-05-19 04:01:01,51.7443,-9.31424,6,11,0,1,,2024-May-19,04:01:01
1533,2024-05-19 04:02:01,51.7443,-9.31424,6,11,0,0,,2024-May-19,04:02:01
1534,2024-05-19 04:03:01,51.7443,-9.31424,6,11,0,0,,2024-May-19,04:03:01
1535,2024-05-19 04:04:01,51.7443,-9.31424,6,11,0,0,,2024-May-19,04:04:01
1536,2024-05-19 04:05:01,51.7443,-9.31424,6,11,0,0,,2024-May-19,04:05:01
1537,2024-05-19 04:06:01,51.7443,-9.31424,6,11,0,0,,2024-May-19,04:06:01
1538,2024-05-19 04:07:01,51.7443,-9.31424,6,11,0,0,,2024-May-19,04:07:01
1539,2024-05-19 04:08:01,51.7443,-9.31424,6,11,0,0,,2024-May-19,04:08:01
1540,2024-05-19 04:09:01,51.7443,-9.31424,6,11,0,0,,2024-May-19,04:09:01
1541,2024-05-19 04:10:01,51.7443,-9.31424,6,11,0,0,,2024-May-19,04:10:01
1542,2024-05-19 04:11:01,51.7443,-9.31424,6,11,0,0,,2024-May-19,04:11:01
1543,2024-05-19 04:12:01,51.7443,-9.31424,6,11,0,0,,2024-May-19,04:12:01
1544,2024-05-19 04:13:01,51.7443,-9.31424,6,11,0,0,,2024-May-19,04:13:01
1545,2024-05-19 04:14:01,51.7443,-9.31424,6,11,0,0,,2024-May-19,04:14:01
1546,2024-05-19 04:15:01,51.7443,-9.31424,6,10.75,0,0,,2024-May-19,04:15:01
1547,2024-05-19 04:16:01,51.7443,-9.31424,6,11,0,0,,2024-May-19,04:16:01
1548,2024-05-19 04:17:01,51.7443,-9.31424,6,10.75,0,0,,2024-May-19,04:17:01
1549,2024-05-19 04:18:01,51.7443,-9.31424,6,11,0,0,,2024-May-19,04:18:01
1550,2024-05-19 04:19:01,51.7443,-9.31424,6,11,0,0,,2024-May-19,04:19:01
1551,2024-05-19 04:20:01,51.7443,-9.31424,6,11,0,0,,2024-May-19,04:20:01
1552,2024-05-19 04:21:01,51.7443,-9.31424,6,11,0,0,,2024-May-19,04:21:01
1553,2024-05-19 04:22:01,51.7443,-9.31424,6,11,0,0,,2024-May-19,04:22:01
1554,2024-05-19 04:23:01,51.7443,-9.31424,6,10.75,0,0,,2024-May-19,04:23:01
1555,2024-05-19 04:24:01,51.7443,-9.31424,6,11,0,0,,2024-May-19,04:24:01
1556,2024-05-19 04:25:01,51.7443,-9.31424,6,11,0,0,,2024-May-19,04:25:01
1557,2024-05-19 04:26:01,51.7443,-9.31424,6,10.75,0,0,,2024-May-19,04:26:01
1558,2024-05-19 04:27:01,51.7443,-9.31424,6,10.75,0,0,,2024-May-19,04:27:01
1559,2024-05-19 04:28:01,51.7443,-9.31424,6,10.75,1,0,,2024-May-19,04:28:01
1560,2024-05-19 04:29:01,51.7443,-9.31424,6,11,1,0,,2024-May-19,04:29:01
1561,2024-05-19 04:30:01,51.7443,-9.31424,6,11,0,0,,2024-May-19,04:30:01
1562,2024-05-19 04:31:01,51.7443,-9.31424,6,11,0,0,,2024-May-19,04:31:01
1563,2024-05-19 04:32:01,51.7443,-9.31424,6,11,0,0,,2024-May-19,04:32:01
1564,2024-05-19 04:33:01,51.7443,-9.31424,6,10.75,1,0,,2024-May-19,04:33:01
1565,2024-05-19 04:34:01,51.7443,-9.31424,6,10.75,0,0,,2024-May-19,04:34:01
1566,2024-05-19 04:35:01,51.7443,-9.31424,6,11,0,0,,2024-May-19,04:35:01
1567,2024-05-19 04:36:01,51.7443,-9.31424,6,11,0,0,,2024-May-19,04:36:01
1568,2024-05-19 04:37:01,51.7443,-9.31424,6,10.75,0,0,,2024-May-19,04:37:01
1569,2024-05-19 04:38:01,51.7443,-9.31424,6,10.75,0,0,,2024-May-19,04:38:01
1570,2024-05-19 04:39:01,51.7443,-9.31424,6,10.75,0,0,,2024-May-19,04:39:01
1571,2024-05-19 04:40:01,51.7443,-9.31424,6,10.75,1,0,,2024-May-19,04:40:01
1572,2024-05-19 04:41:01,51.7443,-9.31424,6,11,0,0,,2024-May-19,04:41:01
1573,2024-05-19 04:42:01,51.7443,-9.31424,6,10.75,0,0,,2024-May-19,04:42:01
1574,2024-05-19 04:43:01,51.7443,-9.31424,6,10.75,0,0,,2024-May-19,04:43:01
1575,2024-05-19 04:44:01,51.7443,-9.31424,6,10.75,0,0,,2024-May-19,04:44:01
1576,2024-05-19 04:45:01,51.7443,-9.31424,6,10.75,0,0,,2024-May-19,04:45:01
1577,2024-05-19 04:46:01,51.7443,-9.31424,6,10.75,0,0,,2024-May-19,04:46:01
1578,2024-05-19 04:47:01,51.7443,-9.31424,6,10.75,0,0,,2024-May-19,04:47:01
1579,2024-05-19 04:48:01,51.7443,-9.31424,6,11,0,0,,2024-May-19,04:48:01
1580,2024-05-19 04:49:01,51.7443,-9.31424,6,10.75,0,0,,2024-May-19,04:49:01
1581,2024-05-19 04:50:01,51.7443,-9.31424,6,10.75,0,0,,2024-May-19,04:50:01
1582,2024-05-19 04:51:01,51.7443,-9.31424,6,10.75,0,0,,2024-May-19,04:51:01
1583,2024-05-19 04:52:01,51.7443,-9.31424,6,10.75,0,0,,2024-May-19,04:52:01
1584,2024-05-19 04:53:01,51.7443,-9.31424,6,11,0,0,,2024-May-19,04:53:01
1585,2024-05-19 04:54:01,51.7443,-9.31424,6,11,0,0,,2024-May-19,04:54:01
1586,2024-05-19 04:55:01,51.7443,-9.31424,6,10.75,0,0,,2024-May-19,04:55:01
1587,2024-05-19 04:56:01,51.7443,-9.31424,6,10.75,0,1,,2024-May-19,04:56:01
1588,2024-05-19 04:57:01,51.7443,-9.31424,6,10.75,0,0,,2024-May-19,04:57:01
1589,2024-05-19 04:58:01,51.7443,-9.31424,6,10.75,0,0,,2024-May-19,04:58:01
1590,2024-05-19 04:59:01,51.7443,-9.31424,6,10.75,0,0,,2024-May-19,04:59:01
1591,2024-05-19 05:00:01,51.7443,-9.31424,6,10.75,0,0,,2024-May-19,05:00:01
1592,2024-05-19 05:01:01,51.7443,-9.31424,6,10.75,0,0,,2024-May-19,05:01:01
1593,2024-05-19 05:02:01,51.7443,-9.31424,6,10.75,0,0,,2024-May-19,05:02:01
1594,2024-05-19 05:03:01,51.7443,-9.31424,6,10.75,0,0,,2024-May-19,05:03:01
1595,2024-05-19 05:04:01,51.7443,-9.31424,6,10.75,0,0,,2024-May-19,05:04:01
1596,2024-05-19 05:05:01,51.7443,-9.31424,6,10.75,0,0,,2024-May-19,05:05:01
1597,2024-05-19 05:06:01,51.7443,-9.31424,6,10.75,0,0,,2024-May-19,05:06:01
1598,2024-05-19 05:07:01,51.7443,-9.31424,6,11,0,0,,2024-May-19,05:07:01
1599,2024-05-19 05:08:01,51.7443,-9.31424,6,10.75,0,0,,2024-May-19,05:08:01
1600,2024-05-19 05:09:01,51.7443,-9.31424,6,10.75,0,0,,2024-May-19,05:09:01
1601,2024-05-19 05:10:01,51.7443,-9.31424,6,10.75,0,0,,2024-May-19,05:10:01
1602,2024-05-19 05:11:01,51.7443,-9.31424,6,10.75,0,0,,2024-May-19,05:11:01
1603,2024-05-19 05:12:01,51.7443,-9.31424,6,10.75,0,0,,2024-May-19,05:12:01
1604,2024-05-19 05:13:01,51.7443,-9.31424,6,10.75,0,0,,2024-May-19,05:13:01
1605,2024-05-19 05:14:01,51.7443,-9.31424,6,10.75,0,0,,2024-May-19,05:14:01
1606,2024-05-19 05:15:01,51.7443,-9.31424,6,10.75,0,0,,2024-May-19,05:15:01
1607,2024-05-19 05:16:01,51.7443,-9.31424,6,10.75,0,0,,2024-May-19,05:16:01
1608,2024-05-19 05:17:01,51.7443,-9.31424,6,10.75,0,0,,2024-May-19,05:17:01
1609,2024-05-19 05:18:01,51.7443,-9.31424,6,10.75,0,0,,2024-May-19,05:18:01
1610,2024-05-19 05:19:01,51.7443,-9.31424,6,10.75,0,0,,2024-May-19,05:19:01
1611,2024-05-19 05:20:01,51.7443,-9.31424,6,10.75,0,0,,2024-May-19,05:20:01
1612,2024-05-19 05:21:01,51.7443,-9.31424,6,10.75,0,0,,2024-May-19,05:21:01
1613,2024-05-19 05:22:01,51.7443,-9.31424,6,10.75,0,0,,2024-May-19,05:22:01
1614,2024-05-19 05:23:01,51.7443,-9.31424,6,10.75,0,0,,2024-May-19,05:23:01
1615,2024-05-19 05:24:01,51.7443,-9.31424,6,10.75,0,0,,2024-May-19,05:24:01
1616,2024-05-19 05:25:01,51.7443,-9.31424,6,11,0,0,,2024-May-19,05:25:01
1617,2024-05-19 05:26:01,51.7443,-9.31424,6,10.75,0,0,,2024-May-19,05:26:01
1618,2024-05-19 05:27:01,51.7443,-9.31424,6,10.75,0,0,,2024-May-19,05:27:01
1619,2024-05-19 05:28:01,51.7443,-9.31424,6,10.75,0,0,,2024-May-19,05:28:01
1620,2024-05-19 05:29:01,51.7443,-9.31424,6,10.75,0,0,,2024-May-19,05:29:01
1621,2024-05-19 05:30:01,51.7443,-9.31424,6,10.75,0,0,,2024-May-19,05:30:01
1622,2024-05-19 05:31:01,51.7443,-9.31424,6,10.75,0,0,,2024-May-19,05:31:01
1623,2024-05-19 05:32:01,51.7443,-9.31424,6,10.75,0,0,,2024-May-19,05:32:01
1624,2024-05-19 05:33:01,51.7443,-9.31424,6,10.75,0,0,,2024-May-19,05:33:01
1625,2024-05-19 05:34:01,51.7443,-9.31424,6,10.75,0,0,,2024-May-19,05:34:01
1626,2024-05-19 05:35:01,51.7443,-9.31424,6,10.75,0,0,,2024-May-19,05:35:01
1627,2024-05-19 05:36:01,51.7443,-9.31424,6,10.75,0,0,,2024-May-19,05:36:01
1628,2024-05-19 05:37:01,51.7443,-9.31424,6,10.75,0,0,,2024-May-19,05:37:01
1629,2024-05-19 05:38:01,51.7443,-9.31424,6,11,0,0,,2024-May-19,05:38:01
1630,2024-05-19 05:39:01,51.7443,-9.31424,6,10.75,0,0,,2024-May-19,05:39:01
1631,2024-05-19 05:40:01,51.7443,-9.31424,6,10.75,0,0,,2024-May-19,05:40:01
1632,2024-05-19 05:41:01,51.7443,-9.31424,6,10.75,0,0,,2024-May-19,05:41:01
1633,2024-05-19 05:42:01,51.7443,-9.31424,6,10.75,0,0,,2024-May-19,05:42:01
1634,2024-05-19 05:43:01,51.7443,-9.31424,5.9,11,0,0,,2024-May-19,05:43:01
1635,2024-05-19 05:44:01,51.7443,-9.31424,5.9,11,0,0,,2024-May-19,05:44:01
1636,2024-05-19 05:45:01,51.7443,-9.31424,5.9,10.75,0,0,,2024-May-19,05:45:01
1637,2024-05-19 05:46:01,51.7443,-9.31424,5.9,11,0,0,,2024-May-19,05:46:01
1638,2024-05-19 05:47:01,51.7443,-9.31424,5.9,11,0,0,,2024-May-19,05:47:01
1639,2024-05-19 05:48:01,51.7443,-9.31424,5.9,10.75,0,0,,2024-May-19,05:48:01
1640,2024-05-19 05:49:01,51.7443,-9.31424,5.9,10.75,0,0,,2024-May-19,05:49:01
1641,2024-05-19 05:50:01,51.7443,-9.31424,5.9,11,0,0,,2024-May-19,05:50:01
1642,2024-05-19 05:51:01,51.7443,-9.31424,5.9,11,0,0,,2024-May-19,05:51:01
1643,2024-05-19 05:52:01,51.7443,-9.31424,5.9,11,0,0,,2024-May-19,05:52:01
1644,2024-05-19 05:53:01,51.7443,-9.31424,6,11,0,1,,2024-May-19,05:53:01
1645,2024-05-19 05:54:01,51.7443,-9.31424,6,10.75,0,0,,2024-May-19,05:54:01
1646,2024-05-19 05:55:01,51.7443,-9.31424,6,10.75,0,0,,2024-May-19,05:55:01
1647,2024-05-19 05:56:01,51.7443,-9.31424,6,11,0,0,,2024-May-19,05:56:01
1648,2024-05-19 05:57:01,51.7443,-9.31424,6,11,0,0,,2024-May-19,05:57:01
1649,2024-05-19 05:58:01,51.7443,-9.31424,6,11,0,0,,2024-May-19,05:58:01
1650,2024-05-19 05:59:01,51.7443,-9.31424,6,11,0,0,,2024-May-19,05:59:01
1651,2024-05-19 06:00:01,51.7443,-9.31424,6,10.75,0,0,,2024-May-19,06:00:01
1652,2024-05-19 06:01:01,51.7443,-9.31424,6,10.75,0,0,,2024-May-19,06:01:01
1653,2024-05-19 06:02:01,51.7443,-9.31424,6,11,0,0,,2024-May-19,06:02:01
1654,2024-05-19 06:03:01,51.7443,-9.31424,6,11,0,0,,2024-May-19,06:03:01
1655,2024-05-19 06:04:01,51.7443,-9.31424,6,11,0,0,,2024-May-19,06:04:01
1656,2024-05-19 06:05:01,51.7443,-9.31424,6,11,0,0,,2024-May-19,06:05:01
1657,2024-05-19 06:06:01,51.7443,-9.31424,6,11,0,0,,2024-May-19,06:06:01
1658,2024-05-19 06:07:01,51.7443,-9.31424,6,11,0,0,,2024-May-19,06:07:01
1659,2024-05-19 06:08:00,51.7443,-9.31424,6,11,0,0,,2024-May-19,06:08:00
1660,2024-05-19 21:00:59,51.7443,-9.31424,6.1,16.5,0,0,,2024-May-19,21:00:59
1661,2024-05-19 21:01:59,51.7443,-9.31424,6.1,16.5,0,0,,2024-May-19,21:01:59
1662,2024-05-19 21:02:59,51.7443,-9.31424,6.1,16.5,0,0,,2024-May-19,21:02:59
1663,2024-05-19 21:03:59,51.7443,-9.31424,6.1,16.5,0,0,,2024-May-19,21:03:59
1664,2024-05-19 21:04:59,51.7443,-9.31424,6,16.5,0,0,,2024-May-19,21:04:59
1665,2024-05-19 21:05:59,51.7443,-9.31424,6.1,16.75,0,0,,2024-May-19,21:05:59
1666,2024-05-19 21:06:59,51.7443,-9.31424,6,16.5,0,1,,2024-May-19,21:06:59
1667,2024-05-19 21:07:59,51.7443,-9.31424,6.1,16.5,0,0,,2024-May-19,21:07:59
1668,2024-05-19 21:08:59,51.7443,-9.31424,6.1,16.5,0,0,,2024-May-19,21:08:59
1669,2024-05-19 21:09:59,51.7443,-9.31424,6,16.5,0,0,,2024-May-19,21:09:59
1670,2024-05-19 21:10:59,51.7443,-9.31424,6,16.5,0,0,,2024-May-19,21:10:59
1671,2024-05-19 21:11:59,51.7443,-9.31424,6.1,16.5,0,0,,2024-May-19,21:11:59
1672,2024-05-19 21:12:59,51.7443,-9.31424,6,16.5,0,0,,2024-May-19,21:12:59
1673,2024-05-19 21:13:59,51.7443,-9.31424,6,16.5,0,0,,2024-May-19,21:13:59
1674,2024-05-19 21:14:59,51.7443,-9.31424,6,16.25,0,0,,2024-May-19,21:14:59
1675,2024-05-19 21:15:59,51.7443,-9.31424,6,16.5,0,0,,2024-May-19,21:15:59
1676,2024-05-19 21:16:59,51.7443,-9.31424,6,16.25,0,0,,2024-May-19,21:16:59
1677,2024-05-19 21:17:59,51.7443,-9.31424,6,16.25,0,0,,2024-May-19,21:17:59
1678,2024-05-19 21:18:59,51.7443,-9.31424,6,16.25,0,0,,2024-May-19,21:18:59
1679,2024-05-19 21:19:59,51.7443,-9.31424,6,16.25,0,0,,2024-May-19,21:19:59
1680,2024-05-19 21:20:59,51.7443,-9.31424,6,16.25,0,0,,2024-May-19,21:20:59
1681,2024-05-19 21:21:59,51.7443,-9.31424,6,16.25,0,0,,2024-May-19,21:21:59
1682,2024-05-19 21:22:59,51.7443,-9.31424,6,16.25,0,0,,2024-May-19,21:22:59
1683,2024-05-19 21:23:59,51.7443,-9.31424,6,16,0,0,,2024-May-19,21:23:59
1684,2024-05-19 21:24:59,51.7443,-9.31424,6,16,0,0,,2024-May-19,21:24:59
1685,2024-05-19 21:25:59,51.7443,-9.31424,6,16,0,0,,2024-May-19,21:25:59
1686,2024-05-19 21:26:59,51.7443,-9.31424,6,16,0,0,,2024-May-19,21:26:59
1687,2024-05-19 21:27:59,51.7443,-9.31424,6,15.75,0,0,,2024-May-19,21:27:59
1688,2024-05-19 21:28:59,51.7443,-9.31424,6,16,0,0,,2024-May-19,21:28:59
1689,2024-05-19 21:29:59,51.7443,-9.31424,6,16,0,0,,2024-May-19,21:29:59
1690,2024-05-19 21:30:59,51.7443,-9.31424,6,15.75,0,0,,2024-May-19,21:30:59
1691,2024-05-19 21:31:59,51.7443,-9.31424,6,15.75,0,0,,2024-May-19,21:31:59
1692,2024-05-19 21:32:59,51.7443,-9.31424,6,15.75,0,0,,2024-May-19,21:32:59
1693,2024-05-19 21:33:59,51.7443,-9.31424,6,15.75,0,0,,2024-May-19,21:33:59
1694,2024-05-19 21:34:59,51.7443,-9.31424,6,16,0,0,,2024-May-19,21:34:59
1695,2024-05-19 21:35:59,51.7443,-9.31424,6,15.75,0,0,,2024-May-19,21:35:59
1696,2024-05-19 21:36:59,51.7443,-9.31424,6,15.5,0,0,,2024-May-19,21:36:59
1697,2024-05-19 21:37:59,51.7443,-9.31424,6,15.75,0,0,,2024-May-19,21:37:59
1698,2024-05-19 21:38:59,51.7443,-9.31424,6,15.5,0,0,,2024-May-19,21:38:59
1699,2024-05-19 21:39:59,51.7443,-9.31424,6,15.5,0,0,,2024-May-19,21:39:59
1700,2024-05-19 21:40:59,51.7443,-9.31424,6,15.5,0,0,,2024-May-19,21:40:59
1701,2024-05-19 21:41:59,51.7443,-9.31424,6,15.5,0,0,,2024-May-19,21:41:59
1702,2024-05-19 21:42:59,51.7443,-9.31424,6,15.5,0,0,,2024-May-19,21:42:59
1703,2024-05-19 21:43:59,51.7443,-9.31424,6,15.25,0,0,,2024-May-19,21:43:59
1704,2024-05-19 21:44:59,51.7443,-9.31424,6,15.25,0,0,,2024-May-19,21:44:59
1705,2024-05-19 21:45:59,51.7443,-9.31424,6,15.5,0,0,,2024-May-19,21:45:59
1706,2024-05-19 21:46:59,51.7443,-9.31424,6,15.5,0,0,,2024-May-19,21:46:59
1707,2024-05-19 21:47:59,51.7443,-9.31424,6,15.5,0,0,,2024-May-19,21:47:59
1708,2024-05-19 21:48:59,51.7443,-9.31424,6,15.25,0,0,,2024-May-19,21:48:59
1709,2024-05-19 21:49:59,51.7443,-9.31424,6,15.25,0,0,,2024-May-19,21:49:59
1710,2024-05-19 21:50:59,51.7443,-9.31424,6,15.25,0,0,,2024-May-19,21:50:59
1711,2024-05-19 21:51:59,51.7443,-9.31424,6,15.25,0,0,,2024-May-19,21:51:59
1712,2024-05-19 21:52:59,51.7443,-9.31424,6,15.25,1,0,,2024-May-19,21:52:59
1713,2024-05-19 21:53:59,51.7443,-9.31424,6,15.25,0,0,,2024-May-19,21:53:59
1714,2024-05-19 21:54:59,51.7443,-9.31424,6,15.25,0,0,,2024-May-19,21:54:59
1715,2024-05-19 21:55:59,51.7443,-9.31424,6,15.25,0,0,,2024-May-19,21:55:59
1716,2024-05-19 21:56:59,51.7443,-9.31424,6,15.5,0,0,,2024-May-19,21:56:59
1717,2024-05-19 21:57:59,51.7443,-9.31424,6,15.25,0,0,,2024-May-19,21:57:59
1718,2024-05-19 21:58:59,51.7443,-9.31424,6,15.25,0,0,,2024-May-19,21:58:59
1719,2024-05-19 21:59:59,51.7443,-9.31424,6,15.25,0,0,,2024-May-19,21:59:59
1720,2024-05-19 22:00:59,51.7443,-9.31424,6,15.25,0,0,,2024-May-19,22:00:59
1721,2024-05-19 22:01:59,51.7443,-9.31424,6,15,1,0,,2024-May-19,22:01:59
1722,2024-05-19 22:02:59,51.7443,-9.31424,6,15.25,0,0,,2024-May-19,22:02:59
1723,2024-05-19 22:03:59,51.7443,-9.31424,6,15,0,0,,2024-May-19,22:03:59
1724,2024-05-19 22:04:59,51.7443,-9.31424,6,15,0,0,,2024-May-19,22:04:59
1725,2024-05-19 22:05:59,51.7443,-9.31424,6,15,0,0,,2024-May-19,22:05:59
1726,2024-05-19 22:06:59,51.7443,-9.31424,6,15.25,0,0,,2024-May-19,22:06:59
1727,2024-05-19 22:07:59,51.7443,-9.31424,6,15,0,0,,2024-May-19,22:07:59
1728,2024-05-19 22:08:59,51.7443,-9.31424,6,15,0,0,,2024-May-19,22:08:59
1729,2024-05-19 22:09:59,51.7443,-9.31424,6,15,0,0,,2024-May-19,22:09:59
1730,2024-05-19 22:10:59,51.7443,-9.31424,6,15,0,0,,2024-May-19,22:10:59
1731,2024-05-19 22:11:59,51.7443,-9.31424,6,15,0,0,,2024-May-19,22:11:59
1732,2024-05-19 22:12:59,51.7443,-9.31424,6,15,0,0,,2024-May-19,22:12:59
1733,2024-05-19 22:13:59,51.7443,-9.31424,6,15,0,0,,2024-May-19,22:13:59
1734,2024-05-19 22:14:59,51.7443,-9.31424,6,15,0,0,,2024-May-19,22:14:59
1735,2024-05-19 22:15:59,51.7443,-9.31424,6,15,0,0,,2024-May-19,22:15:59
1736,2024-05-19 22:16:59,51.7443,-9.31424,6,15,0,0,,2024-May-19,22:16:59
1737,2024-05-19 22:17:59,51.7443,-9.31424,6,14.75,0,0,,2024-May-19,22:17:59
1738,2024-05-19 22:18:59,51.7443,-9.31424,6,14.75,0,0,,2024-May-19,22:18:59
1739,2024-05-19 22:19:59,51.7443,-9.31424,6,15,1,0,,2024-May-19,22:19:59
1740,2024-05-19 22:20:59,51.7443,-9.31424,6,15,1,0,,2024-May-19,22:20:59
1741,2024-05-19 22:21:59,51.7443,-9.31424,6,14.75,0,0,,2024-May-19,22:21:59
1742,2024-05-19 22:22:59,51.7443,-9.31424,6,15,0,2,,2024-May-19,22:22:59
1743,2024-05-19 22:23:59,51.7443,-9.31424,6,14.75,0,0,,2024-May-19,22:23:59
1744,2024-05-19 22:24:59,51.7443,-9.31424,6,14.75,0,0,,2024-May-19,22:24:59
1745,2024-05-19 22:25:59,51.7443,-9.31424,6,14.75,0,0,,2024-May-19,22:25:59
1746,2024-05-19 22:26:59,51.7443,-9.31424,6,14.75,0,0,,2024-May-19,22:26:59
1747,2024-05-19 22:27:59,51.7443,-9.31424,6,14.75,0,0,,2024-May-19,22:27:59
1748,2024-05-19 22:28:59,51.7443,-9.31424,6,14.75,0,0,,2024-May-19,22:28:59
1749,2024-05-19 22:29:59,51.7443,-9.31424,6,14.75,0,0,,2024-May-19,22:29:59
1750,2024-05-19 22:30:59,51.7443,-9.31424,6,14.75,0,0,,2024-May-19,22:30:59
1751,2024-05-19 22:31:59,51.7443,-9.31424,6,14.75,0,0,,2024-May-19,22:31:59
1752,2024-05-19 22:32:59,51.7443,-9.31424,6,14.75,0,0,,2024-May-19,22:32:59
1753,2024-05-19 22:33:59,51.7443,-9.31424,6,14.75,0,0,,2024-May-19,22:33:59
1754,2024-05-19 22:34:59,51.7443,-9.31424,6,14.75,0,0,,2024-May-19,22:34:59
1755,2024-05-19 22:35:59,51.7443,-9.31424,6,14.75,0,0,,2024-May-19,22:35:59
1756,2024-05-19 22:36:59,51.7443,-9.31424,6,14.75,0,0,,2024-May-19,22:36:59
1757,2024-05-19 22:37:59,51.7443,-9.31424,6,14.75,0,0,,2024-May-19,22:37:59
1758,2024-05-19 22:38:59,51.7443,-9.31424,6,14.75,0,0,,2024-May-19,22:38:59
1759,2024-05-19 22:39:59,51.7443,-9.31424,6,14.75,0,0,,2024-May-19,22:39:59
1760,2024-05-19 22:40:59,51.7443,-9.31424,6,14.75,0,0,,2024-May-19,22:40:59
1761,2024-05-19 22:41:59,51.7443,-9.31424,6,14.5,0,0,,2024-May-19,22:41:59
1762,2024-05-19 22:42:59,51.7443,-9.31424,6,14.75,0,0,,2024-May-19,22:42:59
1763,2024-05-19 22:43:59,51.7443,-9.31424,6,14.75,0,0,,2024-May-19,22:43:59
1764,2024-05-19 22:44:59,51.7443,-9.31424,6,14.5,0,0,,2024-May-19,22:44:59
1765,2024-05-19 22:45:59,51.7443,-9.31424,6,14.75,0,0,,2024-May-19,22:45:59
1766,2024-05-19 22:46:59,51.7443,-9.31424,6,14.25,0,0,,2024-May-19,22:46:59
1767,2024-05-19 22:47:59,51.7443,-9.31424,6,14.75,0,0,,2024-May-19,22:47:59
1768,2024-05-19 22:48:59,51.7443,-9.31424,6,14.75,0,0,,2024-May-19,22:48:59
1769,2024-05-19 22:49:59,51.7443,-9.31424,6,14.25,0,0,,2024-May-19,22:49:59
1770,2024-05-19 22:50:59,51.7443,-9.31424,6,14.5,0,1,,2024-May-19,22:50:59
1771,2024-05-19 22:51:59,51.7443,-9.31424,5.9,14.25,1,0,,2024-May-19,22:51:59
1772,2024-05-19 22:52:59,51.7443,-9.31424,6,14.25,0,1,,2024-May-19,22:52:59
1773,2024-05-19 22:53:59,51.7443,-9.31424,6,14.25,0,2,,2024-May-19,22:53:59
1774,2024-05-19 22:54:59,51.7443,-9.31424,6,14.5,0,0,,2024-May-19,22:54:59
1775,2024-05-19 22:55:59,51.7443,-9.31424,6,14.5,0,0,,2024-May-19,22:55:59
1776,2024-05-19 22:56:59,51.7443,-9.31424,6,14.5,0,0,,2024-May-19,22:56:59
1777,2024-05-19 22:57:59,51.7443,-9.31424,6,14.25,0,0,,2024-May-19,22:57:59
1778,2024-05-19 22:58:59,51.7443,-9.31424,6,14.25,0,0,,2024-May-19,22:58:59
1779,2024-05-19 22:59:59,51.7443,-9.31424,6,14.25,0,0,,2024-May-19,22:59:59
1780,2024-05-19 23:00:59,51.7443,-9.31424,6,14.25,0,0,,2024-May-19,23:00:59
1781,2024-05-19 23:01:59,51.7443,-9.31424,6,14.25,0,3,,2024-May-19,23:01:59
1782,2024-05-19 23:02:59,51.7443,-9.31424,6,14.5,0,0,,2024-May-19,23:02:59
1783,2024-05-19 23:03:59,51.7443,-9.31424,6,14.5,0,0,,2024-May-19,23:03:59
1784,2024-05-19 23:04:59,51.7443,-9.31424,6,14.25,0,0,,2024-May-19,23:04:59
1785,2024-05-19 23:05:59,51.7443,-9.31424,6,14.5,0,1,,2024-May-19,23:05:59
1786,2024-05-19 23:06:59,51.7443,-9.31424,6,14.25,0,1,,2024-May-19,23:06:59
1787,2024-05-19 23:07:59,51.7443,-9.31424,6,14.25,0,0,,2024-May-19,23:07:59
1788,2024-05-19 23:08:59,51.7443,-9.31424,6,14,0,0,,2024-May-19,23:08:59
1789,2024-05-19 23:09:59,51.7443,-9.31424,6,14,0,0,,2024-May-19,23:09:59
1790,2024-05-19 23:10:59,51.7443,-9.31424,6,14,0,0,,2024-May-19,23:10:59
1791,2024-05-19 23:11:59,51.7443,-9.31424,6,14.25,4,1,,2024-May-19,23:11:59
1792,2024-05-19 23:12:59,51.7443,-9.31424,6,14,0,1,,2024-May-19,23:12:59
1793,2024-05-19 23:13:59,51.7443,-9.31424,6,14.25,0,0,,2024-May-19,23:13:59
1794,2024-05-19 23:14:59,51.7443,-9.31424,6,14,1,0,,2024-May-19,23:14:59
1795,2024-05-19 23:15:59,51.7443,-9.31424,6,13.75,0,0,,2024-May-19,23:15:59
1796,2024-05-19 23:16:59,51.7443,-9.31424,6,14.25,2,1,,2024-May-19,23:16:59
1797,2024-05-19 23:17:59,51.7443,-9.31424,6,14,0,0,,2024-May-19,23:17:59
1798,2024-05-19 23:18:59,51.7443,-9.31424,6,14,1,0,,2024-May-19,23:18:59
1799,2024-05-19 23:19:59,51.7443,-9.31424,5.9,13.75,0,2,,2024-May-19,23:19:59
1800,2024-05-19 23:20:59,51.7443,-9.31424,6,13.75,0,1,,2024-May-19,23:20:59
1801,2024-05-19 23:21:59,51.7443,-9.31424,6,13.75,0,1,,2024-May-19,23:21:59
1802,2024-05-19 23:22:59,51.7443,-9.31424,6,13.75,1,0,,2024-May-19,23:22:59
1803,2024-05-19 23:23:59,51.7443,-9.31424,6,14,2,0,,2024-May-19,23:23:59
1804,2024-05-19 23:24:59,51.7443,-9.31424,5.9,13.75,1,0,,2024-May-19,23:24:59
1805,2024-05-19 23:25:59,51.7443,-9.31424,5.9,13.75,2,0,,2024-May-19,23:25:59
1806,2024-05-19 23:26:59,51.7443,-9.31424,6,14,1,1,,2024-May-19,23:26:59
1807,2024-05-19 23:27:59,51.7443,-9.31424,6,13.75,0,0,,2024-May-19,23:27:59
1808,2024-05-19 23:28:59,51.7443,-9.31424,6,14,0,1,,2024-May-19,23:28:59
1809,2024-05-19 23:29:59,51.7443,-9.31424,6,13.75,1,0,,2024-May-19,23:29:59
1810,2024-05-19 23:30:59,51.7443,-9.31424,6,13.75,1,0,,2024-May-19,23:30:59
1811,2024-05-19 23:31:59,51.7443,-9.31424,6,13.75,0,0,,2024-May-19,23:31:59
1812,2024-05-19 23:32:59,51.7443,-9.31424,6,13.75,0,0,,2024-May-19,23:32:59
1813,2024-05-19 23:33:59,51.7443,-9.31424,6,13.5,2,1,,2024-May-19,23:33:59
1814,2024-05-19 23:34:59,51.7443,-9.31424,6,13.5,2,0,,2024-May-19,23:34:59
1815,2024-05-19 23:35:59,51.7443,-9.31424,6,13.5,0,0,,2024-May-19,23:35:59
1816,2024-05-19 23:36:59,51.7443,-9.31424,6,13.5,0,0,,2024-May-19,23:36:59
1817,2024-05-19 23:37:59,51.7443,-9.31424,6,13.5,2,0,,2024-May-19,23:37:59
1818,2024-05-19 23:38:59,51.7443,-9.31424,5.9,13.5,0,0,,2024-May-19,23:38:59
1819,2024-05-19 23:39:59,51.7443,-9.31424,6,13.5,1,1,,2024-May-19,23:39:59
1820,2024-05-19 23:40:59,51.7443,-9.31424,6,13.5,0,0,,2024-May-19,23:40:59
1821,2024-05-19 23:41:59,51.7443,-9.31424,6,13.5,0,0,,2024-May-19,23:41:59
1822,2024-05-19 23:42:59,51.7443,-9.31424,6,13.5,0,0,,2024-May-19,23:42:59
1823,2024-05-19 23:43:59,51.7443,-9.31424,6,13.25,0,0,,2024-May-19,23:43:59
1824,2024-05-19 23:44:59,51.7443,-9.31424,5.9,13.5,0,1,,2024-May-19,23:44:59
1825,2024-05-19 23:45:59,51.7443,-9.31424,6,13.5,2,3,,2024-May-19,23:45:59
1826,2024-05-19 23:46:59,51.7443,-9.31424,6,13.5,1,1,,2024-May-19,23:46:59
1827,2024-05-19 23:47:59,51.7443,-9.31424,6,13.5,1,1,,2024-May-19,23:47:59
1828,2024-05-19 23:48:59,51.7443,-9.31424,6,13.25,1,0,,2024-May-19,23:48:59
1829,2024-05-19 23:49:59,51.7443,-9.31424,6,13.5,0,1,,2024-May-19,23:49:59
1830,2024-05-19 23:50:59,51.7443,-9.31424,6,13.75,0,0,,2024-May-19,23:50:59
1831,2024-05-19 23:51:59,51.7443,-9.31424,6,13.5,0,0,,2024-May-19,23:51:59
1832,2024-05-19 23:52:59,51.7443,-9.31424,6,13.25,1,0,,2024-May-19,23:52:59
1833,2024-05-19 23:53:59,51.7443,-9.31424,6,13.5,1,0,,2024-May-19,23:53:59
1834,2024-05-19 23:54:59,51.7443,-9.31424,6,13.25,1,0,,2024-May-19,23:54:59
1835,2024-05-19 23:55:59,51.7443,-9.31424,5.9,13.25,2,0,,2024-May-19,23:55:59
1836,2024-05-19 23:56:59,51.7443,-9.31424,5.9,13.25,6,0,,2024-May-19,23:56:59
1837,2024-05-19 23:57:59,51.7443,-9.31424,6,13.5,4,0,,2024-May-19,23:57:59
1838,2024-05-19 23:58:59,51.7443,-9.31424,6,13.5,0,1,,2024-May-19,23:58:59
1839,2024-05-19 23:59:59,51.7443,-9.31424,6,13.5,1,1,,2024-May-19,23:59:59
1840,2024-05-20 00:00:59,51.7443,-9.31424,6,13.75,2,0,,2024-May-20,00:00:59
1841,2024-05-20 00:01:59,51.7443,-9.31424,6,13.5,0,0,,2024-May-20,00:01:59
1842,2024-05-20 00:02:59,51.7443,-9.31424,6,13.5,0,0,,2024-May-20,00:02:59
1843,2024-05-20 00:03:59,51.7443,-9.31424,6,13.5,0,0,,2024-May-20,00:03:59
1844,2024-05-20 00:04:59,51.7443,-9.31424,6,13.25,0,0,,2024-May-20,00:04:59
1845,2024-05-20 00:05:59,51.7443,-9.31424,6,13.5,1,1,,2024-May-20,00:05:59
1846,2024-05-20 00:06:59,51.7443,-9.31424,6,13.25,1,0,,2024-May-20,00:06:59
1847,2024-05-20 00:07:59,51.7443,-9.31424,6,13.25,1,2,,2024-May-20,00:07:59
1848,2024-05-20 00:08:59,51.7443,-9.31424,6,13.25,2,2,,2024-May-20,00:08:59
1849,2024-05-20 00:09:59,51.7443,-9.31424,6,13.25,0,0,,2024-May-20,00:09:59
1850,2024-05-20 00:10:59,51.7443,-9.31424,6,13.25,0,0,,2024-May-20,00:10:59
1851,2024-05-20 00:11:59,51.7443,-9.31424,6,13.25,1,0,,2024-May-20,00:11:59
1852,2024-05-20 00:12:59,51.7443,-9.31424,6,13,0,0,,2024-May-20,00:12:59
1853,2024-05-20 00:13:59,51.7443,-9.31424,6,13.25,0,0,,2024-May-20,00:13:59
1854,2024-05-20 00:14:59,51.7443,-9.31424,6,13,0,1,,2024-May-20,00:14:59
1855,2024-05-20 00:15:59,51.7443,-9.31424,6,13.25,0,2,,2024-May-20,00:15:59
1856,2024-05-20 00:16:59,51.7443,-9.31424,5.9,13.25,0,1,,2024-May-20,00:16:59
1857,2024-05-20 00:17:59,51.7443,-9.31424,6,13,4,0,,2024-May-20,00:17:59
1858,2024-05-20 00:18:59,51.7443,-9.31424,5.9,13,4,0,,2024-May-20,00:18:59
1859,2024-05-20 00:19:59,51.7443,-9.31424,6,13,1,0,,2024-May-20,00:19:59
1860,2024-05-20 00:20:59,51.7443,-9.31424,6,13.25,1,1,,2024-May-20,00:20:59
1861,2024-05-20 00:21:59,51.7443,-9.31424,6,13,0,0,,2024-May-20,00:21:59
1862,2024-05-20 00:22:59,51.7443,-9.31424,6,13,1,0,,2024-May-20,00:22:59
1863,2024-05-20 00:23:59,51.7443,-9.31424,6,13,0,0,,2024-May-20,00:23:59
1864,2024-05-20 00:24:59,51.7443,-9.31424,6,13,0,0,,2024-May-20,00:24:59
1865,2024-05-20 00:25:59,51.7443,-9.31424,6,13,1,1,,2024-May-20,00:25:59
1866,2024-05-20 00:26:59,51.7443,-9.31424,6,13,1,0,,2024-May-20,00:26:59
1867,2024-05-20 00:27:59,51.7443,-9.31424,6,13,0,0,,2024-May-20,00:27:59
1868,2024-05-20 00:28:59,51.7443,-9.31424,6,13,1,0,,2024-May-20,00:28:59
1869,2024-05-20 00:29:59,51.7443,-9.31424,6,13,1,1,,2024-May-20,00:29:59
1870,2024-05-20 00:30:59,51.7443,-9.31424,5.9,13,1,0,,2024-May-20,00:30:59
1871,2024-05-20 00:31:59,51.7443,-9.31424,6,13,1,0,,2024-May-20,00:31:59
1872,2024-05-20 00:32:59,51.7443,-9.31424,6,13,0,0,,2024-May-20,00:32:59
1873,2024-05-20 00:33:59,51.7443,-9.31424,6,13,0,0,,2024-May-20,00:33:59
1874,2024-05-20 00:34:59,51.7443,-9.31424,5.9,13,0,0,,2024-May-20,00:34:59
1875,2024-05-20 00:35:59,51.7443,-9.31424,6,13,2,0,,2024-May-20,00:35:59
1876,2024-05-20 00:36:59,51.7443,-9.31424,6,12.75,1,0,,2024-May-20,00:36:59
1877,2024-05-20 00:37:59,51.7443,-9.31424,6,13,0,0,,2024-May-20,00:37:59
1878,2024-05-20 00:38:59,51.7443,-9.31424,6,13,0,0,,2024-May-20,00:38:59
1879,2024-05-20 00:39:59,51.7443,-9.31424,6,13,0,0,,2024-May-20,00:39:59
1880,2024-05-20 00:40:59,51.7443,-9.31424,6,13,2,0,,2024-May-20,00:40:59
1881,2024-05-20 00:41:59,51.7443,-9.31424,6,13,0,0,,2024-May-20,00:41:59
1882,2024-05-20 00:42:59,51.7443,-9.31424,6,13,0,0,,2024-May-20,00:42:59
1883,2024-05-20 00:43:59,51.7443,-9.31424,6,13,0,0,,2024-May-20,00:43:59
1884,2024-05-20 00:44:59,51.7443,-9.31424,6,13,1,1,,2024-May-20,00:44:59
1885,2024-05-20 00:45:59,51.7443,-9.31424,6,13,0,2,,2024-May-20,00:45:59
1886,2024-05-20 00:46:59,51.7443,-9.31424,6,13,3,1,,2024-May-20,00:46:59
1887,2024-05-20 00:47:59,51.7443,-9.31424,6,12.75,1,0,,2024-May-20,00:47:59
1888,2024-05-20 00:48:59,51.7443,-9.31424,5.9,12.75,0,0,,2024-May-20,00:48:59
1889,2024-05-20 00:49:59,51.7443,-9.31424,6,13,1,1,,2024-May-20,00:49:59
1890,2024-05-20 00:50:59,51.7443,-9.31424,6,12.75,0,0,,2024-May-20,00:50:59
1891,2024-05-20 00:51:59,51.7443,-9.31424,6,12.75,0,0,,2024-May-20,00:51:59
1892,2024-05-20 00:52:59,51.7443,-9.31424,6,13,0,0,,2024-May-20,00:52:59
1893,2024-05-20 00:53:59,51.7443,-9.31424,5.9,13,1,0,,2024-May-20,00:53:59
1894,2024-05-20 00:54:59,51.7443,-9.31424,6,12.75,0,0,,2024-May-20,00:54:59
1895,2024-05-20 00:55:59,51.7443,-9.31424,6,12.75,0,0,,2024-May-20,00:55:59
1896,2024-05-20 00:56:59,51.7443,-9.31424,5.9,12.75,1,0,,2024-May-20,00:56:59
1897,2024-05-20 00:57:59,51.7443,-9.31424,5.9,12.75,2,1,,2024-May-20,00:57:59
1898,2024-05-20 00:58:59,51.7443,-9.31424,5.9,12.75,4,0,,2024-May-20,00:58:59
1899,2024-05-20 00:59:59,51.7443,-9.31424,5.9,12.75,2,0,,2024-May-20,00:59:59
1900,2024-05-20 01:00:59,51.7443,-9.31424,5.9,12.75,1,0,,2024-May-20,01:00:59
1901,2024-05-20 01:01:59,51.7443,-9.31424,6,12.75,0,0,,2024-May-20,01:01:59
1902,2024-05-20 01:02:59,51.7443,-9.31424,5.9,13,0,0,,2024-May-20,01:02:59
1903,2024-05-20 01:03:59,51.7443,-9.31424,5.9,12.75,0,0,,2024-May-20,01:03:59
1904,2024-05-20 01:04:59,51.7443,-9.31424,5.9,12.75,1,3,,2024-May-20,01:04:59
1905,2024-05-20 01:05:59,51.7443,-9.31424,5.9,12.75,1,0,,2024-May-20,01:05:59
1906,2024-05-20 01:06:59,51.7443,-9.31424,5.9,12.75,1,0,,2024-May-20,01:06:59
1907,2024-05-20 01:07:59,51.7443,-9.31424,5.9,12.75,1,0,,2024-May-20,01:07:59
1908,2024-05-20 01:08:59,51.7443,-9.31424,6,12.75,2,0,,2024-May-20,01:08:59
1909,2024-05-20 01:09:59,51.7443,-9.31424,5.9,12.75,1,0,,2024-May-20,01:09:59
1910,2024-05-20 01:10:59,51.7443,-9.31424,5.9,12.75,0,1,,2024-May-20,01:10:59
1911,2024-05-20 01:11:59,51.7443,-9.31424,5.9,12.75,4,1,,2024-May-20,01:11:59
1912,2024-05-20 01:12:59,51.7443,-9.31424,5.9,12.75,6,0,,2024-May-20,01:12:59
1913,2024-05-20 01:13:59,51.7443,-9.31424,5.9,12.75,2,0,,2024-May-20,01:13:59
1914,2024-05-20 01:14:59,51.7443,-9.31424,5.9,12.75,5,1,,2024-May-20,01:14:59
1915,2024-05-20 01:15:59,51.7443,-9.31424,5.9,12.75,3,2,,2024-May-20,01:15:59
1916,2024-05-20 01:16:59,51.7443,-9.31424,5.9,12.75,4,2,,2024-May-20,01:16:59
1917,2024-05-20 01:17:59,51.7443,-9.31424,5.9,12.75,1,2,,2024-May-20,01:17:59
1918,2024-05-20 01:18:59,51.7443,-9.31424,5.9,12.75,2,1,,2024-May-20,01:18:59
1919,2024-05-20 01:19:59,51.7443,-9.31424,5.9,12.75,1,4,,2024-May-20,01:19:59
1920,2024-05-20 01:20:59,51.7443,-9.31424,5.9,12.75,2,1,,2024-May-20,01:20:59
1921,2024-05-20 01:21:59,51.7443,-9.31424,5.9,12.75,2,2,,2024-May-20,01:21:59
1922,2024-05-20 01:22:59,51.7443,-9.31424,5.9,12.5,1,0,,2024-May-20,01:22:59
1923,2024-05-20 01:23:59,51.7443,-9.31424,5.9,12.5,5,0,,2024-May-20,01:23:59
1924,2024-05-20 01:24:59,51.7443,-9.31424,5.9,12.75,0,3,,2024-May-20,01:24:59
1925,2024-05-20 01:25:59,51.7443,-9.31424,5.9,12.75,1,4,,2024-May-20,01:25:59
1926,2024-05-20 01:26:59,51.7443,-9.31424,5.9,12.75,1,1,,2024-May-20,01:26:59
1927,2024-05-20 01:27:59,51.7443,-9.31424,5.9,12.5,1,1,,2024-May-20,01:27:59
1928,2024-05-20 01:28:59,51.7443,-9.31424,6,12.5,2,1,,2024-May-20,01:28:59
1929,2024-05-20 01:29:59,51.7443,-9.31424,5.9,12.75,2,1,,2024-May-20,01:29:59
1930,2024-05-20 01:30:59,51.7443,-9.31424,5.9,12.5,1,1,,2024-May-20,01:30:59
1931,2024-05-20 01:31:59,51.7443,-9.31424,5.9,12.5,1,0,,2024-May-20,01:31:59
1932,2024-05-20 01:32:59,51.7443,-9.31424,5.9,12.5,3,2,,2024-May-20,01:32:59
1933,2024-05-20 01:33:59,51.7443,-9.31424,5.9,12.5,1,2,,2024-May-20,01:33:59
1934,2024-05-20 01:34:59,51.7443,-9.31424,5.9,12.5,1,0,,2024-May-20,01:34:59
1935,2024-05-20 01:35:59,51.7443,-9.31424,5.9,12.75,2,2,,2024-May-20,01:35:59
1936,2024-05-20 01:36:59,51.7443,-9.31424,5.9,12.5,3,1,,2024-May-20,01:36:59
1937,2024-05-20 01:37:59,51.7443,-9.31424,5.9,12.75,3,0,,2024-May-20,01:37:59
1938,2024-05-20 01:38:59,51.7443,-9.31424,5.8,12.75,4,0,,2024-May-20,01:38:59
1939,2024-05-20 01:39:59,51.7443,-9.31424,5.8,12.5,4,0,,2024-May-20,01:39:59
1940,2024-05-20 01:40:59,51.7443,-9.31424,5.9,12.75,4,2,,2024-May-20,01:40:59
1941,2024-05-20 01:41:59,51.7443,-9.31424,5.9,12.75,3,0,,2024-May-20,01:41:59
1942,2024-05-20 01:42:59,51.7443,-9.31424,5.9,12.75,2,1,,2024-May-20,01:42:59
1943,2024-05-20 01:43:59,51.7443,-9.31424,5.9,12.75,5,0,,2024-May-20,01:43:59
1944,2024-05-20 01:44:59,51.7443,-9.31424,5.9,12.75,2,0,,2024-May-20,01:44:59
1945,2024-05-20 01:45:59,51.7443,-9.31424,5.9,12.75,5,0,,2024-May-20,01:45:59
1946,2024-05-20 01:46:59,51.7443,-9.31424,5.8,12.75,3,1,,2024-May-20,01:46:59
1947,2024-05-20 01:47:59,51.7443,-9.31424,5.9,12.75,2,0,,2024-May-20,01:47:59
1948,2024-05-20 01:48:59,51.7443,-9.31424,5.8,12.75,1,0,,2024-May-20,01:48:59
1949,2024-05-20 01:49:59,51.7443,-9.31424,5.9,12.75,3,1,,2024-May-20,01:49:59
1950,2024-05-20 01:50:59,51.7443,-9.31424,5.9,12.5,3,3,,2024-May-20,01:50:59
1951,2024-05-20 01:51:59,51.7443,-9.31424,5.8,12.5,4,0,,2024-May-20,01:51:59
1952,2024-05-20 01:52:59,51.7443,-9.31424,5.9,12.75,3,2,,2024-May-20,01:52:59
1953,2024-05-20 01:53:59,51.7443,-9.31424,5.8,12.5,2,1,,2024-May-20,01:53:59
1954,2024-05-20 01:54:59,51.7443,-9.31424,5.9,12.75,2,2,,2024-May-20,01:54:59
1955,2024-05-20 01:55:59,51.7443,-9.31424,5.9,12.5,4,1,,2024-May-20,01:55:59
1956,2024-05-20 01:56:59,51.7443,-9.31424,5.9,12.75,3,1,,2024-May-20,01:56:59
1957,2024-05-20 01:57:59,51.7443,-9.31424,5.8,12.75,3,0,,2024-May-20,01:57:59
1958,2024-05-20 01:58:59,51.7443,-9.31424,5.9,12.5,5,0,,2024-May-20,01:58:59
1959,2024-05-20 02:00:01,51.7443,-9.31424,5.9,12.5,2,1,,2024-May-20,02:00:01
1960,2024-05-20 02:01:01,51.7443,-9.31424,5.8,12.5,3,0,,2024-May-20,02:01:01
1961,2024-05-20 02:02:01,51.7443,-9.31424,5.9,12.5,4,0,,2024-May-20,02:02:01
1962,2024-05-20 02:03:01,51.7443,-9.31424,5.9,12.5,0,0,,2024-May-20,02:03:01
1963,2024-05-20 02:04:01,51.7443,-9.31424,5.9,12.5,0,0,,2024-May-20,02:04:01
1964,2024-05-20 02:05:01,51.7443,-9.31424,5.9,12.5,0,0,,2024-May-20,02:05:01
1965,2024-05-20 02:06:01,51.7443,-9.31424,5.9,12.5,0,0,,2024-May-20,02:06:01
1966,2024-05-20 02:07:01,51.7443,-9.31424,5.9,12.25,2,0,,2024-May-20,02:07:01
1967,2024-05-20 02:08:01,51.7443,-9.31424,5.9,12.5,3,1,,2024-May-20,02:08:01
1968,2024-05-20 02:09:01,51.7443,-9.31424,5.9,12.5,0,0,,2024-May-20,02:09:01
1969,2024-05-20 02:10:01,51.7443,-9.31424,5.9,12.25,0,0,,2024-May-20,02:10:01
1970,2024-05-20 02:11:01,51.7443,-9.31424,5.9,12.25,0,0,,2024-May-20,02:11:01
1971,2024-05-20 02:12:01,51.7443,-9.31424,5.9,12.25,1,0,,2024-May-20,02:12:01
1972,2024-05-20 02:13:01,51.7443,-9.31424,5.9,12.25,0,0,,2024-May-20,02:13:01
1973,2024-05-20 02:14:01,51.7443,-9.31424,5.9,12.25,0,0,,2024-May-20,02:14:01
1974,2024-05-20 02:15:01,51.7443,-9.31424,5.9,12.25,0,0,,2024-May-20,02:15:01
1975,2024-05-20 02:16:01,51.7443,-9.31424,5.9,12.25,1,2,,2024-May-20,02:16:01
1976,2024-05-20 02:17:01,51.7443,-9.31424,5.9,12.25,3,0,,2024-May-20,02:17:01
1977,2024-05-20 02:18:01,51.7443,-9.31424,5.9,12.25,1,0,,2024-May-20,02:18:01
1978,2024-05-20 02:19:01,51.7443,-9.31424,5.9,12.25,0,0,,2024-May-20,02:19:01
1979,2024-05-20 02:20:01,51.7443,-9.31424,5.9,12.25,1,0,,2024-May-20,02:20:01
1980,2024-05-20 02:21:01,51.7443,-9.31424,5.8,12.25,3,0,,2024-May-20,02:21:01
1981,2024-05-20 02:22:01,51.7443,-9.31424,5.9,12.25,2,1,,2024-May-20,02:22:01
1982,2024-05-20 02:23:01,51.7443,-9.31424,5.9,12.25,0,0,,2024-May-20,02:23:01
1983,2024-05-20 02:24:01,51.7443,-9.31424,5.9,12.25,0,0,,2024-May-20,02:24:01
1984,2024-05-20 02:25:01,51.7443,-9.31424,5.8,12.25,2,2,,2024-May-20,02:25:01
1985,2024-05-20 02:26:01,51.7443,-9.31424,5.9,12.25,2,4,,2024-May-20,02:26:01
1986,2024-05-20 02:27:01,51.7443,-9.31424,5.9,12.25,4,1,,2024-May-20,02:27:01
1987,2024-05-20 02:28:01,51.7443,-9.31424,5.9,12.25,3,1,,2024-May-20,02:28:01
1988,2024-05-20 02:29:01,51.7443,-9.31424,5.9,12.25,4,0,,2024-May-20,02:29:01
1989,2024-05-20 02:30:01,51.7443,-9.31424,5.9,12.25,2,1,,2024-May-20,02:30:01
1990,2024-05-20 02:31:01,51.7443,-9.31424,5.8,12.25,1,4,,2024-May-20,02:31:01
1991,2024-05-20 02:32:01,51.7443,-9.31424,5.8,12.25,3,1,,2024-May-20,02:32:01
1992,2024-05-20 02:33:01,51.7443,-9.31424,5.9,12.25,6,0,,2024-May-20,02:33:01
1993,2024-05-20 02:34:01,51.7443,-9.31424,5.9,12.25,4,1,,2024-May-20,02:34:01
1994,2024-05-20 02:35:01,51.7443,-9.31424,5.8,12.25,2,2,,2024-May-20,02:35:01
1995,2024-05-20 02:36:01,51.7443,-9.31424,5.9,12.25,5,0,,2024-May-20,02:36:01
1996,2024-05-20 02:37:01,51.7443,-9.31424,5.9,12.25,6,1,,2024-May-20,02:37:01
1997,2024-05-20 02:38:01,51.7443,-9.31424,5.8,12.25,3,0,,2024-May-20,02:38:01
1998,2024-05-20 02:39:01,51.7443,-9.31424,5.8,12.25,5,0,,2024-May-20,02:39:01
1999,2024-05-20 02:40:01,51.7443,-9.31424,5.8,12.5,5,0,,2024-May-20,02:40:01
2000,2024-05-20 02:41:01,51.7443,-9.31424,5.9,12.25,1,0,,2024-May-20,02:41:01
2001,2024-05-20 02:42:01,51.7443,-9.31424,5.9,12.25,0,0,,2024-May-20,02:42:01
2002,2024-05-20 02:43:01,51.7443,-9.31424,5.9,12.25,1,0,,2024-May-20,02:43:01
2003,2024-05-20 02:44:01,51.7443,-9.31424,5.9,12.25,0,0,,2024-May-20,02:44:01
2004,2024-05-20 02:45:01,51.7443,-9.31424,5.9,12,0,0,,2024-May-20,02:45:01
2005,2024-05-20 02:46:01,51.7443,-9.31424,5.9,12,0,0,,2024-May-20,02:46:01
2006,2024-05-20 02:47:01,51.7443,-9.31424,5.9,12,0,0,,2024-May-20,02:47:01
2007,2024-05-20 02:48:01,51.7443,-9.31424,5.9,12,0,0,,2024-May-20,02:48:01
2008,2024-05-20 02:49:01,51.7443,-9.31424,5.9,12,0,0,,2024-May-20,02:49:01
2009,2024-05-20 02:50:01,51.7443,-9.31424,5.9,12,0,0,,2024-May-20,02:50:01
2010,2024-05-20 02:51:01,51.7443,-9.31424,5.9,12,1,0,,2024-May-20,02:51:01
2011,2024-05-20 02:52:01,51.7443,-9.31424,5.9,12,0,0,,2024-May-20,02:52:01
2012,2024-05-20 02:53:01,51.7443,-9.31424,5.9,12,1,0,,2024-May-20,02:53:01
2013,2024-05-20 02:54:01,51.7443,-9.31424,5.9,12,0,0,,2024-May-20,02:54:01
2014,2024-05-20 02:55:01,51.7443,-9.31424,5.9,12,0,0,,2024-May-20,02:55:01
2015,2024-05-20 02:56:01,51.7443,-9.31424,5.9,12,0,0,,2024-May-20,02:56:01
2016,2024-05-20 02:57:01,51.7443,-9.31424,5.9,12,0,1,,2024-May-20,02:57:01
2017,2024-05-20 02:58:01,51.7443,-9.31424,5.8,12,0,0,,2024-May-20,02:58:01
2018,2024-05-20 02:59:01,51.7443,-9.31424,5.9,12,2,0,,2024-May-20,02:59:01
2019,2024-05-20 03:00:01,51.7443,-9.31424,5.9,12,2,0,,2024-May-20,03:00:01
2020,2024-05-20 03:01:01,51.7443,-9.31424,5.8,11.75,2,0,,2024-May-20,03:01:01
2021,2024-05-20 03:02:01,51.7443,-9.31424,5.8,12,2,3,,2024-May-20,03:02:01
2022,2024-05-20 03:03:01,51.7443,-9.31424,5.8,12,4,1,,2024-May-20,03:03:01
2023,2024-05-20 03:04:01,51.7443,-9.31424,5.8,12,3,0,,2024-May-20,03:04:01
2024,2024-05-20 03:05:01,51.7443,-9.31424,5.9,12,4,0,,2024-May-20,03:05:01
2025,2024-05-20 03:06:01,51.7443,-9.31424,5.9,12,2,0,,2024-May-20,03:06:01
2026,2024-05-20 03:07:01,51.7443,-9.31424,5.9,11.75,0,0,,2024-May-20,03:07:01
2027,2024-05-20 03:08:01,51.7443,-9.31424,5.9,12,0,0,,2024-May-20,03:08:01
2028,2024-05-20 03:09:01,51.7443,-9.31424,5.9,11.75,1,0,,2024-May-20,03:09:01
2029,2024-05-20 03:10:01,51.7443,-9.31424,5.9,12,0,0,,2024-May-20,03:10:01
2030,2024-05-20 03:11:01,51.7443,-9.31424,5.9,11.75,0,0,,2024-May-20,03:11:01
2031,2024-05-20 03:12:01,51.7443,-9.31424,5.9,11.75,0,0,,2024-May-20,03:12:01
2032,2024-05-20 03:13:01,51.7443,-9.31424,5.9,11.75,1,0,,2024-May-20,03:13:01
2033,2024-05-20 03:14:01,51.7443,-9.31424,5.9,11.75,0,0,,2024-May-20,03:14:01
2034,2024-05-20 03:15:01,51.7443,-9.31424,5.9,12,2,0,,2024-May-20,03:15:01
2035,2024-05-20 03:16:01,51.7443,-9.31424,5.9,12,1,0,,2024-May-20,03:16:01
2036,2024-05-20 03:17:01,51.7443,-9.31424,5.9,11.75,0,0,,2024-May-20,03:17:01
2037,2024-05-20 03:18:01,51.7443,-9.31424,5.9,11.75,0,0,,2024-May-20,03:18:01
2038,2024-05-20 03:19:01,51.7443,-9.31424,5.9,11.75,5,0,,2024-May-20,03:19:01
2039,2024-05-20 03:20:01,51.7443,-9.31424,5.8,11.75,2,1,,2024-May-20,03:20:01
2040,2024-05-20 03:21:01,51.7443,-9.31424,5.9,11.75,6,0,,2024-May-20,03:21:01
2041,2024-05-20 03:22:01,51.7443,-9.31424,5.8,11.75,1,2,,2024-May-20,03:22:01
2042,2024-05-20 03:23:01,51.7443,-9.31424,5.9,11.75,4,0,,2024-May-20,03:23:01
2043,2024-05-20 03:24:01,51.7443,-9.31424,5.9,12,0,0,,2024-May-20,03:24:01
2044,2024-05-20 03:25:01,51.7443,-9.31424,5.9,11.75,3,0,,2024-May-20,03:25:01
2045,2024-05-20 03:26:01,51.7443,-9.31424,5.9,12,0,0,,2024-May-20,03:26:01
2046,2024-05-20 03:27:01,51.7443,-9.31424,5.9,11.75,0,0,,2024-May-20,03:27:01
2047,2024-05-20 03:28:01,51.7443,-9.31424,5.9,12,1,1,,2024-May-20,03:28:01
2048,2024-05-20 03:29:01,51.7443,-9.31424,5.9,12,1,1,,2024-May-20,03:29:01
2049,2024-05-20 03:30:01,51.7443,-9.31424,5.8,12,3,0,,2024-May-20,03:30:01
2050,2024-05-20 03:31:01,51.7443,-9.31424,5.8,12,2,1,,2024-May-20,03:31:01
2051,2024-05-20 03:32:01,51.7443,-9.31424,5.8,11.75,5,0,,2024-May-20,03:32:01
2052,2024-05-20 03:33:01,51.7443,-9.31424,5.8,12,3,1,,2024-May-20,03:33:01
2053,2024-05-20 03:34:01,51.7443,-9.31424,5.8,12,5,0,,2024-May-20,03:34:01
2054,2024-05-20 03:35:01,51.7443,-9.31424,5.8,12,4,0,,2024-May-20,03:35:01
2055,2024-05-20 03:36:01,51.7443,-9.31424,5.8,12,4,1,,2024-May-20,03:36:01
2056,2024-05-20 03:37:01,51.7443,-9.31424,5.9,12,4,0,,2024-May-20,03:37:01
2057,2024-05-20 03:38:01,51.7443,-9.31424,5.9,12,0,0,,2024-May-20,03:38:01
2058,2024-05-20 03:39:01,51.7443,-9.31424,5.8,12,1,0,,2024-May-20,03:39:01
2059,2024-05-20 03:40:01,51.7443,-9.31424,5.9,12,4,0,,2024-May-20,03:40:01
2060,2024-05-20 03:41:01,51.7443,-9.31424,5.9,12,1,0,,2024-May-20,03:41:01
2061,2024-05-20 03:42:01,51.7443,-9.31424,5.9,12,1,0,,2024-May-20,03:42:01
2062,2024-05-20 03:43:01,51.7443,-9.31424,5.9,12,1,0,,2024-May-20,03:43:01
2063,2024-05-20 03:44:01,51.7443,-9.31424,5.8,12,1,0,,2024-May-20,03:44:01
2064,2024-05-20 03:45:01,51.7443,-9.31424,5.8,12,4,0,,2024-May-20,03:45:01
2065,2024-05-20 03:46:01,51.7443,-9.31424,5.8,12,6,0,,2024-May-20,03:46:01
2066,2024-05-20 03:47:01,51.7443,-9.31424,5.9,12,3,0,,2024-May-20,03:47:01
2067,2024-05-20 03:48:01,51.7443,-9.31424,5.8,12,2,0,,2024-May-20,03:48:01
2068,2024-05-20 03:49:01,51.7443,-9.31424,5.9,12,5,0,,2024-May-20,03:49:01
2069,2024-05-20 03:50:01,51.7443,-9.31424,5.9,12,3,1,,2024-May-20,03:50:01
2070,2024-05-20 03:51:01,51.7443,-9.31424,5.9,12,5,0,,2024-May-20,03:51:01
2071,2024-05-20 03:52:01,51.7443,-9.31424,5.9,12,3,0,,2024-May-20,03:52:01
2072,2024-05-20 03:53:01,51.7443,-9.31424,5.8,12,5,0,,2024-May-20,03:53:01
2073,2024-05-20 03:54:01,51.7443,-9.31424,5.9,12,3,0,,2024-May-20,03:54:01
2074,2024-05-20 03:55:01,51.7443,-9.31424,5.8,12,3,0,,2024-May-20,03:55:01
2075,2024-05-20 03:56:01,51.7443,-9.31424,5.8,12,4,0,,2024-May-20,03:56:01
2076,2024-05-20 03:57:01,51.7443,-9.31424,5.9,12,5,0,,2024-May-20,03:57:01
2077,2024-05-20 03:58:01,51.7443,-9.31424,5.9,12,3,1,,2024-May-20,03:58:01
2078,2024-05-20 03:59:01,51.7443,-9.31424,5.8,12,3,0,,2024-May-20,03:59:01
2079,2024-05-20 04:00:01,51.7443,-9.31424,5.9,11.75,3,1,,2024-May-20,04:00:01
2080,2024-05-20 04:01:01,51.7443,-9.31424,5.8,11.75,2,0,,2024-May-20,04:01:01
2081,2024-05-20 04:02:01,51.7443,-9.31424,5.9,11.75,4,1,,2024-May-20,04:02:01
2082,2024-05-20 04:03:01,51.7443,-9.31424,5.8,12,3,0,,2024-May-20,04:03:01
2083,2024-05-20 04:04:01,51.7443,-9.31424,5.9,12,4,0,,2024-May-20,04:04:01
2084,2024-05-20 04:05:01,51.7443,-9.31424,5.9,11.75,1,0,,2024-May-20,04:05:01
2085,2024-05-20 04:06:01,51.7443,-9.31424,5.8,11.75,3,1,,2024-May-20,04:06:01
2086,2024-05-20 04:07:01,51.7443,-9.31424,5.9,12,2,0,,2024-May-20,04:07:01
2087,2024-05-20 04:08:01,51.7443,-9.31424,5.8,11.75,2,0,,2024-May-20,04:08:01
2088,2024-05-20 04:09:01,51.7443,-9.31424,5.9,11.75,1,0,,2024-May-20,04:09:01
2089,2024-05-20 04:10:01,51.7443,-9.31424,5.9,11.5,1,0,,2024-May-20,04:10:01
2090,2024-05-20 04:11:01,51.7443,-9.31424,5.9,11.75,0,0,,2024-May-20,04:11:01
2091,2024-05-20 04:12:01,51.7443,-9.31424,5.9,11.5,2,0,,2024-May-20,04:12:01
2092,2024-05-20 04:13:01,51.7443,-9.31424,5.8,11.5,1,0,,2024-May-20,04:13:01
2093,2024-05-20 04:14:01,51.7443,-9.31424,5.9,11.5,1,0,,2024-May-20,04:14:01
2094,2024-05-20 04:15:01,51.7443,-9.31424,5.9,11.5,0,0,,2024-May-20,04:15:01
2095,2024-05-20 04:16:01,51.7443,-9.31424,5.9,11.5,0,0,,2024-May-20,04:16:01
2096,2024-05-20 04:17:01,51.7443,-9.31424,5.9,11.5,0,0,,2024-May-20,04:17:01
2097,2024-05-20 04:18:01,51.7443,-9.31424,5.9,11.5,0,0,,2024-May-20,04:18:01
2098,2024-05-20 04:19:01,51.7443,-9.31424,5.9,11.25,1,0,,2024-May-20,04:19:01
2099,2024-05-20 04:20:01,51.7443,-9.31424,5.9,11.5,1,0,,2024-May-20,04:20:01
2100,2024-05-20 04:21:01,51.7443,-9.31424,5.9,11.5,0,0,,2024-May-20,04:21:01
2101,2024-05-20 04:22:01,51.7443,-9.31424,5.9,11.5,2,0,,2024-May-20,04:22:01
2102,2024-05-20 04:23:01,51.7443,-9.31424,5.9,11.5,0,0,,2024-May-20,04:23:01
2103,2024-05-20 04:24:01,51.7443,-9.31424,5.9,11.5,0,0,,2024-May-20,04:24:01
2104,2024-05-20 04:25:01,51.7443,-9.31424,5.9,11.25,0,0,,2024-May-20,04:25:01
2105,2024-05-20 04:26:01,51.7443,-9.31424,5.9,11.25,0,0,,2024-May-20,04:26:01
2106,2024-05-20 04:27:01,51.7443,-9.31424,5.9,11.25,0,0,,2024-May-20,04:27:01
2107,2024-05-20 04:28:01,51.7443,-9.31424,5.9,11.25,1,0,,2024-May-20,04:28:01
2108,2024-05-20 04:29:01,51.7443,-9.31424,5.9,11.25,0,0,,2024-May-20,04:29:01
2109,2024-05-20 04:30:01,51.7443,-9.31424,5.9,11.25,0,0,,2024-May-20,04:30:01
2110,2024-05-20 04:31:01,51.7443,-9.31424,5.9,11.25,3,1,,2024-May-20,04:31:01
2111,2024-05-20 04:32:01,51.7443,-9.31424,5.9,11,0,0,,2024-May-20,04:32:01
2112,2024-05-20 04:33:01,51.7443,-9.31424,5.9,11,0,0,,2024-May-20,04:33:01
2113,2024-05-20 04:34:01,51.7443,-9.31424,5.9,11,1,0,,2024-May-20,04:34:01
2114,2024-05-20 04:35:01,51.7443,-9.31424,5.9,11,1,1,,2024-May-20,04:35:01
2115,2024-05-20 04:36:01,51.7443,-9.31424,5.9,11,3,1,,2024-May-20,04:36:01
2116,2024-05-20 04:37:01,51.7443,-9.31424,5.9,11,0,0,,2024-May-20,04:37:01
2117,2024-05-20 04:38:01,51.7443,-9.31424,5.8,11,2,0,,2024-May-20,04:38:01
2118,2024-05-20 04:39:01,51.7443,-9.31424,5.9,10.75,2,0,,2024-May-20,04:39:01
2119,2024-05-20 04:40:01,51.7443,-9.31424,5.9,10.75,1,0,,2024-May-20,04:40:01
2120,2024-05-20 04:41:01,51.7443,-9.31424,5.9,11,0,0,,2024-May-20,04:41:01
2121,2024-05-20 04:42:01,51.7443,-9.31424,5.9,11,1,0,,2024-May-20,04:42:01
2122,2024-05-20 04:43:01,51.7443,-9.31424,5.8,10.75,0,0,,2024-May-20,04:43:01
2123,2024-05-20 04:44:01,51.7443,-9.31424,5.9,10.75,4,0,,2024-May-20,04:44:01
2124,2024-05-20 04:45:01,51.7443,-9.31424,5.9,10.75,2,1,,2024-May-20,04:45:01
2125,2024-05-20 04:46:01,51.7443,-9.31424,5.9,10.75,0,0,,2024-May-20,04:46:01
2126,2024-05-20 04:47:01,51.7443,-9.31424,5.9,10.75,1,0,,2024-May-20,04:47:01
2127,2024-05-20 04:48:01,51.7443,-9.31424,5.9,10.75,0,0,,2024-May-20,04:48:01
2128,2024-05-20 04:49:01,51.7443,-9.31424,5.9,10.75,1,0,,2024-May-20,04:49:01
2129,2024-05-20 04:50:01,51.7443,-9.31424,5.8,10.75,1,0,,2024-May-20,04:50:01
2130,2024-05-20 04:51:01,51.7443,-9.31424,5.9,10.5,2,0,,2024-May-20,04:51:01
2131,2024-05-20 04:52:01,51.7443,-9.31424,5.8,10.5,1,0,,2024-May-20,04:52:01
2132,2024-05-20 04:53:01,51.7443,-9.31424,5.9,10.5,2,0,,2024-May-20,04:53:01
2133,2024-05-20 04:54:01,51.7443,-9.31424,5.9,10.75,0,0,,2024-May-20,04:54:01
2134,2024-05-20 04:55:01,51.7443,-9.31424,5.9,10.5,2,0,,2024-May-20,04:55:01
2135,2024-05-20 04:56:01,51.7443,-9.31424,5.9,10.5,0,0,,2024-May-20,04:56:01
2136,2024-05-20 04:57:01,51.7443,-9.31424,5.9,10.5,0,0,,2024-May-20,04:57:01
2137,2024-05-20 04:58:01,51.7443,-9.31424,5.9,10.5,0,0,,2024-May-20,04:58:01
2138,2024-05-20 04:59:01,51.7443,-9.31424,5.9,10.5,0,0,,2024-May-20,04:59:01
2139,2024-05-20 05:00:01,51.7443,-9.31424,5.9,10.5,0,0,,2024-May-20,05:00:01
2140,2024-05-20 05:01:01,51.7443,-9.31424,5.9,10.5,2,0,,2024-May-20,05:01:01
2141,2024-05-20 05:02:01,51.7443,-9.31424,5.9,10.5,0,0,,2024-May-20,05:02:01
2142,2024-05-20 05:03:01,51.7443,-9.31424,5.9,10.5,1,0,,2024-May-20,05:03:01
2143,2024-05-20 05:04:01,51.7443,-9.31424,5.9,10.5,0,0,,2024-May-20,05:04:01
2144,2024-05-20 05:05:01,51.7443,-9.31424,5.9,10.5,0,0,,2024-May-20,05:05:01
2145,2024-05-20 05:06:01,51.7443,-9.31424,5.9,10.5,0,0,,2024-May-20,05:06:01
2146,2024-05-20 05:07:01,51.7443,-9.31424,5.9,10.5,0,0,,2024-May-20,05:07:01
2147,2024-05-20 05:08:01,51.7443,-9.31424,5.9,10.5,0,0,,2024-May-20,05:08:01
2148,2024-05-20 05:09:01,51.7443,-9.31424,5.9,10.25,0,0,,2024-May-20,05:09:01
2149,2024-05-20 05:10:01,51.7443,-9.31424,5.9,10.5,0,0,,2024-May-20,05:10:01
2150,2024-05-20 05:11:01,51.7443,-9.31424,5.9,10.5,0,0,,2024-May-20,05:11:01
2151,2024-05-20 05:12:01,51.7443,-9.31424,5.9,10.5,0,0,,2024-May-20,05:12:01
2152,2024-05-20 05:13:01,51.7443,-9.31424,5.9,10.5,0,0,,2024-May-20,05:13:01
2153,2024-05-20 05:14:01,51.7443,-9.31424,5.9,10.5,0,0,,2024-May-20,05:14:01
2154,2024-05-20 05:15:01,51.7443,-9.31424,5.9,10.5,0,0,,2024-May-20,05:15:01
2155,2024-05-20 05:16:01,51.7443,-9.31424,5.9,10.5,0,0,,2024-May-20,05:16:01
2156,2024-05-20 05:17:01,51.7443,-9.31424,5.9,10.25,0,0,,2024-May-20,05:17:01
2157,2024-05-20 05:18:01,51.7443,-9.31424,5.9,10.5,0,0,,2024-May-20,05:18:01
2158,2024-05-20 05:19:01,51.7443,-9.31424,5.9,10.5,0,0,,2024-May-20,05:19:01
2159,2024-05-20 05:20:01,51.7443,-9.31424,5.9,10.25,0,0,,2024-May-20,05:20:01
2160,2024-05-20 05:21:01,51.7443,-9.31424,5.9,10.5,0,0,,2024-May-20,05:21:01
2161,2024-05-20 05:22:01,51.7443,-9.31424,5.9,10.25,0,0,,2024-May-20,05:22:01
2162,2024-05-20 05:23:01,51.7443,-9.31424,5.9,10.5,0,0,,2024-May-20,05:23:01
2163,2024-05-20 05:24:01,51.7443,-9.31424,5.9,10.5,0,0,,2024-May-20,05:24:01
2164,2024-05-20 05:25:01,51.7443,-9.31424,5.9,10.25,0,0,,2024-May-20,05:25:01
2165,2024-05-20 05:26:01,51.7443,-9.31424,5.9,10.5,0,0,,2024-May-20,05:26:01
2166,2024-05-20 05:27:01,51.7443,-9.31424,5.9,10.5,0,0,,2024-May-20,05:27:01
2167,2024-05-20 05:28:01,51.7443,-9.31424,5.9,10.25,0,0,,2024-May-20,05:28:01
2168,2024-05-20 05:29:01,51.7443,-9.31424,5.9,10.25,0,0,,2024-May-20,05:29:01
2169,2024-05-20 05:30:01,51.7443,-9.31424,5.9,10.25,0,0,,2024-May-20,05:30:01
2170,2024-05-20 05:31:01,51.7443,-9.31424,5.9,10.25,0,0,,2024-May-20,05:31:01
2171,2024-05-20 05:32:01,51.7443,-9.31424,5.9,10.5,0,0,,2024-May-20,05:32:01
2172,2024-05-20 05:33:01,51.7443,-9.31424,5.9,10.25,0,0,,2024-May-20,05:33:01
2173,2024-05-20 05:34:01,51.7443,-9.31424,5.9,10.25,0,0,,2024-May-20,05:34:01
2174,2024-05-20 05:35:01,51.7443,-9.31424,5.9,10.25,0,0,,2024-May-20,05:35:01
2175,2024-05-20 05:36:01,51.7443,-9.31424,5.9,10.25,0,0,,2024-May-20,05:36:01
2176,2024-05-20 05:37:01,51.7443,-9.31424,5.9,10.25,0,0,,2024-May-20,05:37:01
2177,2024-05-20 05:38:01,51.7443,-9.31424,5.9,10.25,0,0,,2024-May-20,05:38:01
2178,2024-05-20 05:39:01,51.7443,-9.31424,5.9,10.25,0,0,,2024-May-20,05:39:01
2179,2024-05-20 05:40:01,51.7443,-9.31424,5.9,10.25,0,0,,2024-May-20,05:40:01
2180,2024-05-20 05:41:01,51.7443,-9.31424,5.9,10.25,0,0,,2024-May-20,05:41:01
2181,2024-05-20 05:42:01,51.7443,-9.31424,5.9,10.25,0,0,,2024-May-20,05:42:01
2182,2024-05-20 05:43:01,51.7443,-9.31424,5.9,10.25,0,0,,2024-May-20,05:43:01
2183,2024-05-20 05:44:01,51.7443,-9.31424,5.9,10.25,0,0,,2024-May-20,05:44:01
2184,2024-05-20 05:45:01,51.7443,-9.31424,5.9,10.25,0,0,,2024-May-20,05:45:01
2185,2024-05-20 05:46:01,51.7443,-9.31424,5.9,10.25,0,0,,2024-May-20,05:46:01
2186,2024-05-20 05:47:01,51.7443,-9.31424,5.9,10.25,0,0,,2024-May-20,05:47:01
2187,2024-05-20 05:48:01,51.7443,-9.31424,5.9,10.25,0,0,,2024-May-20,05:48:01
2188,2024-05-20 05:49:01,51.7443,-9.31424,5.9,10.25,0,0,,2024-May-20,05:49:01
2189,2024-05-20 05:50:01,51.7443,-9.31424,5.9,10.25,0,0,,2024-May-20,05:50:01
2190,2024-05-20 05:51:01,51.7443,-9.31424,5.9,10.25,0,0,,2024-May-20,05:51:01
2191,2024-05-20 05:52:01,51.7443,-9.31424,5.9,10.25,0,0,,2024-May-20,05:52:01
2192,2024-05-20 05:53:01,51.7443,-9.31424,5.9,10.25,0,0,,2024-May-20,05:53:01
2193,2024-05-20 05:54:01,51.7443,-9.31424,5.9,10.25,0,0,,2024-May-20,05:54:01
2194,2024-05-20 05:55:01,51.7443,-9.31424,5.9,10.25,0,0,,2024-May-20,05:55:01
2195,2024-05-20 05:56:01,51.7443,-9.31424,5.9,10.25,0,0,,2024-May-20,05:56:01
2196,2024-05-20 05:57:01,51.7443,-9.31424,5.9,10.25,0,0,,2024-May-20,05:57:01
2197,2024-05-20 05:58:01,51.7443,-9.31424,5.9,10,0,0,,2024-May-20,05:58:01
2198,2024-05-20 05:59:01,51.7443,-9.31424,5.9,10,0,0,,2024-May-20,05:59:01
2199,2024-05-20 06:00:01,51.7443,-9.31424,5.9,10,0,0,,2024-May-20,06:00:01
2200,2024-05-20 06:01:01,51.7443,-9.31424,5.9,10.25,0,0,,2024-May-20,06:01:01
2201,2024-05-20 06:02:01,51.7443,-9.31424,5.9,10,0,0,,2024-May-20,06:02:01
2202,2024-05-20 06:03:01,51.7443,-9.31424,5.9,10.25,0,0,,2024-May-20,06:03:01
2203,2024-05-20 06:04:01,51.7443,-9.31424,5.9,10,0,0,,2024-May-20,06:04:01
2204,2024-05-20 06:05:01,51.7443,-9.31424,5.9,10,0,0,,2024-May-20,06:05:01
2205,2024-05-20 06:06:01,51.7443,-9.31424,5.9,10,0,0,,2024-May-20,06:06:01
2206,2024-05-20 06:07:00,51.7443,-9.31424,5.9,10,0,0,,2024-May-20,06:07:00
2207,2024-05-20 21:01:59,51.7443,-9.31424,6,22,0,0,,2024-May-20,21:01:59
2208,2024-05-20 21:02:59,51.7443,-9.31424,6,22,0,0,,2024-May-20,21:02:59
2209,2024-05-20 21:03:59,51.7443,-9.31424,6,22,0,0,,2024-May-20,21:03:59
2210,2024-05-20 21:04:59,51.7443,-9.31424,6,22.25,0,0,,2024-May-20,21:04:59
2211,2024-05-20 21:05:59,51.7443,-9.31424,6,22,0,0,,2024-May-20,21:05:59
2212,2024-05-20 21:06:59,51.7443,-9.31424,6,22,0,0,,2024-May-20,21:06:59
2213,2024-05-20 21:07:59,51.7443,-9.31424,6,22,0,0,,2024-May-20,21:07:59
2214,2024-05-20 21:08:59,51.7443,-9.31424,6,22,0,0,,2024-May-20,21:08:59
2215,2024-05-20 21:09:59,51.7443,-9.31424,6,21.75,0,0,,2024-May-20,21:09:59
2216,2024-05-20 21:10:59,51.7443,-9.31424,6,21.75,0,0,,2024-May-20,21:10:59
2217,2024-05-20 21:11:59,51.7443,-9.31424,6,21.75,0,0,,2024-May-20,21:11:59
2218,2024-05-20 21:12:59,51.7443,-9.31424,6,21.5,0,0,,2024-May-20,21:12:59
2219,2024-05-20 21:13:59,51.7443,-9.31424,6,21.5,0,0,,2024-May-20,21:13:59
2220,2024-05-20 21:14:59,51.7443,-9.31424,6,21.75,0,1,,2024-May-20,21:14:59
2221,2024-05-20 21:15:59,51.7443,-9.31424,6,21.5,0,0,,2024-May-20,21:15:59
2222,2024-05-20 21:16:59,51.7443,-9.31424,6,21.5,0,0,,2024-May-20,21:16:59
2223,2024-05-20 21:17:59,51.7443,-9.31424,6,21.25,0,0,,2024-May-20,21:17:59
2224,2024-05-20 21:18:59,51.7443,-9.31424,6,21,0,0,,2024-May-20,21:18:59
2225,2024-05-20 21:19:59,51.7443,-9.31424,6,21.25,0,0,,2024-May-20,21:19:59
2226,2024-05-20 21:20:59,51.7443,-9.31424,6,21,0,0,,2024-May-20,21:20:59
2227,2024-05-20 21:21:59,51.7443,-9.31424,6,20.75,0,0,,2024-May-20,21:21:59
2228,2024-05-20 21:22:59,51.7443,-9.31424,6,20.5,0,0,,2024-May-20,21:22:59
2229,2024-05-20 21:23:59,51.7443,-9.31424,6,20.5,0,0,,2024-May-20,21:23:59
2230,2024-05-20 21:24:59,51.7443,-9.31424,6,20.5,0,0,,2024-May-20,21:24:59
2231,2024-05-20 21:25:59,51.7443,-9.31424,6,20.25,0,0,,2024-May-20,21:25:59
2232,2024-05-20 21:26:59,51.7443,-9.31424,6,20,0,0,,2024-May-20,21:26:59
2233,2024-05-20 21:27:59,51.7443,-9.31424,5.9,20,0,0,,2024-May-20,21:27:59
2234,2024-05-20 21:28:59,51.7443,-9.31424,6,19.75,0,0,,2024-May-20,21:28:59
2235,2024-05-20 21:29:59,51.7443,-9.31424,5.9,19.75,0,0,,2024-May-20,21:29:59
2236,2024-05-20 21:30:59,51.7443,-9.31424,6,19.5,0,0,,2024-May-20,21:30:59
2237,2024-05-20 21:31:59,51.7443,-9.31424,6,19.5,0,0,,2024-May-20,21:31:59
2238,2024-05-20 21:32:59,51.7443,-9.31424,6,19.25,0,0,,2024-May-20,21:32:59
2239,2024-05-20 21:33:59,51.7443,-9.31424,6,19,0,0,,2024-May-20,21:33:59
2240,2024-05-20 21:34:59,51.7443,-9.31424,6,18.75,0,0,,2024-May-20,21:34:59
2241,2024-05-20 21:35:59,51.7443,-9.31424,5.9,19,0,0,,2024-May-20,21:35:59
2242,2024-05-20 21:36:59,51.7443,-9.31424,6,18.75,0,0,,2024-May-20,21:36:59
2243,2024-05-20 21:37:59,51.7443,-9.31424,5.9,18.5,0,0,,2024-May-20,21:37:59
2244,2024-05-20 21:38:59,51.7443,-9.31424,5.9,18.5,0,0,,2024-May-20,21:38:59
2245,2024-05-20 21:39:59,51.7443,-9.31424,5.9,18.25,0,0,,2024-May-20,21:39:59
2246,2024-05-20 21:40:59,51.7443,-9.31424,5.9,18,0,0,,2024-May-20,21:40:59
2247,2024-05-20 21:41:59,51.7443,-9.31424,5.9,18,0,0,,2024-May-20,21:41:59
2248,2024-05-20 21:42:59,51.7443,-9.31424,5.9,17.75,0,0,,2024-May-20,21:42:59
2249,2024-05-20 21:43:59,51.7443,-9.31424,5.9,17.5,0,0,,2024-May-20,21:43:59
2250,2024-05-20 21:44:59,51.7443,-9.31424,5.9,17.5,0,0,,2024-May-20,21:44:59
2251,2024-05-20 21:45:59,51.7443,-9.31424,5.9,17.5,0,0,,2024-May-20,21:45:59
2252,2024-05-20 21:46:59,51.7443,-9.31424,5.9,17.5,0,0,,2024-May-20,21:46:59
2253,2024-05-20 21:47:59,51.7443,-9.31424,5.9,17.25,0,0,,2024-May-20,21:47:59
2254,2024-05-20 21:48:59,51.7443,-9.31424,5.9,17,0,0,,2024-May-20,21:48:59
2255,2024-05-20 21:49:59,51.7443,-9.31424,5.9,17,0,0,,2024-May-20,21:49:59
2256,2024-05-20 21:50:59,51.7443,-9.31424,5.9,16.75,0,0,,2024-May-20,21:50:59
2257,2024-05-20 21:51:59,51.7443,-9.31424,5.9,16.75,0,0,,2024-May-20,21:51:59
2258,2024-05-20 21:52:59,51.7443,-9.31424,5.9,16.75,0,0,,2024-May-20,21:52:59
2259,2024-05-20 21:53:59,51.7443,-9.31424,5.9,16.5,0,0,,2024-May-20,21:53:59
2260,2024-05-20 21:54:59,51.7443,-9.31424,5.9,16.5,0,0,,2024-May-20,21:54:59
2261,2024-05-20 21:55:59,51.7443,-9.31424,5.9,16.25,0,0,,2024-May-20,21:55:59
2262,2024-05-20 21:56:59,51.7443,-9.31424,5.9,16.5,0,0,,2024-May-20,21:56:59
2263,2024-05-20 21:57:59,51.7443,-9.31424,5.9,16.25,0,0,,2024-May-20,21:57:59
2264,2024-05-20 21:58:59,51.7443,-9.31424,5.9,16.25,0,0,,2024-May-20,21:58:59
2265,2024-05-20 21:59:59,51.7443,-9.31424,5.9,16,0,0,,2024-May-20,21:59:59
2266,2024-05-20 22:00:59,51.7443,-9.31424,5.9,15.75,0,0,,2024-May-20,22:00:59
2267,2024-05-20 22:01:59,51.7443,-9.31424,5.9,15.75,0,0,,2024-May-20,22:01:59
2268,2024-05-20 22:02:59,51.7443,-9.31424,5.9,15.75,0,0,,2024-May-20,22:02:59
2269,2024-05-20 22:03:59,51.7443,-9.31424,5.9,15.75,0,0,,2024-May-20,22:03:59
2270,2024-05-20 22:04:59,51.7443,-9.31424,5.9,15.75,0,0,,2024-May-20,22:04:59
2271,2024-05-20 22:05:59,51.7443,-9.31424,5.9,15.5,1,0,,2024-May-20,22:05:59
2272,2024-05-20 22:06:59,51.7443,-9.31424,5.9,15.25,0,0,,2024-May-20,22:06:59
2273,2024-05-20 22:07:59,51.7443,-9.31424,5.9,15.25,0,0,,2024-May-20,22:07:59
2274,2024-05-20 22:08:59,51.7443,-9.31424,5.9,15.25,1,1,,2024-May-20,22:08:59
2275,2024-05-20 22:09:59,51.7443,-9.31424,5.9,15.25,0,0,,2024-May-20,22:09:59
2276,2024-05-20 22:10:59,51.7443,-9.31424,5.9,15,1,0,,2024-May-20,22:10:59
2277,2024-05-20 22:11:59,51.7443,-9.31424,5.9,15,1,0,,2024-May-20,22:11:59
2278,2024-05-20 22:12:59,51.7443,-9.31424,5.9,15,1,0,,2024-May-20,22:12:59
2279,2024-05-20 22:13:59,51.7443,-9.31424,6,14.75,1,0,,2024-May-20,22:13:59
2280,2024-05-20 22:14:59,51.7443,-9.31424,5.9,14.75,1,0,,2024-May-20,22:14:59
2281,2024-05-20 22:15:59,51.7443,-9.31424,5.9,14.75,0,0,,2024-May-20,22:15:59
2282,2024-05-20 22:16:59,51.7443,-9.31424,5.9,14.75,0,0,,2024-May-20,22:16:59
2283,2024-05-20 22:17:59,51.7443,-9.31424,5.9,14.25,0,0,,2024-May-20,22:17:59
2284,2024-05-20 22:18:59,51.7443,-9.31424,5.9,14.5,1,0,,2024-May-20,22:18:59
2285,2024-05-20 22:19:59,51.7443,-9.31424,5.9,14.25,3,1,,2024-May-20,22:19:59
2286,2024-05-20 22:20:59,51.7443,-9.31424,5.9,14.5,0,0,,2024-May-20,22:20:59
2287,2024-05-20 22:21:59,51.7443,-9.31424,5.9,14.25,3,0,,2024-May-20,22:21:59
2288,2024-05-20 22:22:59,51.7443,-9.31424,5.9,14,1,0,,2024-May-20,22:22:59
2289,2024-05-20 22:23:59,51.7443,-9.31424,5.9,14.25,3,0,,2024-May-20,22:23:59
2290,2024-05-20 22:24:59,51.7443,-9.31424,5.9,14.25,1,0,,2024-May-20,22:24:59
2291,2024-05-20 22:25:59,51.7443,-9.31424,5.9,14.25,1,0,,2024-May-20,22:25:59
2292,2024-05-20 22:26:59,51.7443,-9.31424,5.9,13.75,1,1,,2024-May-20,22:26:59
2293,2024-05-20 22:27:59,51.7443,-9.31424,5.9,13.75,3,0,,2024-May-20,22:27:59
2294,2024-05-20 22:28:59,51.7443,-9.31424,5.9,14,0,0,,2024-May-20,22:28:59
2295,2024-05-20 22:29:59,51.7443,-9.31424,5.9,13.75,0,0,,2024-May-20,22:29:59
2296,2024-05-20 22:30:59,51.7443,-9.31424,5.9,13.75,1,0,,2024-May-20,22:30:59
2297,2024-05-20 22:31:59,51.7443,-9.31424,5.9,13.75,1,0,,2024-May-20,22:31:59
2298,2024-05-20 22:32:59,51.7443,-9.31424,5.9,13.5,2,0,,2024-May-20,22:32:59
2299,2024-05-20 22:33:59,51.7443,-9.31424,5.9,13.75,1,0,,2024-May-20,22:33:59
2300,2024-05-20 22:34:59,51.7443,-9.31424,5.9,13.5,0,1,,2024-May-20,22:34:59
2301,2024-05-20 22:35:59,51.7443,-9.31424,5.9,13.5,0,0,,2024-May-20,22:35:59
2302,2024-05-20 22:36:59,51.7443,-9.31424,5.9,13.25,0,0,,2024-May-20,22:36:59
2303,2024-05-20 22:37:59,51.7443,-9.31424,5.9,13.25,1,0,,2024-May-20,22:37:59
2304,2024-05-20 22:38:59,51.7443,-9.31424,5.9,13.25,2,0,,2024-May-20,22:38:59
2305,2024-05-20 22:39:59,51.7443,-9.31424,5.9,13.25,0,0,,2024-May-20,22:39:59
2306,2024-05-20 22:40:59,51.7443,-9.31424,5.9,13,1,0,,2024-May-20,22:40:59
2307,2024-05-20 22:41:59,51.7443,-9.31424,5.9,13,0,0,,2024-May-20,22:41:59
2308,2024-05-20 22:42:59,51.7443,-9.31424,5.9,13,0,0,,2024-May-20,22:42:59
2309,2024-05-20 22:43:59,51.7443,-9.31424,5.9,13,0,0,,2024-May-20,22:43:59
2310,2024-05-20 22:44:59,51.7443,-9.31424,5.9,13,0,0,,2024-May-20,22:44:59
2311,2024-05-20 22:45:59,51.7443,-9.31424,5.9,12.75,0,0,,2024-May-20,22:45:59
2312,2024-05-20 22:46:59,51.7443,-9.31424,5.9,12.75,2,0,,2024-May-20,22:46:59
2313,2024-05-20 22:47:59,51.7443,-9.31424,5.9,12.75,0,0,,2024-May-20,22:47:59
2314,2024-05-20 22:48:59,51.7443,-9.31424,5.9,12.75,2,0,,2024-May-20,22:48:59
2315,2024-05-20 22:49:59,51.7443,-9.31424,5.9,12.5,1,0,,2024-May-20,22:49:59
2316,2024-05-20 22:50:59,51.7443,-9.31424,5.9,12.75,0,0,,2024-May-20,22:50:59
2317,2024-05-20 22:51:59,51.7443,-9.31424,5.9,12.5,2,0,,2024-May-20,22:51:59
2318,2024-05-20 22:52:59,51.7443,-9.31424,5.9,12.5,0,0,,2024-May-20,22:52:59
2319,2024-05-20 22:53:59,51.7443,-9.31424,5.9,12.5,1,0,,2024-May-20,22:53:59
2320,2024-05-20 22:54:59,51.7443,-9.31424,5.9,12.25,0,0,,2024-May-20,22:54:59
2321,2024-05-20 22:55:59,51.7443,-9.31424,5.9,12.25,0,0,,2024-May-20,22:55:59
2322,2024-05-20 22:56:59,51.7443,-9.31424,5.9,12.25,0,1,,2024-May-20,22:56:59
2323,2024-05-20 22:57:59,51.7443,-9.31424,5.9,12.25,0,1,,2024-May-20,22:57:59
2324,2024-05-20 22:58:59,51.7443,-9.31424,5.9,12.25,0,1,,2024-May-20,22:58:59
2325,2024-05-20 22:59:59,51.7443,-9.31424,5.9,12.25,1,1,,2024-May-20,22:59:59
2326,2024-05-20 23:00:59,51.7443,-9.31424,5.9,12,1,0,,2024-May-20,23:00:59
2327,2024-05-20 23:01:59,51.7443,-9.31424,5.8,12.25,1,0,,2024-May-20,23:01:59
2328,2024-05-20 23:02:59,51.7443,-9.31424,5.9,12,1,1,,2024-May-20,23:02:59
2329,2024-05-20 23:03:59,51.7443,-9.31424,5.8,12,1,1,,2024-May-20,23:03:59
2330,2024-05-20 23:04:59,51.7443,-9.31424,5.9,12,1,0,,2024-May-20,23:04:59
2331,2024-05-20 23:05:59,51.7443,-9.31424,5.9,12,3,0,,2024-May-20,23:05:59
2332,2024-05-20 23:06:59,51.7443,-9.31424,5.9,12,1,1,,2024-May-20,23:06:59
2333,2024-05-20 23:07:59,51.7443,-9.31424,5.9,12,1,0,,2024-May-20,23:07:59
2334,2024-05-20 23:08:59,51.7443,-9.31424,5.8,11.75,1,1,,2024-May-20,23:08:59
2335,2024-05-20 23:09:59,51.7443,-9.31424,5.9,11.75,3,0,,2024-May-20,23:09:59
2336,2024-05-20 23:10:59,51.7443,-9.31424,5.8,11.75,2,0,,2024-May-20,23:10:59
2337,2024-05-20 23:11:59,51.7443,-9.31424,5.9,11.75,2,0,,2024-May-20,23:11:59
2338,2024-05-20 23:12:59,51.7443,-9.31424,5.9,11.75,0,1,,2024-May-20,23:12:59
2339,2024-05-20 23:13:59,51.7443,-9.31424,5.8,11.75,2,0,,2024-May-20,23:13:59
2340,2024-05-20 23:14:59,51.7443,-9.31424,5.9,11.75,5,1,,2024-May-20,23:14:59
2341,2024-05-20 23:15:59,51.7443,-9.31424,5.9,11.75,2,0,,2024-May-20,23:15:59
2342,2024-05-20 23:16:59,51.7443,-9.31424,5.9,11.75,1,1,,2024-May-20,23:16:59
2343,2024-05-20 23:17:59,51.7443,-9.31424,5.9,11.75,1,1,,2024-May-20,23:17:59
2344,2024-05-20 23:18:59,51.7443,-9.31424,5.9,11.75,0,0,,2024-May-20,23:18:59
2345,2024-05-20 23:19:59,51.7443,-9.31424,5.9,11.75,4,0,,2024-May-20,23:19:59
2346,2024-05-20 23:20:59,51.7443,-9.31424,5.9,11.5,1,0,,2024-May-20,23:20:59
2347,2024-05-20 23:21:59,51.7443,-9.31424,5.9,11.5,1,0,,2024-May-20,23:21:59
2348,2024-05-20 23:22:59,51.7443,-9.31424,5.9,11.5,2,0,,2024-May-20,23:22:59
2349,2024-05-20 23:23:59,51.7443,-9.31424,5.9,11.75,0,1,,2024-May-20,23:23:59
2350,2024-05-20 23:24:59,51.7443,-9.31424,5.9,11.5,3,1,,2024-May-20,23:24:59
2351,2024-05-20 23:25:59,51.7443,-9.31424,5.9,11.5,1,1,,2024-May-20,23:25:59
2352,2024-05-20 23:26:59,51.7443,-9.31424,5.9,11.5,0,0,,2024-May-20,23:26:59
2353,2024-05-20 23:27:59,51.7443,-9.31424,5.9,11.5,1,3,,2024-May-20,23:27:59
2354,2024-05-20 23:28:59,51.7443,-9.31424,5.9,11.5,3,1,,2024-May-20,23:28:59
2355,2024-05-20 23:29:59,51.7443,-9.31424,5.8,11.5,3,0,,2024-May-20,23:29:59
2356,2024-05-20 23:30:59,51.7443,-9.31424,5.9,11.25,6,0,,2024-May-20,23:30:59
2357,2024-05-20 23:31:59,51.7443,-9.31424,5.9,11.25,2,1,,2024-May-20,23:31:59
2358,2024-05-20 23:32:59,51.7443,-9.31424,5.8,11.5,3,0,,2024-May-20,23:32:59
2359,2024-05-20 23:33:59,51.7443,-9.31424,5.9,11.5,6,1,,2024-May-20,23:33:59
2360,2024-05-20 23:34:59,51.7443,-9.31424,5.9,11.25,4,0,,2024-May-20,23:34:59
2361,2024-05-20 23:35:59,51.7443,-9.31424,5.9,11.5,1,1,,2024-May-20,23:35:59
2362,2024-05-20 23:36:59,51.7443,-9.31424,5.9,11.5,1,0,,2024-May-20,23:36:59
2363,2024-05-20 23:37:59,51.7443,-9.31424,5.9,11.25,4,0,,2024-May-20,23:37:59
2364,2024-05-20 23:38:59,51.7443,-9.31424,5.8,11.5,4,2,,2024-May-20,23:38:59
2365,2024-05-20 23:39:59,51.7443,-9.31424,5.9,11.5,5,0,,2024-May-20,23:39:59
2366,2024-05-20 23:40:59,51.7443,-9.31424,5.9,11.5,4,0,,2024-May-20,23:40:59
2367,2024-05-20 23:41:59,51.7443,-9.31424,5.8,11.25,3,2,,2024-May-20,23:41:59
2368,2024-05-20 23:42:59,51.7443,-9.31424,5.9,11.5,2,4,,2024-May-20,23:42:59
2369,2024-05-20 23:43:59,51.7443,-9.31424,5.8,11.5,1,3,,2024-May-20,23:43:59
2370,2024-05-20 23:44:59,51.7443,-9.31424,5.9,11.25,3,1,,2024-May-20,23:44:59
2371,2024-05-20 23:45:59,51.7443,-9.31424,5.9,11.5,2,1,,2024-May-20,23:45:59
2372,2024-05-20 23:46:59,51.7443,-9.31424,5.9,11.5,2,1,,2024-May-20,23:46:59
2373,2024-05-20 23:47:59,51.7443,-9.31424,5.9,11.25,2,1,,2024-May-20,23:47:59
2374,2024-05-20 23:48:59,51.7443,-9.31424,5.9,11.25,1,0,,2024-May-20,23:48:59
2375,2024-05-20 23:49:59,51.7443,-9.31424,5.9,11.25,0,0,,2024-May-20,23:49:59
2376,2024-05-20 23:50:59,51.7443,-9.31424,5.9,11.25,2,0,,2024-May-20,23:50:59
2377,2024-05-20 23:51:59,51.7443,-9.31424,5.8,11,1,0,,2024-May-20,23:51:59
2378,2024-05-20 23:52:59,51.7443,-9.31424,5.8,11.25,2,0,,2024-May-20,23:52:59
2379,2024-05-20 23:53:59,51.7443,-9.31424,5.9,11.25,2,0,,2024-May-20,23:53:59
2380,2024-05-20 23:54:59,51.7443,-9.31424,5.9,11.25,0,1,,2024-May-20,23:54:59
2381,2024-05-20 23:55:59,51.7443,-9.31424,5.8,11,1,0,,2024-May-20,23:55:59
2382,2024-05-20 23:56:59,51.7443,-9.31424,5.9,11,3,0,,2024-May-20,23:56:59
2383,2024-05-20 23:57:59,51.7443,-9.31424,5.9,11,4,0,,2024-May-20,23:57:59
2384,2024-05-20 23:58:59,51.7443,-9.31424,5.9,11,1,0,,2024-May-20,23:58:59
2385,2024-05-20 23:59:59,51.7443,-9.31424,5.9,11,4,0,,2024-May-20,23:59:59
2386,2024-05-21 00:00:59,51.7443,-9.31424,5.9,11,4,0,,2024-May-21,00:00:59
2387,2024-05-21 00:01:59,51.7443,-9.31424,5.9,11,4,0,,2024-May-21,00:01:59
2388,2024-05-21 00:02:59,51.7443,-9.31424,5.9,11,1,0,,2024-May-21,00:02:59
2389,2024-05-21 00:03:59,51.7443,-9.31424,5.9,11,1,0,,2024-May-21,00:03:59
2390,2024-05-21 00:04:59,51.7443,-9.31424,5.8,11,0,0,,2024-May-21,00:04:59
2391,2024-05-21 00:05:59,51.7443,-9.31424,5.9,11,1,0,,2024-May-21,00:05:59
2392,2024-05-21 00:06:59,51.7443,-9.31424,5.9,10.75,2,2,,2024-May-21,00:06:59
2393,2024-05-21 00:07:59,51.7443,-9.31424,5.9,10.75,4,0,,2024-May-21,00:07:59
2394,2024-05-21 00:08:59,51.7443,-9.31424,5.8,11,0,0,,2024-May-21,00:08:59
2395,2024-05-21 00:09:59,51.7443,-9.31424,5.8,10.75,4,0,,2024-May-21,00:09:59
2396,2024-05-21 00:10:59,51.7443,-9.31424,5.8,11,1,1,,2024-May-21,00:10:59
2397,2024-05-21 00:11:59,51.7443,-9.31424,5.9,11,1,0,,2024-May-21,00:11:59
2398,2024-05-21 00:12:59,51.7443,-9.31424,5.9,10.75,2,0,,2024-May-21,00:12:59
2399,2024-05-21 00:13:59,51.7443,-9.31424,5.9,11,1,0,,2024-May-21,00:13:59
2400,2024-05-21 00:14:59,51.7443,-9.31424,5.9,10.75,0,0,,2024-May-21,00:14:59
2401,2024-05-21 00:15:59,51.7443,-9.31424,5.9,10.75,1,0,,2024-May-21,00:15:59
2402,2024-05-21 00:16:59,51.7443,-9.31424,5.9,10.75,2,0,,2024-May-21,00:16:59
2403,2024-05-21 00:17:59,51.7443,-9.31424,5.9,10.75,0,0,,2024-May-21,00:17:59
2404,2024-05-21 00:18:59,51.7443,-9.31424,5.9,10.75,1,0,,2024-May-21,00:18:59
2405,2024-05-21 00:19:59,51.7443,-9.31424,5.9,10.5,1,1,,2024-May-21,00:19:59
2406,2024-05-21 00:20:59,51.7443,-9.31424,5.8,10.75,0,1,,2024-May-21,00:20:59
2407,2024-05-21 00:21:59,51.7443,-9.31424,5.9,10.75,4,0,,2024-May-21,00:21:59
2408,2024-05-21 00:22:59,51.7443,-9.31424,5.9,10.75,2,2,,2024-May-21,00:22:59
2409,2024-05-21 00:23:59,51.7443,-9.31424,5.9,10.75,3,0,,2024-May-21,00:23:59
2410,2024-05-21 00:24:59,51.7443,-9.31424,5.8,10.5,4,0,,2024-May-21,00:24:59
2411,2024-05-21 00:25:59,51.7443,-9.31424,5.9,10.75,5,0,,2024-May-21,00:25:59
2412,2024-05-21 00:26:59,51.7443,-9.31424,5.9,10.5,2,0,,2024-May-21,00:26:59
2413,2024-05-21 00:27:59,51.7443,-9.31424,5.9,10.5,2,1,,2024-May-21,00:27:59
2414,2024-05-21 00:28:59,51.7443,-9.31424,5.9,10.5,5,0,,2024-May-21,00:28:59
2415,2024-05-21 00:29:59,51.7443,-9.31424,5.8,10.75,3,1,,2024-May-21,00:29:59
2416,2024-05-21 00:30:59,51.7443,-9.31424,5.9,10.75,4,0,,2024-May-21,00:30:59
2417,2024-05-21 00:31:59,51.7443,-9.31424,5.9,10.75,4,0,,2024-May-21,00:31:59
2418,2024-05-21 00:32:59,51.7443,-9.31424,5.8,10.75,3,2,,2024-May-21,00:32:59
2419,2024-05-21 00:33:59,51.7443,-9.31424,5.8,10.75,3,1,,2024-May-21,00:33:59
2420,2024-05-21 00:34:59,51.7443,-9.31424,5.8,10.75,4,0,,2024-May-21,00:34:59
2421,2024-05-21 00:35:59,51.7443,-9.31424,5.9,10.75,5,0,,2024-May-21,00:35:59
2422,2024-05-21 00:36:59,51.7443,-9.31424,5.8,10.75,4,0,,2024-May-21,00:36:59
2423,2024-05-21 00:37:59,51.7443,-9.31424,5.9,10.75,4,0,,2024-May-21,00:37:59
2424,2024-05-21 00:38:59,51.7443,-9.31424,5.8,10.75,3,0,,2024-May-21,00:38:59
2425,2024-05-21 00:39:59,51.7443,-9.31424,5.9,10.75,5,0,,2024-May-21,00:39:59
2426,2024-05-21 00:40:59,51.7443,-9.31424,5.9,10.75,4,0,,2024-May-21,00:40:59
2427,2024-05-21 00:41:59,51.7443,-9.31424,5.9,10.5,5,0,,2024-May-21,00:41:59
2428,2024-05-21 00:42:59,51.7443,-9.31424,5.9,10.75,3,0,,2024-May-21,00:42:59
2429,2024-05-21 00:43:59,51.7443,-9.31424,5.9,10.75,1,1,,2024-May-21,00:43:59
2430,2024-05-21 00:44:59,51.7443,-9.31424,5.9,10.75,0,0,,2024-May-21,00:44:59
2431,2024-05-21 00:45:59,51.7443,-9.31424,5.9,10.5,1,0,,2024-May-21,00:45:59
2432,2024-05-21 00:46:59,51.7443,-9.31424,5.8,10.5,4,1,,2024-May-21,00:46:59
2433,2024-05-21 00:47:59,51.7443,-9.31424,5.9,10.75,4,0,,2024-May-21,00:47:59
2434,2024-05-21 00:48:59,51.7443,-9.31424,5.9,10.5,3,0,,2024-May-21,00:48:59
2435,2024-05-21 00:49:59,51.7443,-9.31424,5.9,10.5,4,0,,2024-May-21,00:49:59
2436,2024-05-21 00:50:59,51.7443,-9.31424,5.9,10.5,1,1,,2024-May-21,00:50:59
2437,2024-05-21 00:51:59,51.7443,-9.31424,5.9,10.5,4,0,,2024-May-21,00:51:59
2438,2024-05-21 00:52:59,51.7443,-9.31424,5.9,10.5,4,0,,2024-May-21,00:52:59
2439,2024-05-21 00:53:59,51.7443,-9.31424,5.9,10.5,1,0,,2024-May-21,00:53:59
2440,2024-05-21 00:54:59,51.7443,-9.31424,5.9,10.5,2,0,,2024-May-21,00:54:59
2441,2024-05-21 00:55:59,51.7443,-9.31424,5.9,10.5,1,1,,2024-May-21,00:55:59
2442,2024-05-21 00:56:59,51.7443,-9.31424,5.9,10.5,2,0,,2024-May-21,00:56:59
2443,2024-05-21 00:57:59,51.7443,-9.31424,5.8,10.5,2,0,,2024-May-21,00:57:59
2444,2024-05-21 00:58:59,51.7443,-9.31424,5.9,10.5,4,0,,2024-May-21,00:58:59
2445,2024-05-21 00:59:59,51.7443,-9.31424,5.9,10.5,1,0,,2024-May-21,00:59:59
2446,2024-05-21 01:00:59,51.7443,-9.31424,5.9,10.25,0,0,,2024-May-21,01:00:59
2447,2024-05-21 01:01:59,51.7443,-9.31424,5.8,10.5,1,0,,2024-May-21,01:01:59
2448,2024-05-21 01:02:59,51.7443,-9.31424,5.9,10.5,4,0,,2024-May-21,01:02:59
2449,2024-05-21 01:03:59,51.7443,-9.31424,5.8,10.5,2,1,,2024-May-21,01:03:59
2450,2024-05-21 01:04:59,51.7443,-9.31424,5.9,10.25,5,0,,2024-May-21,01:04:59
2451,2024-05-21 01:05:59,51.7443,-9.31424,5.8,10.25,2,0,,2024-May-21,01:05:59
2452,2024-05-21 01:06:59,51.7443,-9.31424,5.9,10.5,3,0,,2024-May-21,01:06:59
2453,2024-05-21 01:07:59,51.7443,-9.31424,5.9,10.5,0,0,,2024-May-21,01:07:59
2454,2024-05-21 01:08:59,51.7443,-9.31424,5.8,10.25,2,2,,2024-May-21,01:08:59
2455,2024-05-21 01:09:59,51.7443,-9.31424,5.9,10.25,6,1,,2024-May-21,01:09:59
2456,2024-05-21 01:10:59,51.7443,-9.31424,5.8,10.5,4,1,,2024-May-21,01:10:59
2457,2024-05-21 01:11:59,51.7443,-9.31424,5.8,10.25,5,0,,2024-May-21,01:11:59
2458,2024-05-21 01:12:59,51.7443,-9.31424,5.8,10.25,5,0,,2024-May-21,01:12:59
2459,2024-05-21 01:13:59,51.7443,-9.31424,5.9,10.5,1,0,,2024-May-21,01:13:59
2460,2024-05-21 01:14:59,51.7443,-9.31424,5.9,10.25,1,0,,2024-May-21,01:14:59
2461,2024-05-21 01:15:59,51.7443,-9.31424,5.9,10.25,4,0,,2024-May-21,01:15:59
2462,2024-05-21 01:16:59,51.7443,-9.31424,5.9,10.25,2,0,,2024-May-21,01:16:59
2463,2024-05-21 01:17:59,51.7443,-9.31424,5.8,10.25,1,0,,2024-May-21,01:17:59
2464,2024-05-21 01:18:59,51.7443,-9.31424,5.8,10,3,3,,2024-May-21,01:18:59
2465,2024-05-21 01:19:59,51.7443,-9.31424,5.9,10.25,6,2,,2024-May-21,01:19:59
2466,2024-05-21 01:20:59,51.7443,-9.31424,5.8,10,3,0,,2024-May-21,01:20:59
2467,2024-05-21 01:21:59,51.7443,-9.31424,5.9,10,3,2,,2024-May-21,01:21:59
2468,2024-05-21 01:22:59,51.7443,-9.31424,5.9,10,3,0,,2024-May-21,01:22:59
2469,2024-05-21 01:23:59,51.7443,-9.31424,5.9,10.25,1,0,,2024-May-21,01:23:59
2470,2024-05-21 01:24:59,51.7443,-9.31424,5.8,10.25,3,0,,2024-May-21,01:24:59
2471,2024-05-21 01:25:59,51.7443,-9.31424,5.9,10.25,1,1,,2024-May-21,01:25:59
2472,2024-05-21 01:26:59,51.7443,-9.31424,5.8,10,1,0,,2024-May-21,01:26:59
2473,2024-05-21 01:27:59,51.7443,-9.31424,5.9,10,1,0,,2024-May-21,01:27:59
2474,2024-05-21 01:28:59,51.7443,-9.31424,5.8,10,0,0,,2024-May-21,01:28:59
2475,2024-05-21 01:29:59,51.7443,-9.31424,5.8,10,3,1,,2024-May-21,01:29:59
2476,2024-05-21 01:30:59,51.7443,-9.31424,5.9,10,1,0,,2024-May-21,01:30:59
2477,2024-05-21 01:31:59,51.7443,-9.31424,5.8,10,1,0,,2024-May-21,01:31:59
2478,2024-05-21 01:32:59,51.7443,-9.31424,5.8,10,3,1,,2024-May-21,01:32:59
2479,2024-05-21 01:33:59,51.7443,-9.31424,5.8,10,0,0,,2024-May-21,01:33:59
2480,2024-05-21 01:34:59,51.7443,-9.31424,5.8,9.75,1,0,,2024-May-21,01:34:59
2481,2024-05-21 01:35:59,51.7443,-9.31424,5.9,10,1,1,,2024-May-21,01:35:59
2482,2024-05-21 01:36:59,51.7443,-9.31424,5.8,10,4,0,,2024-May-21,01:36:59
2483,2024-05-21 01:37:59,51.7443,-9.31424,5.9,10,4,1,,2024-May-21,01:37:59
2484,2024-05-21 01:38:59,51.7443,-9.31424,5.8,9.75,3,0,,2024-May-21,01:38:59
2485,2024-05-21 01:39:59,51.7443,-9.31424,5.8,10,5,1,,2024-May-21,01:39:59
2486,2024-05-21 01:40:59,51.7443,-9.31424,5.8,10,6,1,,2024-May-21,01:40:59
2487,2024-05-21 01:41:59,51.7443,-9.31424,5.8,10,6,0,,2024-May-21,01:41:59
2488,2024-05-21 01:42:59,51.7443,-9.31424,5.8,10,2,0,,2024-May-21,01:42:59
2489,2024-05-21 01:43:59,51.7443,-9.31424,5.8,10,4,1,,2024-May-21,01:43:59
2490,2024-05-21 01:44:59,51.7443,-9.31424,5.8,10,2,0,,2024-May-21,01:44:59
2491,2024-05-21 01:45:59,51.7443,-9.31424,5.8,10,2,0,,2024-May-21,01:45:59
2492,2024-05-21 01:46:59,51.7443,-9.31424,5.8,10,2,1,,2024-May-21,01:46:59
2493,2024-05-21 01:47:59,51.7443,-9.31424,5.8,10,2,0,,2024-May-21,01:47:59
2494,2024-05-21 01:48:59,51.7443,-9.31424,5.8,9.75,2,2,,2024-May-21,01:48:59
2495,2024-05-21 01:49:59,51.7443,-9.31424,5.8,10,3,0,,2024-May-21,01:49:59
2496,2024-05-21 01:50:59,51.7443,-9.31424,5.8,10,3,0,,2024-May-21,01:50:59
2497,2024-05-21 01:51:59,51.7443,-9.31424,5.9,10,3,0,,2024-May-21,01:51:59
2498,2024-05-21 01:52:59,51.7443,-9.31424,5.8,9.75,0,0,,2024-May-21,01:52:59
2499,2024-05-21 01:53:59,51.7443,-9.31424,5.9,9.75,2,1,,2024-May-21,01:53:59
2500,2024-05-21 01:54:59,51.7443,-9.31424,5.8,9.75,2,0,,2024-May-21,01:54:59
2501,2024-05-21 01:55:59,51.7443,-9.31424,5.8,9.75,2,0,,2024-May-21,01:55:59
2502,2024-05-21 01:56:59,51.7443,-9.31424,5.8,9.75,5,1,,2024-May-21,01:56:59
2503,2024-05-21 01:57:59,51.7443,-9.31424,5.8,9.75,2,0,,2024-May-21,01:57:59
2504,2024-05-21 01:58:59,51.7443,-9.31424,5.8,9.75,0,0,,2024-May-21,01:58:59
2505,2024-05-21 01:59:59,51.7443,-9.31424,5.8,9.75,0,0,,2024-May-21,01:59:59
2506,2024-05-21 02:01:01,51.7443,-9.31424,5.8,9.75,3,0,,2024-May-21,02:01:01
2507,2024-05-21 02:02:01,51.7443,-9.31424,5.8,9.5,4,0,,2024-May-21,02:02:01
2508,2024-05-21 02:03:01,51.7443,-9.31424,5.8,9.75,4,0,,2024-May-21,02:03:01
2509,2024-05-21 02:04:01,51.7443,-9.31424,5.9,9.75,3,0,,2024-May-21,02:04:01
2510,2024-05-21 02:05:01,51.7443,-9.31424,5.8,9.75,2,0,,2024-May-21,02:05:01
2511,2024-05-21 02:06:01,51.7443,-9.31424,5.8,9.75,0,0,,2024-May-21,02:06:01
2512,2024-05-21 02:07:01,51.7443,-9.31424,5.8,9.75,4,0,,2024-May-21,02:07:01
2513,2024-05-21 02:08:01,51.7443,-9.31424,5.8,9.75,3,0,,2024-May-21,02:08:01
2514,2024-05-21 02:09:01,51.7443,-9.31424,5.8,9.75,2,0,,2024-May-21,02:09:01
2515,2024-05-21 02:10:01,51.7443,-9.31424,5.8,9.75,2,2,,2024-May-21,02:10:01
2516,2024-05-21 02:11:01,51.7443,-9.31424,5.8,9.75,3,0,,2024-May-21,02:11:01
2517,2024-05-21 02:12:01,51.7443,-9.31424,5.8,9.75,1,2,,2024-May-21,02:12:01
2518,2024-05-21 02:13:01,51.7443,-9.31424,5.8,9.5,2,0,,2024-May-21,02:13:01
2519,2024-05-21 02:14:01,51.7443,-9.31424,5.8,9.75,3,0,,2024-May-21,02:14:01
2520,2024-05-21 02:15:01,51.7443,-9.31424,5.8,9.5,4,1,,2024-May-21,02:15:01
2521,2024-05-21 02:16:01,51.7443,-9.31424,5.8,9.75,3,0,,2024-May-21,02:16:01
2522,2024-05-21 02:17:01,51.7443,-9.31424,5.8,9.75,4,1,,2024-May-21,02:17:01
2523,2024-05-21 02:18:01,51.7443,-9.31424,5.8,9.75,4,0,,2024-May-21,02:18:01
2524,2024-05-21 02:19:01,51.7443,-9.31424,5.8,9.75,3,0,,2024-May-21,02:19:01
2525,2024-05-21 02:20:01,51.7443,-9.31424,5.8,9.75,4,2,,2024-May-21,02:20:01
2526,2024-05-21 02:21:01,51.7443,-9.31424,5.8,9.75,2,0,,2024-May-21,02:21:01
2527,2024-05-21 02:22:01,51.7443,-9.31424,5.8,9.75,1,1,,2024-May-21,02:22:01
2528,2024-05-21 02:23:01,51.7443,-9.31424,5.8,9.75,1,0,,2024-May-21,02:23:01
2529,2024-05-21 02:24:01,51.7443,-9.31424,5.8,9.75,1,0,,2024-May-21,02:24:01
2530,2024-05-21 02:25:01,51.7443,-9.31424,5.8,9.75,0,1,,2024-May-21,02:25:01
2531,2024-05-21 02:26:01,51.7443,-9.31424,5.8,9.5,1,0,,2024-May-21,02:26:01
2532,2024-05-21 02:27:01,51.7443,-9.31424,5.8,9.5,0,0,,2024-May-21,02:27:01
2533,2024-05-21 02:28:01,51.7443,-9.31424,5.8,9.25,0,0,,2024-May-21,02:28:01
2534,2024-05-21 02:29:01,51.7443,-9.31424,5.8,9.5,2,0,,2024-May-21,02:29:01
2535,2024-05-21 02:30:01,51.7443,-9.31424,5.8,9.5,0,0,,2024-May-21,02:30:01
2536,2024-05-21 02:31:01,51.7443,-9.31424,5.8,9.25,2,0,,2024-May-21,02:31:01
2537,2024-05-21 02:32:01,51.7443,-9.31424,5.8,9.25,3,2,,2024-May-21,02:32:01
2538,2024-05-21 02:33:01,51.7443,-9.31424,5.8,9.5,2,0,,2024-May-21,02:33:01
2539,2024-05-21 02:34:01,51.7443,-9.31424,5.8,9.25,1,1,,2024-May-21,02:34:01
2540,2024-05-21 02:35:01,51.7443,-9.31424,5.8,9.25,2,2,,2024-May-21,02:35:01
2541,2024-05-21 02:36:01,51.7443,-9.31424,5.8,9.5,1,0,,2024-May-21,02:36:01
2542,2024-05-21 02:37:01,51.7443,-9.31424,5.8,9.25,1,1,,2024-May-21,02:37:01
2543,2024-05-21 02:38:01,51.7443,-9.31424,5.8,9.5,4,1,,2024-May-21,02:38:01
2544,2024-05-21 02:39:01,51.7443,-9.31424,5.7,9.5,2,0,,2024-May-21,02:39:01
2545,2024-05-21 02:40:01,51.7443,-9.31424,5.8,9.25,4,1,,2024-May-21,02:40:01
2546,2024-05-21 02:41:01,51.7443,-9.31424,5.8,9.5,5,0,,2024-May-21,02:41:01
2547,2024-05-21 02:42:01,51.7443,-9.31424,5.8,9.25,2,0,,2024-May-21,02:42:01
2548,2024-05-21 02:43:01,51.7443,-9.31424,5.8,9.25,1,1,,2024-May-21,02:43:01
2549,2024-05-21 02:44:01,51.7443,-9.31424,5.8,9.5,2,0,,2024-May-21,02:44:01
2550,2024-05-21 02:45:01,51.7443,-9.31424,5.7,9.5,2,0,,2024-May-21,02:45:01
2551,2024-05-21 02:46:01,51.7443,-9.31424,5.8,9.5,3,0,,2024-May-21,02:46:01
2552,2024-05-21 02:47:01,51.7443,-9.31424,5.8,9.25,1,0,,2024-May-21,02:47:01
2553,2024-05-21 02:48:01,51.7443,-9.31424,5.8,9.25,2,0,,2024-May-21,02:48:01
2554,2024-05-21 02:49:01,51.7443,-9.31424,5.8,9.25,1,1,,2024-May-21,02:49:01
2555,2024-05-21 02:50:01,51.7443,-9.31424,5.8,9,1,1,,2024-May-21,02:50:01
2556,2024-05-21 02:51:01,51.7443,-9.31424,5.8,9.25,2,2,,2024-May-21,02:51:01
2557,2024-05-21 02:52:01,51.7443,-9.31424,5.8,9.25,1,0,,2024-May-21,02:52:01
2558,2024-05-21 02:53:01,51.7443,-9.31424,5.7,9,4,1,,2024-May-21,02:53:01
2559,2024-05-21 02:54:01,51.7443,-9.31424,5.8,9.25,3,1,,2024-May-21,02:54:01
2560,2024-05-21 02:55:01,51.7443,-9.31424,5.8,9,3,1,,2024-May-21,02:55:01
2561,2024-05-21 02:56:01,51.7443,-9.31424,5.8,9.25,3,1,,2024-May-21,02:56:01
2562,2024-05-21 02:57:01,51.7443,-9.31424,5.7,9.25,3,1,,2024-May-21,02:57:01
2563,2024-05-21 02:58:01,51.7443,-9.31424,5.8,9.25,3,1,,2024-May-21,02:58:01
2564,2024-05-21 02:59:01,51.7443,-9.31424,5.8,9.25,0,0,,2024-May-21,02:59:01
2565,2024-05-21 03:00:01,51.7443,-9.31424,5.8,9.5,0,0,,2024-May-21,03:00:01
2566,2024-05-21 03:01:01,51.7443,-9.31424,5.8,9.25,0,0,,2024-May-21,03:01:01
2567,2024-05-21 03:02:01,51.7443,-9.31424,5.8,9.25,0,0,,2024-May-21,03:02:01
2568,2024-05-21 03:03:01,51.7443,-9.31424,5.8,9,0,0,,2024-May-21,03:03:01
2569,2024-05-21 03:04:01,51.7443,-9.31424,5.8,9.25,0,0,,2024-May-21,03:04:01
2570,2024-05-21 03:05:01,51.7443,-9.31424,5.8,9.25,0,0,,2024-May-21,03:05:01
2571,2024-05-21 03:06:01,51.7443,-9.31424,5.8,9,0,0,,2024-May-21,03:06:01
2572,2024-05-21 03:07:01,51.7443,-9.31424,5.8,9.25,1,2,,2024-May-21,03:07:01
2573,2024-05-21 03:08:01,51.7443,-9.31424,5.8,9,0,0,,2024-May-21,03:08:01
2574,2024-05-21 03:09:01,51.7443,-9.31424,5.7,9.25,1,0,,2024-May-21,03:09:01
2575,2024-05-21 03:10:01,51.7443,-9.31424,5.8,9,3,1,,2024-May-21,03:10:01
2576,2024-05-21 03:11:01,51.7443,-9.31424,5.8,9.25,1,2,,2024-May-21,03:11:01
2577,2024-05-21 03:12:01,51.7443,-9.31424,5.8,9,0,0,,2024-May-21,03:12:01
2578,2024-05-21 03:13:01,51.7443,-9.31424,5.8,9,0,0,,2024-May-21,03:13:01
2579,2024-05-21 03:14:01,51.7443,-9.31424,5.8,9,0,0,,2024-May-21,03:14:01
2580,2024-05-21 03:15:01,51.7443,-9.31424,5.8,9,3,1,,2024-May-21,03:15:01
2581,2024-05-21 03:16:01,51.7443,-9.31424,5.8,9,0,0,,2024-May-21,03:16:01
2582,2024-05-21 03:17:01,51.7443,-9.31424,5.8,9,3,0,,2024-May-21,03:17:01
2583,2024-05-21 03:18:01,51.7443,-9.31424,5.8,9.25,1,0,,2024-May-21,03:18:01
2584,2024-05-21 03:19:01,51.7443,-9.31424,5.8,9,1,0,,2024-May-21,03:19:01
2585,2024-05-21 03:20:01,51.7443,-9.31424,5.8,9,2,0,,2024-May-21,03:20:01
2586,2024-05-21 03:21:01,51.7443,-9.31424,5.8,9,2,0,,2024-May-21,03:21:01
2587,2024-05-21 03:22:01,51.7443,-9.31424,5.8,9,3,0,,2024-May-21,03:22:01
2588,2024-05-21 03:23:01,51.7443,-9.31424,5.7,9,3,0,,2024-May-21,03:23:01
2589,2024-05-21 03:24:01,51.7443,-9.31424,5.8,9,1,2,,2024-May-21,03:24:01
2590,2024-05-21 03:25:01,51.7443,-9.31424,5.8,9,2,1,,2024-May-21,03:25:01
2591,2024-05-21 03:26:01,51.7443,-9.31424,5.8,9,2,3,,2024-May-21,03:26:01
2592,2024-05-21 03:27:01,51.7443,-9.31424,5.8,9.25,6,0,,2024-May-21,03:27:01
2593,2024-05-21 03:28:01,51.7443,-9.31424,5.7,9.25,1,2,,2024-May-21,03:28:01
2594,2024-05-21 03:29:01,51.7443,-9.31424,5.8,9.25,4,1,,2024-May-21,03:29:01
2595,2024-05-21 03:30:01,51.7443,-9.31424,5.8,9,3,0,,2024-May-21,03:30:01
2596,2024-05-21 03:31:01,51.7443,-9.31424,5.8,9,0,0,,2024-May-21,03:31:01
2597,2024-05-21 03:32:01,51.7443,-9.31424,5.8,9.25,0,0,,2024-May-21,03:32:01
2598,2024-05-21 03:33:01,51.7443,-9.31424,5.8,9.25,0,0,,2024-May-21,03:33:01
2599,2024-05-21 03:34:01,51.7443,-9.31424,5.8,9.25,2,1,,2024-May-21,03:34:01
2600,2024-05-21 03:35:01,51.7443,-9.31424,5.8,9.25,2,3,,2024-May-21,03:35:01
2601,2024-05-21 03:36:01,51.7443,-9.31424,5.8,9.25,6,2,,2024-May-21,03:36:01
2602,2024-05-21 03:37:01,51.7443,-9.31424,5.7,9,2,1,,2024-May-21,03:37:01
2603,2024-05-21 03:38:01,51.7443,-9.31424,5.7,9,2,1,,2024-May-21,03:38:01
2604,2024-05-21 03:39:01,51.7443,-9.31424,5.7,9.25,4,1,,2024-May-21,03:39:01
2605,2024-05-21 03:40:01,51.7443,-9.31424,5.7,9.25,3,3,,2024-May-21,03:40:01
2606,2024-05-21 03:41:01,51.7443,-9.31424,5.7,9,2,4,,2024-May-21,03:41:01
2607,2024-05-21 03:42:01,51.7443,-9.31424,5.8,9,4,1,,2024-May-21,03:42:01
2608,2024-05-21 03:43:01,51.7443,-9.31424,5.7,9,3,0,,2024-May-21,03:43:01
2609,2024-05-21 03:44:01,51.7443,-9.31424,5.8,9,3,1,,2024-May-21,03:44:01
2610,2024-05-21 03:45:01,51.7443,-9.31424,5.8,9.25,2,2,,2024-May-21,03:45:01
2611,2024-05-21 03:46:01,51.7443,-9.31424,5.8,9.25,2,0,,2024-May-21,03:46:01
2612,2024-05-21 03:47:01,51.7443,-9.31424,5.8,9,0,0,,2024-May-21,03:47:01
2613,2024-05-21 03:48:01,51.7443,-9.31424,5.7,9.25,1,3,,2024-May-21,03:48:01
2614,2024-05-21 03:49:01,51.7443,-9.31424,5.7,9.25,4,0,,2024-May-21,03:49:01
2615,2024-05-21 03:50:01,51.7443,-9.31424,5.7,9,4,1,,2024-May-21,03:50:01
2616,2024-05-21 03:51:01,51.7443,-9.31424,5.7,9.25,3,2,,2024-May-21,03:51:01
2617,2024-05-21 03:52:01,51.7443,-9.31424,5.8,9,3,3,,2024-May-21,03:52:01
2618,2024-05-21 03:53:01,51.7443,-9.31424,5.8,9,2,1,,2024-May-21,03:53:01
2619,2024-05-21 03:54:01,51.7443,-9.31424,5.7,9,4,1,,2024-May-21,03:54:01
2620,2024-05-21 03:55:01,51.7443,-9.31424,5.8,9,3,0,,2024-May-21,03:55:01
2621,2024-05-21 03:56:01,51.7443,-9.31424,5.7,8.75,4,1,,2024-May-21,03:56:01
2622,2024-05-21 03:57:01,51.7443,-9.31424,5.8,9,4,2,,2024-May-21,03:57:01
2623,2024-05-21 03:58:01,51.7443,-9.31424,5.8,9.25,3,2,,2024-May-21,03:58:01
2624,2024-05-21 03:59:01,51.7443,-9.31424,5.8,9,0,0,,2024-May-21,03:59:01
2625,2024-05-21 04:00:01,51.7443,-9.31424,5.8,9,0,0,,2024-May-21,04:00:01
2626,2024-05-21 04:01:01,51.7443,-9.31424,5.8,9,0,0,,2024-May-21,04:01:01
2627,2024-05-21 04:02:01,51.7443,-9.31424,5.8,8.75,0,0,,2024-May-21,04:02:01
2628,2024-05-21 04:03:01,51.7443,-9.31424,5.8,8.75,1,0,,2024-May-21,04:03:01
2629,2024-05-21 04:04:01,51.7443,-9.31424,5.8,8.75,1,0,,2024-May-21,04:04:01
2630,2024-05-21 04:05:01,51.7443,-9.31424,5.7,8.75,0,0,,2024-May-21,04:05:01
2631,2024-05-21 04:06:01,51.7443,-9.31424,5.7,8.75,5,1,,2024-May-21,04:06:01
2632,2024-05-21 04:07:01,51.7443,-9.31424,5.8,8.75,1,0,,2024-May-21,04:07:01
2633,2024-05-21 04:08:01,51.7443,-9.31424,5.8,9,2,1,,2024-May-21,04:08:01
2634,2024-05-21 04:09:01,51.7443,-9.31424,5.8,9,0,0,,2024-May-21,04:09:01
2635,2024-05-21 04:10:01,51.7443,-9.31424,5.8,9,1,2,,2024-May-21,04:10:01
2636,2024-05-21 04:11:01,51.7443,-9.31424,5.8,9,0,0,,2024-May-21,04:11:01
2637,2024-05-21 04:12:01,51.7443,-9.31424,5.8,8.75,2,0,,2024-May-21,04:12:01
2638,2024-05-21 04:13:01,51.7443,-9.31424,5.8,8.75,1,1,,2024-May-21,04:13:01
2639,2024-05-21 04:14:01,51.7443,-9.31424,5.8,9,0,0,,2024-May-21,04:14:01
2640,2024-05-21 04:15:01,51.7443,-9.31424,5.8,8.75,0,0,,2024-May-21,04:15:01
2641,2024-05-21 04:16:01,51.7443,-9.31424,5.8,8.75,0,0,,2024-May-21,04:16:01
2642,2024-05-21 04:17:01,51.7443,-9.31424,5.8,9,0,0,,2024-May-21,04:17:01
2643,2024-05-21 04:18:01,51.7443,-9.31424,5.8,9,0,0,,2024-May-21,04:18:01
2644,2024-05-21 04:19:01,51.7443,-9.31424,5.8,8.75,0,0,,2024-May-21,04:19:01
2645,2024-05-21 04:20:01,51.7443,-9.31424,5.8,8.75,0,0,,2024-May-21,04:20:01
2646,2024-05-21 04:21:01,51.7443,-9.31424,5.8,8.5,0,0,,2024-May-21,04:21:01
2647,2024-05-21 04:22:01,51.7443,-9.31424,5.8,8.5,0,0,,2024-May-21,04:22:01
2648,2024-05-21 04:23:01,51.7443,-9.31424,5.8,8.75,0,0,,2024-May-21,04:23:01
2649,2024-05-21 04:24:01,51.7443,-9.31424,5.8,9,0,0,,2024-May-21,04:24:01
2650,2024-05-21 04:25:01,51.7443,-9.31424,5.8,8.5,0,0,,2024-May-21,04:25:01
2651,2024-05-21 04:26:01,51.7443,-9.31424,5.8,8.5,0,0,,2024-May-21,04:26:01
2652,2024-05-21 04:27:01,51.7443,-9.31424,5.8,8.5,0,0,,2024-May-21,04:27:01
2653,2024-05-21 04:28:01,51.7443,-9.31424,5.8,8.5,2,0,,2024-May-21,04:28:01
2654,2024-05-21 04:29:01,51.7443,-9.31424,5.8,9,0,0,,2024-May-21,04:29:01
2655,2024-05-21 04:30:01,51.7443,-9.31424,5.8,9,3,0,,2024-May-21,04:30:01
2656,2024-05-21 04:31:01,51.7443,-9.31424,5.8,8.5,0,1,,2024-May-21,04:31:01
2657,2024-05-21 04:32:01,51.7443,-9.31424,5.8,8.75,0,0,,2024-May-21,04:32:01
2658,2024-05-21 04:33:01,51.7443,-9.31424,5.8,9,0,0,,2024-May-21,04:33:01
2659,2024-05-21 04:34:01,51.7443,-9.31424,5.8,9,0,0,,2024-May-21,04:34:01
2660,2024-05-21 04:35:01,51.7443,-9.31424,5.8,8.75,3,1,,2024-May-21,04:35:01
2661,2024-05-21 04:36:01,51.7443,-9.31424,5.8,8.75,1,2,,2024-May-21,04:36:01
2662,2024-05-21 04:37:01,51.7443,-9.31424,5.8,8.75,1,0,,2024-May-21,04:37:01
2663,2024-05-21 04:38:01,51.7443,-9.31424,5.8,9,0,0,,2024-May-21,04:38:01
2664,2024-05-21 04:39:01,51.7443,-9.31424,5.8,9,2,0,,2024-May-21,04:39:01
2665,2024-05-21 04:40:01,51.7443,-9.31424,5.7,8.5,2,0,,2024-May-21,04:40:01
2666,2024-05-21 04:41:01,51.7443,-9.31424,5.7,8.75,2,2,,2024-May-21,04:41:01
2667,2024-05-21 04:42:01,51.7443,-9.31424,5.7,9,4,1,,2024-May-21,04:42:01
2668,2024-05-21 04:43:01,51.7443,-9.31424,5.8,8.75,5,0,,2024-May-21,04:43:01
2669,2024-05-21 04:44:01,51.7443,-9.31424,5.7,8.75,2,0,,2024-May-21,04:44:01
2670,2024-05-21 04:45:01,51.7443,-9.31424,5.7,9,3,2,,2024-May-21,04:45:01
2671,2024-05-21 04:46:01,51.7443,-9.31424,5.8,9,3,1,,2024-May-21,04:46:01
2672,2024-05-21 04:47:01,51.7443,-9.31424,5.8,8.75,0,1,,2024-May-21,04:47:01
2673,2024-05-21 04:48:01,51.7443,-9.31424,5.8,8.75,0,0,,2024-May-21,04:48:01
2674,2024-05-21 04:49:01,51.7443,-9.31424,5.8,9,0,0,,2024-May-21,04:49:01
2675,2024-05-21 04:50:01,51.7443,-9.31424,5.8,8.75,0,0,,2024-May-21,04:50:01
2676,2024-05-21 04:51:01,51.7443,-9.31424,5.8,8.75,0,0,,2024-May-21,04:51:01
2677,2024-05-21 04:52:01,51.7443,-9.31424,5.8,8.5,0,0,,2024-May-21,04:52:01
2678,2024-05-21 04:53:01,51.7443,-9.31424,5.8,8.5,1,0,,2024-May-21,04:53:01
2679,2024-05-21 04:54:01,51.7443,-9.31424,5.8,8.5,0,0,,2024-May-21,04:54:01
2680,2024-05-21 04:55:01,51.7443,-9.31424,5.8,8.5,0,0,,2024-May-21,04:55:01
2681,2024-05-21 04:56:01,51.7443,-9.31424,5.8,8.5,1,0,,2024-May-21,04:56:01
2682,2024-05-21 04:57:01,51.7443,-9.31424,5.8,8.5,0,0,,2024-May-21,04:57:01
2683,2024-05-21 04:58:01,51.7443,-9.31424,5.8,8.5,1,0,,2024-May-21,04:58:01
2684,2024-05-21 04:59:01,51.7443,-9.31424,5.8,8.5,1,0,,2024-May-21,04:59:01
2685,2024-05-21 05:00:01,51.7443,-9.31424,5.8,8.5,0,0,,2024-May-21,05:00:01
2686,2024-05-21 05:01:01,51.7443,-9.31424,5.8,8.5,0,0,,2024-May-21,05:01:01
2687,2024-05-21 05:02:01,51.7443,-9.31424,5.8,8.5,0,0,,2024-May-21,05:02:01
2688,2024-05-21 05:03:01,51.7443,-9.31424,5.8,8.5,0,0,,2024-May-21,05:03:01
2689,2024-05-21 05:04:01,51.7443,-9.31424,5.8,8.75,0,0,,2024-May-21,05:04:01
2690,2024-05-21 05:05:01,51.7443,-9.31424,5.8,8.5,0,0,,2024-May-21,05:05:01
2691,2024-05-21 05:06:01,51.7443,-9.31424,5.8,8.5,0,0,,2024-May-21,05:06:01
2692,2024-05-21 05:07:01,51.7443,-9.31424,5.8,8.5,0,0,,2024-May-21,05:07:01
2693,2024-05-21 05:08:01,51.7443,-9.31424,5.8,8.75,0,0,,2024-May-21,05:08:01
2694,2024-05-21 05:09:01,51.7443,-9.31424,5.8,8.25,0,0,,2024-May-21,05:09:01
2695,2024-05-21 05:10:01,51.7443,-9.31424,5.8,8.5,0,0,,2024-May-21,05:10:01
2696,2024-05-21 05:11:01,51.7443,-9.31424,5.8,8.75,0,0,,2024-May-21,05:11:01
2697,2024-05-21 05:12:01,51.7443,-9.31424,5.8,8.5,0,0,,2024-May-21,05:12:01
2698,2024-05-21 05:13:01,51.7443,-9.31424,5.8,8.25,0,0,,2024-May-21,05:13:01
2699,2024-05-21 05:14:01,51.7443,-9.31424,5.8,8.25,0,0,,2024-May-21,05:14:01
2700,2024-05-21 05:15:01,51.7443,-9.31424,5.8,8.25,0,0,,2024-May-21,05:15:01
2701,2024-05-21 05:16:01,51.7443,-9.31424,5.8,8.5,0,0,,2024-May-21,05:16:01
2702,2024-05-21 05:17:01,51.7443,-9.31424,5.8,8.25,0,0,,2024-May-21,05:17:01
2703,2024-05-21 05:18:01,51.7443,-9.31424,5.8,8.25,0,0,,2024-May-21,05:18:01
2704,2024-05-21 05:19:01,51.7443,-9.31424,5.8,8.25,0,0,,2024-May-21,05:19:01
2705,2024-05-21 05:20:01,51.7443,-9.31424,5.8,8.25,0,0,,2024-May-21,05:20:01
2706,2024-05-21 05:21:01,51.7443,-9.31424,5.8,8.25,0,0,,2024-May-21,05:21:01
2707,2024-05-21 05:22:01,51.7443,-9.31424,5.8,8.5,0,0,,2024-May-21,05:22:01
2708,2024-05-21 05:23:01,51.7443,-9.31424,5.8,8.25,0,0,,2024-May-21,05:23:01
2709,2024-05-21 05:24:01,51.7443,-9.31424,5.8,8.5,0,0,,2024-May-21,05:24:01
2710,2024-05-21 05:25:01,51.7443,-9.31424,5.8,8.25,0,0,,2024-May-21,05:25:01
2711,2024-05-21 05:26:01,51.7443,-9.31424,5.8,8.25,0,0,,2024-May-21,05:26:01
2712,2024-05-21 05:27:01,51.7443,-9.31424,5.8,8.5,0,0,,2024-May-21,05:27:01
2713,2024-05-21 05:28:01,51.7443,-9.31424,5.8,8.5,0,0,,2024-May-21,05:28:01
2714,2024-05-21 05:29:01,51.7443,-9.31424,5.8,8.25,0,0,,2024-May-21,05:29:01
2715,2024-05-21 05:30:01,51.7443,-9.31424,5.8,8.25,0,0,,2024-May-21,05:30:01
2716,2024-05-21 05:31:01,51.7443,-9.31424,5.8,8.25,0,0,,2024-May-21,05:31:01
2717,2024-05-21 05:32:01,51.7443,-9.31424,5.8,8.25,0,0,,2024-May-21,05:32:01
2718,2024-05-21 05:33:01,51.7443,-9.31424,5.8,8.25,0,0,,2024-May-21,05:33:01
2719,2024-05-21 05:34:01,51.7443,-9.31424,5.8,8.25,0,0,,2024-May-21,05:34:01
2720,2024-05-21 05:35:01,51.7443,-9.31424,5.8,8.25,0,0,,2024-May-21,05:35:01
2721,2024-05-21 05:36:01,51.7443,-9.31424,5.8,8.75,0,0,,2024-May-21,05:36:01
2722,2024-05-21 05:37:01,51.7443,-9.31424,5.8,8.25,0,0,,2024-May-21,05:37:01
2723,2024-05-21 05:38:01,51.7443,-9.31424,5.8,8.25,0,0,,2024-May-21,05:38:01
2724,2024-05-21 05:39:01,51.7443,-9.31424,5.8,8.25,0,0,,2024-May-21,05:39:01
2725,2024-05-21 05:40:01,51.7443,-9.31424,5.8,8.25,0,0,,2024-May-21,05:40:01
2726,2024-05-21 05:41:01,51.7443,-9.31424,5.8,8.25,0,0,,2024-May-21,05:41:01
2727,2024-05-21 05:42:01,51.7443,-9.31424,5.8,8.25,0,0,,2024-May-21,05:42:01
2728,2024-05-21 05:43:01,51.7443,-9.31424,5.8,8.25,0,0,,2024-May-21,05:43:01
2729,2024-05-21 05:44:01,51.7443,-9.31424,5.8,8.25,0,0,,2024-May-21,05:44:01
2730,2024-05-21 05:45:01,51.7443,-9.31424,5.8,8.25,0,0,,2024-May-21,05:45:01
2731,2024-05-21 05:46:01,51.7443,-9.31424,5.8,8.25,0,0,,2024-May-21,05:46:01
2732,2024-05-21 05:47:01,51.7443,-9.31424,5.8,8.25,0,0,,2024-May-21,05:47:01
2733,2024-05-21 05:48:01,51.7443,-9.31424,5.8,8.25,0,0,,2024-May-21,05:48:01
2734,2024-05-21 05:49:01,51.7443,-9.31424,5.8,8.25,0,0,,2024-May-21,05:49:01
2735,2024-05-21 05:50:01,51.7443,-9.31424,5.8,8.25,0,0,,2024-May-21,05:50:01
2736,2024-05-21 05:51:01,51.7443,-9.31424,5.8,8.5,0,0,,2024-May-21,05:51:01
2737,2024-05-21 05:52:01,51.7443,-9.31424,5.8,8.5,0,0,,2024-May-21,05:52:01
2738,2024-05-21 05:53:01,51.7443,-9.31424,5.8,8.25,0,0,,2024-May-21,05:53:01
2739,2024-05-21 05:54:01,51.7443,-9.31424,5.8,8.25,0,0,,2024-May-21,05:54:01
2740,2024-05-21 05:55:01,51.7443,-9.31424,5.8,8.5,0,0,,2024-May-21,05:55:01
2741,2024-05-21 05:56:01,51.7443,-9.31424,5.8,8.5,0,0,,2024-May-21,05:56:01
2742,2024-05-21 05:57:01,51.7443,-9.31424,5.8,8.25,0,0,,2024-May-21,05:57:01
2743,2024-05-21 05:58:01,51.7443,-9.31424,5.8,8.25,0,0,,2024-May-21,05:58:01
2744,2024-05-21 05:59:01,51.7443,-9.31424,5.8,8.5,0,0,,2024-May-21,05:59:01
2745,2024-05-21 06:00:01,51.7443,-9.31424,5.8,8.5,0,0,,2024-May-21,06:00:01
2746,2024-05-21 06:01:01,51.7443,-9.31424,5.8,8.25,0,0,,2024-May-21,06:01:01
2747,2024-05-21 06:02:01,51.7443,-9.31424,5.8,8.5,0,0,,2024-May-21,06:02:01
2748,2024-05-21 06:03:01,51.7443,-9.31424,5.8,8.25,0,0,,2024-May-21,06:03:01
2749,2024-05-21 06:04:01,51.7443,-9.31424,5.8,8.25,0,0,,2024-May-21,06:04:01
2750,2024-05-21 06:05:01,51.7443,-9.31424,5.8,8.5,0,0,,2024-May-21,06:05:01
2751,2024-05-21 06:06:00,51.7443,-9.31424,5.8,8.5,0,0,,2024-May-21,06:06:00
2752,2024-05-21 21:03:59,51.7443,-9.31424,5.9,16,0,0,,2024-May-21,21:03:59
2753,2024-05-21 21:04:59,51.7443,-9.31424,5.9,16.25,0,0,,2024-May-21,21:04:59
2754,2024-05-21 21:05:59,51.7443,-9.31424,5.9,16.25,0,0,,2024-May-21,21:05:59
2755,2024-05-21 21:06:59,51.7443,-9.31424,5.9,16.25,0,0,,2024-May-21,21:06:59
2756,2024-05-21 21:07:59,51.7443,-9.31424,5.9,16,0,0,,2024-May-21,21:07:59
2757,2024-05-21 21:08:59,51.7443,-9.31424,5.9,16,0,0,,2024-May-21,21:08:59
2758,2024-05-21 21:09:59,51.7443,-9.31424,5.9,16,0,0,,2024-May-21,21:09:59
2759,2024-05-21 21:10:59,51.7443,-9.31424,5.9,16,0,0,,2024-May-21,21:10:59
2760,2024-05-21 21:11:59,51.7443,-9.31424,5.9,16,0,0,,2024-May-21,21:11:59
2761,2024-05-21 21:12:59,51.7443,-9.31424,5.9,15.75,0,0,,2024-May-21,21:12:59
2762,2024-05-21 21:13:59,51.7443,-9.31424,5.9,16,0,0,,2024-May-21,21:13:59
2763,2024-05-21 21:14:59,51.7443,-9.31424,5.9,15.75,0,0,,2024-May-21,21:14:59
2764,2024-05-21 21:15:59,51.7443,-9.31424,5.9,15.75,0,0,,2024-May-21,21:15:59
2765,2024-05-21 21:16:59,51.7443,-9.31424,5.9,15.75,0,0,,2024-May-21,21:16:59
2766,2024-05-21 21:17:59,51.7443,-9.31424,5.9,15.5,0,0,,2024-May-21,21:17:59
2767,2024-05-21 21:18:59,51.7443,-9.31424,5.9,15.5,0,0,,2024-May-21,21:18:59
2768,2024-05-21 21:19:59,51.7443,-9.31424,5.9,15.5,0,0,,2024-May-21,21:19:59
2769,2024-05-21 21:20:59,51.7443,-9.31424,5.9,15.5,0,0,,2024-May-21,21:20:59
2770,2024-05-21 21:21:59,51.7443,-9.31424,5.9,15.25,0,0,,2024-May-21,21:21:59
2771,2024-05-21 21:22:59,51.7443,-9.31424,5.9,15.25,0,0,,2024-May-21,21:22:59
2772,2024-05-21 21:23:59,51.7443,-9.31424,5.9,15.5,0,0,,2024-May-21,21:23:59
2773,2024-05-21 21:24:59,51.7443,-9.31424,5.9,15.5,0,0,,2024-May-21,21:24:59
2774,2024-05-21 21:25:59,51.7443,-9.31424,5.9,15.25,0,0,,2024-May-21,21:25:59
2775,2024-05-21 21:26:59,51.7443,-9.31424,5.9,15.25,0,0,,2024-May-21,21:26:59
2776,2024-05-21 21:27:59,51.7443,-9.31424,5.9,15,0,0,,2024-May-21,21:27:59
2777,2024-05-21 21:28:59,51.7443,-9.31424,5.9,15,0,0,,2024-May-21,21:28:59
2778,2024-05-21 21:29:59,51.7443,-9.31424,5.9,15,0,0,,2024-May-21,21:29:59
2779,2024-05-21 21:30:59,51.7443,-9.31424,5.9,15,0,0,,2024-May-21,21:30:59
2780,2024-05-21 21:31:59,51.7443,-9.31424,5.9,14.75,0,0,,2024-May-21,21:31:59
2781,2024-05-21 21:32:59,51.7443,-9.31424,5.9,14.75,0,0,,2024-May-21,21:32:59
2782,2024-05-21 21:33:59,51.7443,-9.31424,5.9,14.75,0,0,,2024-May-21,21:33:59
2783,2024-05-21 21:34:59,51.7443,-9.31424,5.9,14.75,0,0,,2024-May-21,21:34:59
2784,2024-05-21 21:35:59,51.7443,-9.31424,5.9,14.75,0,0,,2024-May-21,21:35:59
2785,2024-05-21 21:36:59,51.7443,-9.31424,5.9,14.25,0,0,,2024-May-21,21:36:59
2786,2024-05-21 21:37:59,51.7443,-9.31424,5.9,14.5,0,0,,2024-May-21,21:37:59
2787,2024-05-21 21:38:59,51.7443,-9.31424,5.9,14.25,0,0,,2024-May-21,21:38:59
2788,2024-05-21 21:39:59,51.7443,-9.31424,5.9,14.25,0,0,,2024-May-21,21:39:59
2789,2024-05-21 21:40:59,51.7443,-9.31424,5.9,14.25,0,0,,2024-May-21,21:40:59
2790,2024-05-21 21:41:59,51.7443,-9.31424,5.9,14.25,0,0,,2024-May-21,21:41:59
2791,2024-05-21 21:42:59,51.7443,-9.31424,5.9,14.25,0,0,,2024-May-21,21:42:59
2792,2024-05-21 21:43:59,51.7443,-9.31424,5.9,14,0,0,,2024-May-21,21:43:59
2793,2024-05-21 21:44:59,51.7443,-9.31424,5.9,14.25,0,0,,2024-May-21,21:44:59
2794,2024-05-21 21:45:59,51.7443,-9.31424,5.9,13.75,0,0,,2024-May-21,21:45:59
2795,2024-05-21 21:46:59,51.7443,-9.31424,5.9,13.75,0,0,,2024-May-21,21:46:59
2796,2024-05-21 21:47:59,51.7443,-9.31424,5.9,13.75,0,0,,2024-May-21,21:47:59
2797,2024-05-21 21:48:59,51.7443,-9.31424,5.9,13.75,0,0,,2024-May-21,21:48:59
2798,2024-05-21 21:49:59,51.7443,-9.31424,5.9,13.75,0,0,,2024-May-21,21:49:59
2799,2024-05-21 21:50:59,51.7443,-9.31424,5.9,14,0,0,,2024-May-21,21:50:59
2800,2024-05-21 21:51:59,51.7443,-9.31424,5.9,13.75,0,0,,2024-May-21,21:51:59
2801,2024-05-21 21:52:59,51.7443,-9.31424,5.9,13.5,0,0,,2024-May-21,21:52:59
2802,2024-05-21 21:53:59,51.7443,-9.31424,5.9,13.5,0,0,,2024-May-21,21:53:59
2803,2024-05-21 21:54:59,51.7443,-9.31424,5.9,13.5,0,0,,2024-May-21,21:54:59
2804,2024-05-21 21:55:59,51.7443,-9.31424,5.9,13.5,0,0,,2024-May-21,21:55:59
2805,2024-05-21 21:56:59,51.7443,-9.31424,5.9,13.25,0,0,,2024-May-21,21:56:59
2806,2024-05-21 21:57:59,51.7443,-9.31424,5.9,13.25,0,0,,2024-May-21,21:57:59
2807,2024-05-21 21:58:59,51.7443,-9.31424,5.9,13.25,0,0,,2024-May-21,21:58:59
2808,2024-05-21 21:59:59,51.7443,-9.31424,5.9,13.25,0,0,,2024-May-21,21:59:59
2809,2024-05-21 22:00:59,51.7443,-9.31424,5.9,13,0,0,,2024-May-21,22:00:59
2810,2024-05-21 22:01:59,51.7443,-9.31424,5.9,13,0,0,,2024-May-21,22:01:59
2811,2024-05-21 22:02:59,51.7443,-9.31424,5.9,13,1,0,,2024-May-21,22:02:59
2812,2024-05-21 22:03:59,51.7443,-9.31424,5.9,13,0,0,,2024-May-21,22:03:59
2813,2024-05-21 22:04:59,51.7443,-9.31424,5.9,13,0,0,,2024-May-21,22:04:59
2814,2024-05-21 22:05:59,51.7443,-9.31424,5.9,13,0,0,,2024-May-21,22:05:59
2815,2024-05-21 22:06:59,51.7443,-9.31424,5.9,13,0,0,,2024-May-21,22:06:59
2816,2024-05-21 22:07:59,51.7443,-9.31424,5.9,13,0,0,,2024-May-21,22:07:59
2817,2024-05-21 22:08:59,51.7443,-9.31424,5.9,12.75,0,0,,2024-May-21,22:08:59
2818,2024-05-21 22:09:59,51.7443,-9.31424,5.9,12.75,0,0,,2024-May-21,22:09:59
2819,2024-05-21 22:10:59,51.7443,-9.31424,5.9,12.75,0,0,,2024-May-21,22:10:59
2820,2024-05-21 22:11:59,51.7443,-9.31424,5.9,12.75,0,0,,2024-May-21,22:11:59
2821,2024-05-21 22:12:59,51.7443,-9.31424,5.9,12.75,0,0,,2024-May-21,22:12:59
2822,2024-05-21 22:13:59,51.7443,-9.31424,5.9,12.75,0,0,,2024-May-21,22:13:59
2823,2024-05-21 22:14:59,51.7443,-9.31424,5.9,12.75,0,0,,2024-May-21,22:14:59
2824,2024-05-21 22:15:59,51.7443,-9.31424,5.9,12.5,0,0,,2024-May-21,22:15:59
2825,2024-05-21 22:16:59,51.7443,-9.31424,5.9,12.75,1,0,,2024-May-21,22:16:59
2826,2024-05-21 22:17:59,51.7443,-9.31424,5.9,12.5,2,0,,2024-May-21,22:17:59
2827,2024-05-21 22:18:59,51.7443,-9.31424,5.9,12.5,2,1,,2024-May-21,22:18:59
2828,2024-05-21 22:19:59,51.7443,-9.31424,5.8,12.5,3,1,,2024-May-21,22:19:59
2829,2024-05-21 22:20:59,51.7443,-9.31424,5.8,12.75,4,1,,2024-May-21,22:20:59
2830,2024-05-21 22:21:59,51.7443,-9.31424,5.8,12.5,3,0,,2024-May-21,22:21:59
2831,2024-05-21 22:22:59,51.7443,-9.31424,5.8,12.5,3,1,,2024-May-21,22:22:59
2832,2024-05-21 22:23:59,51.7443,-9.31424,5.8,12.75,2,4,,2024-May-21,22:23:59
2833,2024-05-21 22:24:59,51.7443,-9.31424,5.8,12.75,3,0,,2024-May-21,22:24:59
2834,2024-05-21 22:25:59,51.7443,-9.31424,5.9,12.75,2,0,,2024-May-21,22:25:59
2835,2024-05-21 22:26:59,51.7443,-9.31424,5.9,12.75,2,0,,2024-May-21,22:26:59
2836,2024-05-21 22:27:59,51.7443,-9.31424,5.9,12.75,0,0,,2024-May-21,22:27:59
2837,2024-05-21 22:28:59,51.7443,-9.31424,5.9,12.75,2,0,,2024-May-21,22:28:59
2838,2024-05-21 22:29:59,51.7443,-9.31424,5.9,12.75,2,0,,2024-May-21,22:29:59
2839,2024-05-21 22:30:59,51.7443,-9.31424,5.9,12.75,0,0,,2024-May-21,22:30:59
2840,2024-05-21 22:31:59,51.7443,-9.31424,5.9,12.75,0,0,,2024-May-21,22:31:59
2841,2024-05-21 22:32:59,51.7443,-9.31424,5.9,12.75,0,0,,2024-May-21,22:32:59
2842,2024-05-21 22:33:59,51.7443,-9.31424,5.9,12.75,0,0,,2024-May-21,22:33:59
2843,2024-05-21 22:34:59,51.7443,-9.31424,5.9,12.5,0,0,,2024-May-21,22:34:59
2844,2024-05-21 22:35:59,51.7443,-9.31424,5.9,12.5,0,0,,2024-May-21,22:35:59
2845,2024-05-21 22:36:59,51.7443,-9.31424,5.9,12.5,1,1,,2024-May-21,22:36:59
2846,2024-05-21 22:37:59,51.7443,-9.31424,5.9,12.5,2,0,,2024-May-21,22:37:59
2847,2024-05-21 22:38:59,51.7443,-9.31424,5.9,12.5,0,0,,2024-May-21,22:38:59
2848,2024-05-21 22:39:59,51.7443,-9.31424,5.9,12.5,0,0,,2024-May-21,22:39:59
2849,2024-05-21 22:40:59,51.7443,-9.31424,5.9,12.5,0,0,,2024-May-21,22:40:59
2850,2024-05-21 22:41:59,51.7443,-9.31424,5.9,12.5,0,0,,2024-May-21,22:41:59
2851,2024-05-21 22:42:59,51.7443,-9.31424,5.9,12.5,0,0,,2024-May-21,22:42:59
2852,2024-05-21 22:43:59,51.7443,-9.31424,5.9,12.5,1,0,,2024-May-21,22:43:59
2853,2024-05-21 22:44:59,51.7443,-9.31424,5.9,12.5,0,0,,2024-May-21,22:44:59
2854,2024-05-21 22:45:59,51.7443,-9.31424,5.9,12.5,0,0,,2024-May-21,22:45:59
2855,2024-05-21 22:46:59,51.7443,-9.31424,5.9,12.5,0,0,,2024-May-21,22:46:59
2856,2024-05-21 22:47:59,51.7443,-9.31424,5.9,12.5,0,0,,2024-May-21,22:47:59
2857,2024-05-21 22:48:59,51.7443,-9.31424,5.8,12.5,0,0,,2024-May-21,22:48:59
2858,2024-05-21 22:49:59,51.7443,-9.31424,5.9,12.5,2,0,,2024-May-21,22:49:59
2859,2024-05-21 22:50:59,51.7443,-9.31424,5.9,12.5,0,0,,2024-May-21,22:50:59
2860,2024-05-21 22:51:59,51.7443,-9.31424,5.9,12.75,0,0,,2024-May-21,22:51:59
2861,2024-05-21 22:52:59,51.7443,-9.31424,5.9,12.5,0,0,,2024-May-21,22:52:59
2862,2024-05-21 22:53:59,51.7443,-9.31424,5.9,12.5,0,0,,2024-May-21,22:53:59
2863,2024-05-21 22:54:59,51.7443,-9.31424,5.9,12.5,1,0,,2024-May-21,22:54:59
2864,2024-05-21 22:55:59,51.7443,-9.31424,5.9,12.5,0,0,,2024-May-21,22:55:59
2865,2024-05-21 22:56:59,51.7443,-9.31424,5.9,12.5,0,0,,2024-May-21,22:56:59
2866,2024-05-21 22:57:59,51.7443,-9.31424,5.9,12.5,0,0,,2024-May-21,22:57:59
2867,2024-05-21 22:58:59,51.7443,-9.31424,5.9,12.5,0,0,,2024-May-21,22:58:59
2868,2024-05-21 22:59:59,51.7443,-9.31424,5.9,12.5,0,0,,2024-May-21,22:59:59
2869,2024-05-21 23:00:59,51.7443,-9.31424,5.9,12.5,0,0,,2024-May-21,23:00:59
2870,2024-05-21 23:01:59,51.7443,-9.31424,5.8,12.5,0,0,,2024-May-21,23:01:59
2871,2024-05-21 23:02:59,51.7443,-9.31424,5.9,12.25,1,0,,2024-May-21,23:02:59
2872,2024-05-21 23:03:59,51.7443,-9.31424,5.9,12.5,1,0,,2024-May-21,23:03:59
2873,2024-05-21 23:04:59,51.7443,-9.31424,5.9,12.25,0,0,,2024-May-21,23:04:59
2874,2024-05-21 23:05:59,51.7443,-9.31424,5.9,12.25,0,0,,2024-May-21,23:05:59
2875,2024-05-21 23:06:59,51.7443,-9.31424,5.9,12.5,0,0,,2024-May-21,23:06:59
2876,2024-05-21 23:07:59,51.7443,-9.31424,5.9,12.25,0,0,,2024-May-21,23:07:59
2877,2024-05-21 23:08:59,51.7443,-9.31424,5.9,12.5,0,0,,2024-May-21,23:08:59
2878,2024-05-21 23:09:59,51.7443,-9.31424,5.9,12.25,0,0,,2024-May-21,23:09:59
2879,2024-05-21 23:10:59,51.7443,-9.31424,5.9,12.25,1,0,,2024-May-21,23:10:59
2880,2024-05-21 23:11:59,51.7443,-9.31424,5.9,12.5,0,0,,2024-May-21,23:11:59
2881,2024-05-21 23:12:59,51.7443,-9.31424,5.9,12.25,0,0,,2024-May-21,23:12:59
2882,2024-05-21 23:13:59,51.7443,-9.31424,5.9,12.5,0,0,,2024-May-21,23:13:59
2883,2024-05-21 23:14:59,51.7443,-9.31424,5.9,12.25,0,0,,2024-May-21,23:14:59
2884,2024-05-21 23:15:59,51.7443,-9.31424,5.9,12.5,0,0,,2024-May-21,23:15:59
2885,2024-05-21 23:16:59,51.7443,-9.31424,5.9,12.25,0,0,,2024-May-21,23:16:59
2886,2024-05-21 23:17:59,51.7443,-9.31424,5.9,12.25,1,0,,2024-May-21,23:17:59
2887,2024-05-21 23:18:59,51.7443,-9.31424,5.8,12.25,1,0,,2024-May-21,23:18:59
2888,2024-05-21 23:19:59,51.7443,-9.31424,5.8,12.5,0,0,,2024-May-21,23:19:59
2889,2024-05-21 23:20:59,51.7443,-9.31424,5.8,12.25,0,0,,2024-May-21,23:20:59
2890,2024-05-21 23:21:59,51.7443,-9.31424,5.8,12.25,0,0,,2024-May-21,23:21:59
2891,2024-05-21 23:22:59,51.7443,-9.31424,5.9,12.25,1,0,,2024-May-21,23:22:59
2892,2024-05-21 23:23:59,51.7443,-9.31424,5.9,12.25,0,1,,2024-May-21,23:23:59
2893,2024-05-21 23:24:59,51.7443,-9.31424,5.9,12.25,0,0,,2024-May-21,23:24:59
2894,2024-05-21 23:25:59,51.7443,-9.31424,5.9,12.25,1,0,,2024-May-21,23:25:59
2895,2024-05-21 23:26:59,51.7443,-9.31424,5.9,12.25,0,0,,2024-May-21,23:26:59
2896,2024-05-21 23:27:59,51.7443,-9.31424,5.8,12.25,0,0,,2024-May-21,23:27:59
2897,2024-05-21 23:28:59,51.7443,-9.31424,5.8,12.25,0,0,,2024-May-21,23:28:59
2898,2024-05-21 23:29:59,51.7443,-9.31424,5.9,12.25,0,0,,2024-May-21,23:29:59
2899,2024-05-21 23:30:59,51.7443,-9.31424,5.9,12.25,0,0,,2024-May-21,23:30:59
2900,2024-05-21 23:31:59,51.7443,-9.31424,5.8,12.25,0,0,,2024-May-21,23:31:59
2901,2024-05-21 23:32:59,51.7443,-9.31424,5.8,12.25,0,0,,2024-May-21,23:32:59
2902,2024-05-21 23:33:59,51.7443,-9.31424,5.9,12.25,0,0,,2024-May-21,23:33:59
2903,2024-05-21 23:34:59,51.7443,-9.31424,5.8,12.25,0,0,,2024-May-21,23:34:59
2904,2024-05-21 23:35:59,51.7443,-9.31424,5.8,12.25,1,0,,2024-May-21,23:35:59
2905,2024-05-21 23:36:59,51.7443,-9.31424,5.8,12.25,3,0,,2024-May-21,23:36:59
2906,2024-05-21 23:37:59,51.7443,-9.31424,5.9,12.25,2,0,,2024-May-21,23:37:59
2907,2024-05-21 23:38:59,51.7443,-9.31424,5.8,12.25,1,0,,2024-May-21,23:38:59
2908,2024-05-21 23:39:59,51.7443,-9.31424,5.8,12.25,1,0,,2024-May-21,23:39:59
2909,2024-05-21 23:40:59,51.7443,-9.31424,5.8,12.25,0,0,,2024-May-21,23:40:59
2910,2024-05-21 23:41:59,51.7443,-9.31424,5.8,12.25,1,0,,2024-May-21,23:41:59
2911,2024-05-21 23:42:59,51.7443,-9.31424,5.8,12.25,0,0,,2024-May-21,23:42:59
2912,2024-05-21 23:43:59,51.7443,-9.31424,5.8,12.5,0,0,,2024-May-21,23:43:59
2913,2024-05-21 23:44:59,51.7443,-9.31424,5.8,12.25,0,0,,2024-May-21,23:44:59
2914,2024-05-21 23:45:59,51.7443,-9.31424,5.8,12.25,1,1,,2024-May-21,23:45:59
2915,2024-05-21 23:46:59,51.7443,-9.31424,5.8,12.25,0,0,,2024-May-21,23:46:59
2916,2024-05-21 23:47:59,51.7443,-9.31424,5.8,12.25,0,0,,2024-May-21,23:47:59
2917,2024-05-21 23:48:59,51.7443,-9.31424,5.8,12.25,1,0,,2024-May-21,23:48:59
2918,2024-05-21 23:49:59,51.7443,-9.31424,5.8,12.25,0,0,,2024-May-21,23:49:59
2919,2024-05-21 23:50:59,51.7443,-9.31424,5.8,12.25,0,0,,2024-May-21,23:50:59
2920,2024-05-21 23:51:59,51.7443,-9.31424,5.8,12.25,1,0,,2024-May-21,23:51:59
2921,2024-05-21 23:52:59,51.7443,-9.31424,5.8,12,1,1,,2024-May-21,23:52:59
2922,2024-05-21 23:53:59,51.7443,-9.31424,5.8,12,0,0,,2024-May-21,23:53:59
2923,2024-05-21 23:54:59,51.7443,-9.31424,5.8,12,0,1,,2024-May-21,23:54:59
2924,2024-05-21 23:55:59,51.7443,-9.31424,5.8,12,1,0,,2024-May-21,23:55:59
2925,2024-05-21 23:56:59,51.7443,-9.31424,5.8,12,1,0,,2024-May-21,23:56:59
2926,2024-05-21 23:57:59,51.7443,-9.31424,5.8,12,0,0,,2024-May-21,23:57:59
2927,2024-05-21 23:58:59,51.7443,-9.31424,5.8,12,0,0,,2024-May-21,23:58:59
2928,2024-05-21 23:59:59,51.7443,-9.31424,5.8,12,0,0,,2024-May-21,23:59:59
2929,2024-05-22 00:00:59,51.7443,-9.31424,5.8,12,0,2,,2024-May-22,00:00:59
2930,2024-05-22 00:01:59,51.7443,-9.31424,5.8,11.75,2,0,,2024-May-22,00:01:59
2931,2024-05-22 00:02:59,51.7443,-9.31424,5.8,11.75,0,0,,2024-May-22,00:02:59
2932,2024-05-22 00:03:59,51.7443,-9.31424,5.8,12,1,0,,2024-May-22,00:03:59
2933,2024-05-22 00:04:59,51.7443,-9.31424,5.8,11.75,0,0,,2024-May-22,00:04:59
2934,2024-05-22 00:05:59,51.7443,-9.31424,5.8,11.75,1,1,,2024-May-22,00:05:59
2935,2024-05-22 00:06:59,51.7443,-9.31424,5.8,11.75,2,0,,2024-May-22,00:06:59
2936,2024-05-22 00:07:59,51.7443,-9.31424,5.8,11.75,1,0,,2024-May-22,00:07:59
2937,2024-05-22 00:08:59,51.7443,-9.31424,5.8,11.75,3,0,,2024-May-22,00:08:59
2938,2024-05-22 00:09:59,51.7443,-9.31424,5.8,11.75,0,0,,2024-May-22,00:09:59
2939,2024-05-22 00:10:59,51.7443,-9.31424,5.8,11.75,0,0,,2024-May-22,00:10:59
2940,2024-05-22 00:11:59,51.7443,-9.31424,5.8,11.75,0,0,,2024-May-22,00:11:59
2941,2024-05-22 00:12:59,51.7443,-9.31424,5.8,11.75,0,0,,2024-May-22,00:12:59
2942,2024-05-22 00:13:59,51.7443,-9.31424,5.8,11.75,0,0,,2024-May-22,00:13:59
2943,2024-05-22 00:14:59,51.7443,-9.31424,5.8,11.75,1,0,,2024-May-22,00:14:59
2944,2024-05-22 00:15:59,51.7443,-9.31424,5.8,11.75,0,0,,2024-May-22,00:15:59
2945,2024-05-22 00:16:59,51.7443,-9.31424,5.8,11.5,1,0,,2024-May-22,00:16:59
2946,2024-05-22 00:17:59,51.7443,-9.31424,5.8,11.5,0,0,,2024-May-22,00:17:59
2947,2024-05-22 00:18:59,51.7443,-9.31424,5.8,11.5,2,0,,2024-May-22,00:18:59
2948,2024-05-22 00:19:59,51.7443,-9.31424,5.8,11.5,1,0,,2024-May-22,00:19:59
2949,2024-05-22 00:20:59,51.7443,-9.31424,5.8,11.5,0,0,,2024-May-22,00:20:59
2950,2024-05-22 00:21:59,51.7443,-9.31424,5.8,11.5,2,0,,2024-May-22,00:21:59
2951,2024-05-22 00:22:59,51.7443,-9.31424,5.8,11.5,0,0,,2024-May-22,00:22:59
2952,2024-05-22 00:23:59,51.7443,-9.31424,5.8,11.5,0,0,,2024-May-22,00:23:59
2953,2024-05-22 00:24:59,51.7443,-9.31424,5.8,11.5,0,0,,2024-May-22,00:24:59
2954,2024-05-22 00:25:59,51.7443,-9.31424,5.8,11.5,0,0,,2024-May-22,00:25:59
2955,2024-05-22 00:26:59,51.7443,-9.31424,5.8,11.5,2,0,,2024-May-22,00:26:59
2956,2024-05-22 00:27:59,51.7443,-9.31424,5.8,11.5,1,0,,2024-May-22,00:27:59
2957,2024-05-22 00:28:59,51.7443,-9.31424,5.8,11.5,1,0,,2024-May-22,00:28:59
2958,2024-05-22 00:29:59,51.7443,-9.31424,5.8,11.5,2,0,,2024-May-22,00:29:59
2959,2024-05-22 00:30:59,51.7443,-9.31424,5.8,11.5,0,0,,2024-May-22,00:30:59
2960,2024-05-22 00:31:59,51.7443,-9.31424,5.8,11.5,1,0,,2024-May-22,00:31:59
2961,2024-05-22 00:32:59,51.7443,-9.31424,5.8,11.5,0,0,,2024-May-22,00:32:59
2962,2024-05-22 00:33:59,51.7443,-9.31424,5.8,11.5,0,0,,2024-May-22,00:33:59
2963,2024-05-22 00:34:59,51.7443,-9.31424,5.8,11.5,0,0,,2024-May-22,00:34:59
2964,2024-05-22 00:35:59,51.7443,-9.31424,5.8,11.5,1,0,,2024-May-22,00:35:59
2965,2024-05-22 00:36:59,51.7443,-9.31424,5.8,11.25,1,0,,2024-May-22,00:36:59
2966,2024-05-22 00:37:59,51.7443,-9.31424,5.8,11.25,3,0,,2024-May-22,00:37:59
2967,2024-05-22 00:38:59,51.7443,-9.31424,5.8,11.5,0,0,,2024-May-22,00:38:59
2968,2024-05-22 00:39:59,51.7443,-9.31424,5.8,11.5,2,0,,2024-May-22,00:39:59
2969,2024-05-22 00:40:59,51.7443,-9.31424,5.8,11.5,0,0,,2024-May-22,00:40:59
2970,2024-05-22 00:41:59,51.7443,-9.31424,5.8,11.5,0,1,,2024-May-22,00:41:59
2971,2024-05-22 00:42:59,51.7443,-9.31424,5.7,11.5,2,0,,2024-May-22,00:42:59
2972,2024-05-22 00:43:59,51.7443,-9.31424,5.8,11.5,1,0,,2024-May-22,00:43:59
2973,2024-05-22 00:44:59,51.7443,-9.31424,5.7,11.5,5,0,,2024-May-22,00:44:59
2974,2024-05-22 00:45:59,51.7443,-9.31424,5.7,11.5,1,0,,2024-May-22,00:45:59
2975,2024-05-22 00:46:59,51.7443,-9.31424,5.8,11.5,3,0,,2024-May-22,00:46:59
2976,2024-05-22 00:47:59,51.7443,-9.31424,5.8,11.75,1,0,,2024-May-22,00:47:59
2977,2024-05-22 00:48:59,51.7443,-9.31424,5.7,11.5,3,0,,2024-May-22,00:48:59
2978,2024-05-22 00:49:59,51.7443,-9.31424,5.7,11.5,2,0,,2024-May-22,00:49:59
2979,2024-05-22 00:50:59,51.7443,-9.31424,5.8,11.75,4,0,,2024-May-22,00:50:59
2980,2024-05-22 00:51:59,51.7443,-9.31424,5.8,11.5,4,0,,2024-May-22,00:51:59
2981,2024-05-22 00:52:59,51.7443,-9.31424,5.8,11.5,3,0,,2024-May-22,00:52:59
2982,2024-05-22 00:53:59,51.7443,-9.31424,5.8,11.5,3,0,,2024-May-22,00:53:59
2983,2024-05-22 00:54:59,51.7443,-9.31424,5.8,11.75,4,0,,2024-May-22,00:54:59
2984,2024-05-22 00:55:59,51.7443,-9.31424,5.8,11.75,3,0,,2024-May-22,00:55:59
2985,2024-05-22 00:56:59,51.7443,-9.31424,5.8,11.5,3,0,,2024-May-22,00:56:59
2986,2024-05-22 00:57:59,51.7443,-9.31424,5.8,11.75,2,0,,2024-May-22,00:57:59
2987,2024-05-22 00:58:59,51.7443,-9.31424,5.7,11.75,0,0,,2024-May-22,00:58:59
2988,2024-05-22 00:59:59,51.7443,-9.31424,5.7,11.5,3,0,,2024-May-22,00:59:59
2989,2024-05-22 01:00:59,51.7443,-9.31424,5.8,11.75,3,0,,2024-May-22,01:00:59
2990,2024-05-22 01:01:59,51.7443,-9.31424,5.8,11.75,1,0,,2024-May-22,01:01:59
2991,2024-05-22 01:02:59,51.7443,-9.31424,5.8,11.75,2,0,,2024-May-22,01:02:59
2992,2024-05-22 01:03:59,51.7443,-9.31424,5.8,11.75,3,0,,2024-May-22,01:03:59
2993,2024-05-22 01:04:59,51.7443,-9.31424,5.8,11.75,3,0,,2024-May-22,01:04:59
2994,2024-05-22 01:05:59,51.7443,-9.31424,5.8,11.75,0,0,,2024-May-22,01:05:59
2995,2024-05-22 01:06:59,51.7443,-9.31424,5.8,11.75,2,0,,2024-May-22,01:06:59
2996,2024-05-22 01:07:59,51.7443,-9.31424,5.7,11.75,2,0,,2024-May-22,01:07:59
2997,2024-05-22 01:08:59,51.7443,-9.31424,5.7,11.75,4,0,,2024-May-22,01:08:59
2998,2024-05-22 01:09:59,51.7443,-9.31424,5.8,11.75,4,0,,2024-May-22,01:09:59
2999,2024-05-22 01:10:59,51.7443,-9.31424,5.8,11.75,2,0,,2024-May-22,01:10:59
3000,2024-05-22 01:11:59,51.7443,-9.31424,5.8,11.75,2,0,,2024-May-22,01:11:59
3001,2024-05-22 01:12:59,51.7443,-9.31424,5.8,11.75,3,0,,2024-May-22,01:12:59
3002,2024-05-22 01:13:59,51.7443,-9.31424,5.8,11.75,2,0,,2024-May-22,01:13:59
3003,2024-05-22 01:14:59,51.7443,-9.31424,5.8,12,3,0,,2024-May-22,01:14:59
3004,2024-05-22 01:15:59,51.7443,-9.31424,5.8,11.75,2,0,,2024-May-22,01:15:59
3005,2024-05-22 01:16:59,51.7443,-9.31424,5.8,11.75,2,0,,2024-May-22,01:16:59
3006,2024-05-22 01:17:59,51.7443,-9.31424,5.8,11.75,0,4,,2024-May-22,01:17:59
3007,2024-05-22 01:18:59,51.7443,-9.31424,5.7,11.75,2,0,,2024-May-22,01:18:59
3008,2024-05-22 01:19:59,51.7443,-9.31424,5.8,11.75,3,0,,2024-May-22,01:19:59
3009,2024-05-22 01:20:59,51.7443,-9.31424,5.8,11.75,1,0,,2024-May-22,01:20:59
3010,2024-05-22 01:21:59,51.7443,-9.31424,5.7,11.75,1,0,,2024-May-22,01:21:59
3011,2024-05-22 01:22:59,51.7443,-9.31424,5.8,11.75,3,0,,2024-May-22,01:22:59
3012,2024-05-22 01:23:59,51.7443,-9.31424,5.8,11.75,3,0,,2024-May-22,01:23:59
3013,2024-05-22 01:24:59,51.7443,-9.31424,5.7,11.75,3,0,,2024-May-22,01:24:59
3014,2024-05-22 01:25:59,51.7443,-9.31424,5.7,11.75,3,0,,2024-May-22,01:25:59
3015,2024-05-22 01:26:59,51.7443,-9.31424,5.8,11.75,2,2,,2024-May-22,01:26:59
3016,2024-05-22 01:27:59,51.7443,-9.31424,5.7,11.75,2,1,,2024-May-22,01:27:59
3017,2024-05-22 01:28:59,51.7443,-9.31424,5.7,11.75,3,0,,2024-May-22,01:28:59
3018,2024-05-22 01:29:59,51.7443,-9.31424,5.8,11.75,1,0,,2024-May-22,01:29:59
3019,2024-05-22 01:30:59,51.7443,-9.31424,5.8,11.75,3,0,,2024-May-22,01:30:59
3020,2024-05-22 01:31:59,51.7443,-9.31424,5.8,11.75,3,0,,2024-May-22,01:31:59
3021,2024-05-22 01:32:59,51.7443,-9.31424,5.8,12,1,0,,2024-May-22,01:32:59
3022,2024-05-22 01:33:59,51.7443,-9.31424,5.8,11.75,1,0,,2024-May-22,01:33:59
3023,2024-05-22 01:34:59,51.7443,-9.31424,5.7,11.75,1,0,,2024-May-22,01:34:59
3024,2024-05-22 01:35:59,51.7443,-9.31424,5.8,11.75,3,0,,2024-May-22,01:35:59
3025,2024-05-22 01:36:59,51.7443,-9.31424,5.8,11.75,1,1,,2024-May-22,01:36:59
3026,2024-05-22 01:37:59,51.7443,-9.31424,5.8,11.75,1,0,,2024-May-22,01:37:59
3027,2024-05-22 01:38:59,51.7443,-9.31424,5.8,11.75,1,0,,2024-May-22,01:38:59
3028,2024-05-22 01:39:59,51.7443,-9.31424,5.8,11.75,0,0,,2024-May-22,01:39:59
3029,2024-05-22 01:40:59,51.7443,-9.31424,5.8,11.75,2,0,,2024-May-22,01:40:59
3030,2024-05-22 01:41:59,51.7443,-9.31424,5.7,11.75,2,1,,2024-May-22,01:41:59
3031,2024-05-22 01:42:59,51.7443,-9.31424,5.8,11.75,3,0,,2024-May-22,01:42:59
3032,2024-05-22 01:43:59,51.7443,-9.31424,5.8,11.75,2,0,,2024-May-22,01:43:59
3033,2024-05-22 01:44:59,51.7443,-9.31424,5.7,11.75,3,0,,2024-May-22,01:44:59
3034,2024-05-22 01:45:59,51.7443,-9.31424,5.7,11.75,3,0,,2024-May-22,01:45:59
3035,2024-05-22 01:46:59,51.7443,-9.31424,5.7,11.75,4,0,,2024-May-22,01:46:59
3036,2024-05-22 01:47:59,51.7443,-9.31424,5.7,11.75,3,1,,2024-May-22,01:47:59
3037,2024-05-22 01:48:59,51.7443,-9.31424,5.7,12,3,0,,2024-May-22,01:48:59
3038,2024-05-22 01:49:59,51.7443,-9.31424,5.7,11.75,4,0,,2024-May-22,01:49:59
3039,2024-05-22 01:50:59,51.7443,-9.31424,5.7,12,4,0,,2024-May-22,01:50:59
3040,2024-05-22 01:51:59,51.7443,-9.31424,5.8,11.75,2,1,,2024-May-22,01:51:59
3041,2024-05-22 01:52:59,51.7443,-9.31424,5.8,12,3,0,,2024-May-22,01:52:59
3042,2024-05-22 01:53:59,51.7443,-9.31424,5.7,11.75,3,0,,2024-May-22,01:53:59
3043,2024-05-22 01:54:59,51.7443,-9.31424,5.8,12,4,0,,2024-May-22,01:54:59
3044,2024-05-22 01:55:59,51.7443,-9.31424,5.8,12,2,0,,2024-May-22,01:55:59
3045,2024-05-22 01:56:59,51.7443,-9.31424,5.7,12,4,0,,2024-May-22,01:56:59
3046,2024-05-22 01:57:59,51.7443,-9.31424,5.8,12,1,1,,2024-May-22,01:57:59
3047,2024-05-22 01:58:59,51.7443,-9.31424,5.7,12,0,0,,2024-May-22,01:58:59
3048,2024-05-22 01:59:59,51.7443,-9.31424,5.7,12,3,1,,2024-May-22,01:59:59
3049,2024-05-22 02:00:59,51.7443,-9.31424,5.8,12,4,1,,2024-May-22,02:00:59
3050,2024-05-22 02:01:59,51.7443,-9.31424,5.8,12,1,0,,2024-May-22,02:01:59
3051,2024-05-22 02:03:01,51.7443,-9.31424,5.7,12,3,0,,2024-May-22,02:03:01
3052,2024-05-22 02:04:01,51.7443,-9.31424,5.7,12,3,0,,2024-May-22,02:04:01
3053,2024-05-22 02:05:01,51.7443,-9.31424,5.8,12,4,0,,2024-May-22,02:05:01
3054,2024-05-22 02:06:01,51.7443,-9.31424,5.8,12,3,0,,2024-May-22,02:06:01
3055,2024-05-22 02:07:01,51.7443,-9.31424,5.8,12,1,0,,2024-May-22,02:07:01
3056,2024-05-22 02:08:01,51.7443,-9.31424,5.8,12,0,0,,2024-May-22,02:08:01
3057,2024-05-22 02:09:01,51.7443,-9.31424,5.8,12,3,0,,2024-May-22,02:09:01
3058,2024-05-22 02:10:01,51.7443,-9.31424,5.8,11.75,2,1,,2024-May-22,02:10:01
3059,2024-05-22 02:11:01,51.7443,-9.31424,5.8,12,2,0,,2024-May-22,02:11:01
3060,2024-05-22 02:12:01,51.7443,-9.31424,5.7,12,3,0,,2024-May-22,02:12:01
3061,2024-05-22 02:13:01,51.7443,-9.31424,5.7,11.75,3,0,,2024-May-22,02:13:01
3062,2024-05-22 02:14:01,51.7443,-9.31424,5.7,12,4,0,,2024-May-22,02:14:01
3063,2024-05-22 02:15:01,51.7443,-9.31424,5.7,12,3,0,,2024-May-22,02:15:01
3064,2024-05-22 02:16:01,51.7443,-9.31424,5.7,12,2,0,,2024-May-22,02:16:01
3065,2024-05-22 02:17:01,51.7443,-9.31424,5.8,12,2,0,,2024-May-22,02:17:01
3066,2024-05-22 02:18:01,51.7443,-9.31424,5.7,12,3,0,,2024-May-22,02:18:01
3067,2024-05-22 02:19:01,51.7443,-9.31424,5.8,12,4,1,,2024-May-22,02:19:01
3068,2024-05-22 02:20:01,51.7443,-9.31424,5.7,12,1,0,,2024-May-22,02:20:01
3069,2024-05-22 02:21:01,51.7443,-9.31424,5.8,12,4,0,,2024-May-22,02:21:01
3070,2024-05-22 02:22:01,51.7443,-9.31424,5.8,12,1,0,,2024-May-22,02:22:01
3071,2024-05-22 02:23:01,51.7443,-9.31424,5.7,12,2,0,,2024-May-22,02:23:01
3072,2024-05-22 02:24:01,51.7443,-9.31424,5.7,12,4,0,,2024-May-22,02:24:01
3073,2024-05-22 02:25:01,51.7443,-9.31424,5.8,12,2,0,,2024-May-22,02:25:01
3074,2024-05-22 02:26:01,51.7443,-9.31424,5.8,12,3,0,,2024-May-22,02:26:01
3075,2024-05-22 02:27:01,51.7443,-9.31424,5.8,12,2,1,,2024-May-22,02:27:01
3076,2024-05-22 02:28:01,51.7443,-9.31424,5.8,12,2,0,,2024-May-22,02:28:01
3077,2024-05-22 02:29:01,51.7443,-9.31424,5.7,12,1,0,,2024-May-22,02:29:01
3078,2024-05-22 02:30:01,51.7443,-9.31424,5.8,12,3,0,,2024-May-22,02:30:01
3079,2024-05-22 02:31:01,51.7443,-9.31424,5.8,12,0,0,,2024-May-22,02:31:01
3080,2024-05-22 02:32:01,51.7443,-9.31424,5.7,12,0,0,,2024-May-22,02:32:01
3081,2024-05-22 02:33:01,51.7443,-9.31424,5.8,12,4,0,,2024-May-22,02:33:01
3082,2024-05-22 02:34:01,51.7443,-9.31424,5.8,12,1,0,,2024-May-22,02:34:01
3083,2024-05-22 02:35:01,51.7443,-9.31424,5.7,12,2,0,,2024-May-22,02:35:01
3084,2024-05-22 02:36:01,51.7443,-9.31424,5.7,12,2,0,,2024-May-22,02:36:01
3085,2024-05-22 02:37:01,51.7443,-9.31424,5.8,12,4,0,,2024-May-22,02:37:01
3086,2024-05-22 02:38:01,51.7443,-9.31424,5.8,12,2,0,,2024-May-22,02:38:01
3087,2024-05-22 02:39:01,51.7443,-9.31424,5.7,12,3,0,,2024-May-22,02:39:01
3088,2024-05-22 02:40:01,51.7443,-9.31424,5.7,12,3,0,,2024-May-22,02:40:01
3089,2024-05-22 02:41:01,51.7443,-9.31424,5.8,12,3,0,,2024-May-22,02:41:01
3090,2024-05-22 02:42:01,51.7443,-9.31424,5.8,12,2,0,,2024-May-22,02:42:01
3091,2024-05-22 02:43:01,51.7443,-9.31424,5.8,12,0,0,,2024-May-22,02:43:01
3092,2024-05-22 02:44:01,51.7443,-9.31424,5.8,12,3,0,,2024-May-22,02:44:01
3093,2024-05-22 02:45:01,51.7443,-9.31424,5.8,12,0,0,,2024-May-22,02:45:01
3094,2024-05-22 02:46:01,51.7443,-9.31424,5.8,12,0,0,,2024-May-22,02:46:01
3095,2024-05-22 02:47:01,51.7443,-9.31424,5.8,12,0,0,,2024-May-22,02:47:01
3096,2024-05-22 02:48:01,51.7443,-9.31424,5.8,11.75,0,0,,2024-May-22,02:48:01
3097,2024-05-22 02:49:01,51.7443,-9.31424,5.7,11.75,0,0,,2024-May-22,02:49:01
3098,2024-05-22 02:50:01,51.7443,-9.31424,5.8,11.75,2,0,,2024-May-22,02:50:01
3099,2024-05-22 02:51:01,51.7443,-9.31424,5.8,11.75,0,1,,2024-May-22,02:51:01
3100,2024-05-22 02:52:01,51.7443,-9.31424,5.7,11.75,1,0,,2024-May-22,02:52:01
3101,2024-05-22 02:53:01,51.7443,-9.31424,5.7,11.75,2,0,,2024-May-22,02:53:01
3102,2024-05-22 02:54:01,51.7443,-9.31424,5.8,11.75,4,0,,2024-May-22,02:54:01
3103,2024-05-22 02:55:01,51.7443,-9.31424,5.8,11.75,1,0,,2024-May-22,02:55:01
3104,2024-05-22 02:56:01,51.7443,-9.31424,5.8,11.75,1,0,,2024-May-22,02:56:01
3105,2024-05-22 02:57:01,51.7443,-9.31424,5.8,11.75,0,0,,2024-May-22,02:57:01
3106,2024-05-22 02:58:01,51.7443,-9.31424,5.8,11.75,0,0,,2024-May-22,02:58:01
3107,2024-05-22 02:59:01,51.7443,-9.31424,5.8,11.75,1,2,,2024-May-22,02:59:01
3108,2024-05-22 03:00:01,51.7443,-9.31424,5.8,11.75,0,0,,2024-May-22,03:00:01
3109,2024-05-22 03:01:01,51.7443,-9.31424,5.8,11.75,0,0,,2024-May-22,03:01:01
3110,2024-05-22 03:02:01,51.7443,-9.31424,5.8,11.5,0,0,,2024-May-22,03:02:01
3111,2024-05-22 03:03:01,51.7443,-9.31424,5.8,11.75,0,0,,2024-May-22,03:03:01
3112,2024-05-22 03:04:01,51.7443,-9.31424,5.8,11.5,0,0,,2024-May-22,03:04:01
3113,2024-05-22 03:05:01,51.7443,-9.31424,5.8,11.5,1,0,,2024-May-22,03:05:01
3114,2024-05-22 03:06:01,51.7443,-9.31424,5.8,11.75,0,0,,2024-May-22,03:06:01
3115,2024-05-22 03:07:01,51.7443,-9.31424,5.8,11.5,1,0,,2024-May-22,03:07:01
3116,2024-05-22 03:08:01,51.7443,-9.31424,5.8,11.5,1,0,,2024-May-22,03:08:01
3117,2024-05-22 03:09:01,51.7443,-9.31424,5.8,11.5,0,0,,2024-May-22,03:09:01
3118,2024-05-22 03:10:01,51.7443,-9.31424,5.7,11.5,1,0,,2024-May-22,03:10:01
3119,2024-05-22 03:11:01,51.7443,-9.31424,5.7,11.5,1,0,,2024-May-22,03:11:01
3120,2024-05-22 03:12:01,51.7443,-9.31424,5.8,11.5,1,0,,2024-May-22,03:12:01
3121,2024-05-22 03:13:01,51.7443,-9.31424,5.8,11.5,0,0,,2024-May-22,03:13:01
3122,2024-05-22 03:14:01,51.7443,-9.31424,5.8,11.5,0,0,,2024-May-22,03:14:01
3123,2024-05-22 03:15:01,51.7443,-9.31424,5.8,11.5,1,0,,2024-May-22,03:15:01
3124,2024-05-22 03:16:01,51.7443,-9.31424,5.8,11.25,0,0,,2024-May-22,03:16:01
3125,2024-05-22 03:17:01,51.7443,-9.31424,5.8,11.5,1,0,,2024-May-22,03:17:01
3126,2024-05-22 03:18:01,51.7443,-9.31424,5.8,11.5,0,0,,2024-May-22,03:18:01
3127,2024-05-22 03:19:01,51.7443,-9.31424,5.8,11.25,0,0,,2024-May-22,03:19:01
3128,2024-05-22 03:20:01,51.7443,-9.31424,5.8,11.5,0,0,,2024-May-22,03:20:01
3129,2024-05-22 03:21:01,51.7443,-9.31424,5.8,11.25,1,0,,2024-May-22,03:21:01
3130,2024-05-22 03:22:01,51.7443,-9.31424,5.8,11.25,0,0,,2024-May-22,03:22:01
3131,2024-05-22 03:23:01,51.7443,-9.31424,5.8,11.25,0,0,,2024-May-22,03:23:01
3132,2024-05-22 03:24:01,51.7443,-9.31424,5.8,11.25,0,0,,2024-May-22,03:24:01
3133,2024-05-22 03:25:01,51.7443,-9.31424,5.8,11.25,0,0,,2024-May-22,03:25:01
3134,2024-05-22 03:26:01,51.7443,-9.31424,5.8,11,0,0,,2024-May-22,03:26:01
3135,2024-05-22 03:27:01,51.7443,-9.31424,5.8,11.25,0,0,,2024-May-22,03:27:01
3136,2024-05-22 03:28:01,51.7443,-9.31424,5.8,11.25,0,0,,2024-May-22,03:28:01
3137,2024-05-22 03:29:01,51.7443,-9.31424,5.8,11.25,0,0,,2024-May-22,03:29:01
3138,2024-05-22 03:30:01,51.7443,-9.31424,5.8,11.25,0,0,,2024-May-22,03:30:01
3139,2024-05-22 03:31:01,51.7443,-9.31424,5.8,11.25,0,0,,2024-May-22,03:31:01
3140,2024-05-22 03:32:01,51.7443,-9.31424,5.8,11.25,0,0,,2024-May-22,03:32:01
3141,2024-05-22 03:33:01,51.7443,-9.31424,5.8,11.25,0,0,,2024-May-22,03:33:01
3142,2024-05-22 03:34:01,51.7443,-9.31424,5.8,11.25,0,0,,2024-May-22,03:34:01
3143,2024-05-22 03:35:01,51.7443,-9.31424,5.8,11.25,0,0,,2024-May-22,03:35:01
3144,2024-05-22 03:36:01,51.7443,-9.31424,5.8,11.25,0,0,,2024-May-22,03:36:01
3145,2024-05-22 03:37:01,51.7443,-9.31424,5.8,11,1,0,,2024-May-22,03:37:01
3146,2024-05-22 03:38:01,51.7443,-9.31424,5.8,11.25,1,0,,2024-May-22,03:38:01
3147,2024-05-22 03:39:01,51.7443,-9.31424,5.8,11.25,0,0,,2024-May-22,03:39:01
3148,2024-05-22 03:40:01,51.7443,-9.31424,5.8,11.25,0,0,,2024-May-22,03:40:01
3149,2024-05-22 03:41:01,51.7443,-9.31424,5.8,11.25,1,0,,2024-May-22,03:41:01
3150,2024-05-22 03:42:01,51.7443,-9.31424,5.8,11.25,0,0,,2024-May-22,03:42:01
3151,2024-05-22 03:43:01,51.7443,-9.31424,5.8,11,0,0,,2024-May-22,03:43:01
3152,2024-05-22 03:44:01,51.7443,-9.31424,5.8,11.25,0,0,,2024-May-22,03:44:01
3153,2024-05-22 03:45:01,51.7443,-9.31424,5.8,11.25,0,0,,2024-May-22,03:45:01
3154,2024-05-22 03:46:01,51.7443,-9.31424,5.8,11.25,0,0,,2024-May-22,03:46:01
3155,2024-05-22 03:47:01,51.7443,-9.31424,5.8,11.25,0,0,,2024-May-22,03:47:01
3156,2024-05-22 03:48:01,51.7443,-9.31424,5.8,11.25,0,0,,2024-May-22,03:48:01
3157,2024-05-22 03:49:01,51.7443,-9.31424,5.8,11.25,0,0,,2024-May-22,03:49:01
3158,2024-05-22 03:50:01,51.7443,-9.31424,5.8,11.25,0,0,,2024-May-22,03:50:01
3159,2024-05-22 03:51:01,51.7443,-9.31424,5.8,11.25,0,0,,2024-May-22,03:51:01
3160,2024-05-22 03:52:01,51.7443,-9.31424,5.8,11.25,0,0,,2024-May-22,03:52:01
3161,2024-05-22 03:53:01,51.7443,-9.31424,5.8,11,0,0,,2024-May-22,03:53:01
3162,2024-05-22 03:54:01,51.7443,-9.31424,5.8,11.25,1,0,,2024-May-22,03:54:01
3163,2024-05-22 03:55:01,51.7443,-9.31424,5.8,11.25,0,0,,2024-May-22,03:55:01
3164,2024-05-22 03:56:01,51.7443,-9.31424,5.8,11.25,0,0,,2024-May-22,03:56:01
3165,2024-05-22 03:57:01,51.7443,-9.31424,5.8,11.25,0,0,,2024-May-22,03:57:01
3166,2024-05-22 03:58:01,51.7443,-9.31424,5.8,11,0,0,,2024-May-22,03:58:01
3167,2024-05-22 03:59:01,51.7443,-9.31424,5.8,11,0,0,,2024-May-22,03:59:01
3168,2024-05-22 04:00:01,51.7443,-9.31424,5.8,11.25,0,0,,2024-May-22,04:00:01
3169,2024-05-22 04:01:01,51.7443,-9.31424,5.8,11.25,0,0,,2024-May-22,04:01:01
3170,2024-05-22 04:02:01,51.7443,-9.31424,5.8,11.25,0,0,,2024-May-22,04:02:01
3171,2024-05-22 04:03:01,51.7443,-9.31424,5.8,11.25,0,0,,2024-May-22,04:03:01
3172,2024-05-22 04:04:01,51.7443,-9.31424,5.8,11.25,0,0,,2024-May-22,04:04:01
3173,2024-05-22 04:05:01,51.7443,-9.31424,5.8,11.25,0,0,,2024-May-22,04:05:01
3174,2024-05-22 04:06:01,51.7443,-9.31424,5.8,11.25,0,0,,2024-May-22,04:06:01
3175,2024-05-22 04:07:01,51.7443,-9.31424,5.8,11.25,0,0,,2024-May-22,04:07:01
3176,2024-05-22 04:08:01,51.7443,-9.31424,5.8,11.25,0,0,,2024-May-22,04:08:01
3177,2024-05-22 04:09:01,51.7443,-9.31424,5.8,11.25,0,0,,2024-May-22,04:09:01
3178,2024-05-22 04:10:01,51.7443,-9.31424,5.8,11,0,0,,2024-May-22,04:10:01
3179,2024-05-22 04:11:01,51.7443,-9.31424,5.8,11.25,0,0,,2024-May-22,04:11:01
3180,2024-05-22 04:12:01,51.7443,-9.31424,5.8,11,0,0,,2024-May-22,04:12:01
3181,2024-05-22 04:13:01,51.7443,-9.31424,5.8,11.25,0,0,,2024-May-22,04:13:01
3182,2024-05-22 04:14:01,51.7443,-9.31424,5.8,11,0,0,,2024-May-22,04:14:01
3183,2024-05-22 04:15:01,51.7443,-9.31424,5.8,11.25,0,0,,2024-May-22,04:15:01
3184,2024-05-22 04:16:01,51.7443,-9.31424,5.8,11,0,0,,2024-May-22,04:16:01
3185,2024-05-22 04:17:01,51.7443,-9.31424,5.8,11.25,1,0,,2024-May-22,04:17:01
3186,2024-05-22 04:18:01,51.7443,-9.31424,5.8,11.25,1,0,,2024-May-22,04:18:01
3187,2024-05-22 04:19:01,51.7443,-9.31424,5.8,11,0,0,,2024-May-22,04:19:01
3188,2024-05-22 04:20:01,51.7443,-9.31424,5.8,11.25,0,0,,2024-May-22,04:20:01
3189,2024-05-22 04:21:01,51.7443,-9.31424,5.8,11.25,0,0,,2024-May-22,04:21:01
3190,2024-05-22 04:22:01,51.7443,-9.31424,5.8,11.25,1,0,,2024-May-22,04:22:01
3191,2024-05-22 04:23:01,51.7443,-9.31424,5.8,11,0,0,,2024-May-22,04:23:01
3192,2024-05-22 04:24:01,51.7443,-9.31424,5.8,11,0,0,,2024-May-22,04:24:01
3193,2024-05-22 04:25:01,51.7443,-9.31424,5.8,11.25,0,0,,2024-May-22,04:25:01
3194,2024-05-22 04:26:01,51.7443,-9.31424,5.8,11.25,0,0,,2024-May-22,04:26:01
3195,2024-05-22 04:27:01,51.7443,-9.31424,5.8,11.25,0,0,,2024-May-22,04:27:01
3196,2024-05-22 04:28:01,51.7443,-9.31424,5.8,11.25,0,0,,2024-May-22,04:28:01
3197,2024-05-22 04:29:01,51.7443,-9.31424,5.8,11.25,0,0,,2024-May-22,04:29:01
3198,2024-05-22 04:30:01,51.7443,-9.31424,5.8,11.25,0,0,,2024-May-22,04:30:01
3199,2024-05-22 04:31:01,51.7443,-9.31424,5.8,11.25,1,0,,2024-May-22,04:31:01
3200,2024-05-22 04:32:01,51.7443,-9.31424,5.8,11.25,0,0,,2024-May-22,04:32:01
3201,2024-05-22 04:33:01,51.7443,-9.31424,5.8,11.25,0,0,,2024-May-22,04:33:01
3202,2024-05-22 04:34:01,51.7443,-9.31424,5.8,11.25,0,0,,2024-May-22,04:34:01
3203,2024-05-22 04:35:01,51.7443,-9.31424,5.8,11,0,0,,2024-May-22,04:35:01
3204,2024-05-22 04:36:01,51.7443,-9.31424,5.8,11.25,0,0,,2024-May-22,04:36:01
3205,2024-05-22 04:37:01,51.7443,-9.31424,5.8,11.25,0,0,,2024-May-22,04:37:01
3206,2024-05-22 04:38:01,51.7443,-9.31424,5.8,11.25,0,0,,2024-May-22,04:38:01
3207,2024-05-22 04:39:01,51.7443,-9.31424,5.8,11.25,0,0,,2024-May-22,04:39:01
3208,2024-05-22 04:40:01,51.7443,-9.31424,5.8,11.25,0,0,,2024-May-22,04:40:01
3209,2024-05-22 04:41:01,51.7443,-9.31424,5.8,11.25,0,0,,2024-May-22,04:41:01
3210,2024-05-22 04:42:01,51.7443,-9.31424,5.8,11.25,0,0,,2024-May-22,04:42:01
3211,2024-05-22 04:43:01,51.7443,-9.31424,5.8,11.25,0,0,,2024-May-22,04:43:01
3212,2024-05-22 04:44:01,51.7443,-9.31424,5.8,11.25,0,0,,2024-May-22,04:44:01
3213,2024-05-22 04:45:01,51.7443,-9.31424,5.8,11.25,1,0,,2024-May-22,04:45:01
3214,2024-05-22 04:46:01,51.7443,-9.31424,5.8,11.25,0,0,,2024-May-22,04:46:01
3215,2024-05-22 04:47:01,51.7443,-9.31424,5.8,11.25,0,0,,2024-May-22,04:47:01
3216,2024-05-22 04:48:01,51.7443,-9.31424,5.8,11,0,0,,2024-May-22,04:48:01
3217,2024-05-22 04:49:01,51.7443,-9.31424,5.8,11,0,0,,2024-May-22,04:49:01
3218,2024-05-22 04:50:01,51.7443,-9.31424,5.8,11.25,0,0,,2024-May-22,04:50:01
3219,2024-05-22 04:51:01,51.7443,-9.31424,5.8,11.25,1,0,,2024-May-22,04:51:01
3220,2024-05-22 04:52:01,51.7443,-9.31424,5.8,11.25,0,0,,2024-May-22,04:52:01
3221,2024-05-22 04:53:01,51.7443,-9.31424,5.8,11.25,0,0,,2024-May-22,04:53:01
3222,2024-05-22 04:54:01,51.7443,-9.31424,5.8,11.25,0,0,,2024-May-22,04:54:01
3223,2024-05-22 04:55:01,51.7443,-9.31424,5.8,11.25,0,0,,2024-May-22,04:55:01
3224,2024-05-22 04:56:01,51.7443,-9.31424,5.8,11.25,0,0,,2024-May-22,04:56:01
3225,2024-05-22 04:57:01,51.7443,-9.31424,5.8,11.25,0,0,,2024-May-22,04:57:01
3226,2024-05-22 04:58:01,51.7443,-9.31424,5.8,11.25,0,0,,2024-May-22,04:58:01
3227,2024-05-22 04:59:01,51.7443,-9.31424,5.8,11.25,0,0,,2024-May-22,04:59:01
3228,2024-05-22 05:00:01,51.7443,-9.31424,5.8,11.25,0,0,,2024-May-22,05:00:01
3229,2024-05-22 05:01:01,51.7443,-9.31424,5.8,11,0,0,,2024-May-22,05:01:01
3230,2024-05-22 05:02:01,51.7443,-9.31424,5.8,11.25,0,0,,2024-May-22,05:02:01
3231,2024-05-22 05:03:01,51.7443,-9.31424,5.8,11,0,0,,2024-May-22,05:03:01
3232,2024-05-22 05:04:01,51.7443,-9.31424,5.8,11.25,0,0,,2024-May-22,05:04:01
3233,2024-05-22 05:05:01,51.7443,-9.31424,5.8,11.25,0,0,,2024-May-22,05:05:01
3234,2024-05-22 05:06:01,51.7443,-9.31424,5.8,11,0,0,,2024-May-22,05:06:01
3235,2024-05-22 05:07:01,51.7443,-9.31424,5.8,11.25,0,0,,2024-May-22,05:07:01
3236,2024-05-22 05:08:01,51.7443,-9.31424,5.8,11.25,0,0,,2024-May-22,05:08:01
3237,2024-05-22 05:09:01,51.7443,-9.31424,5.8,11.25,0,0,,2024-May-22,05:09:01
3238,2024-05-22 05:10:01,51.7443,-9.31424,5.8,11.25,0,0,,2024-May-22,05:10:01
3239,2024-05-22 05:11:01,51.7443,-9.31424,5.8,11.25,0,0,,2024-May-22,05:11:01
3240,2024-05-22 05:12:01,51.7443,-9.31424,5.8,11,0,0,,2024-May-22,05:12:01
3241,2024-05-22 05:13:01,51.7443,-9.31424,5.8,11,0,0,,2024-May-22,05:13:01
3242,2024-05-22 05:14:01,51.7443,-9.31424,5.8,11,0,0,,2024-May-22,05:14:01
3243,2024-05-22 05:15:01,51.7443,-9.31424,5.8,11.25,0,0,,2024-May-22,05:15:01
3244,2024-05-22 05:16:01,51.7443,-9.31424,5.8,11.25,0,0,,2024-May-22,05:16:01
3245,2024-05-22 05:17:01,51.7443,-9.31424,5.8,11.25,0,0,,2024-May-22,05:17:01
3246,2024-05-22 05:18:01,51.7443,-9.31424,5.8,11,0,0,,2024-May-22,05:18:01
3247,2024-05-22 05:19:01,51.7443,-9.31424,5.8,11.25,0,0,,2024-May-22,05:19:01
3248,2024-05-22 05:20:01,51.7443,-9.31424,5.8,11.25,0,0,,2024-May-22,05:20:01
3249,2024-05-22 05:21:01,51.7443,-9.31424,5.8,11.25,0,0,,2024-May-22,05:21:01
3250,2024-05-22 05:22:01,51.7443,-9.31424,5.8,11.25,0,0,,2024-May-22,05:22:01
3251,2024-05-22 05:23:01,51.7443,-9.31424,5.8,11.25,0,0,,2024-May-22,05:23:01
3252,2024-05-22 05:24:01,51.7443,-9.31424,5.8,11.25,0,0,,2024-May-22,05:24:01
3253,2024-05-22 05:25:01,51.7443,-9.31424,5.8,11.25,0,0,,2024-May-22,05:25:01
3254,2024-05-22 05:26:01,51.7443,-9.31424,5.8,11.25,0,0,,2024-May-22,05:26:01
3255,2024-05-22 05:27:01,51.7443,-9.31424,5.8,11.25,0,0,,2024-May-22,05:27:01
3256,2024-05-22 05:28:01,51.7443,-9.31424,5.8,11,0,0,,2024-May-22,05:28:01
3257,2024-05-22 05:29:01,51.7443,-9.31424,5.8,11.25,0,0,,2024-May-22,05:29:01
3258,2024-05-22 05:30:01,51.7443,-9.31424,5.8,11,0,0,,2024-May-22,05:30:01
3259,2024-05-22 05:31:01,51.7443,-9.31424,5.8,11,0,0,,2024-May-22,05:31:01
3260,2024-05-22 05:32:01,51.7443,-9.31424,5.8,11.25,0,0,,2024-May-22,05:32:01
3261,2024-05-22 05:33:01,51.7443,-9.31424,5.8,11,0,0,,2024-May-22,05:33:01
3262,2024-05-22 05:34:01,51.7443,-9.31424,5.8,11,0,0,,2024-May-22,05:34:01
3263,2024-05-22 05:35:01,51.7443,-9.31424,5.8,11.25,0,0,,2024-May-22,05:35:01
3264,2024-05-22 05:36:01,51.7443,-9.31424,5.8,11.25,0,0,,2024-May-22,05:36:01
3265,2024-05-22 05:37:01,51.7443,-9.31424,5.8,11.25,0,0,,2024-May-22,05:37:01
3266,2024-05-22 05:38:01,51.7443,-9.31424,5.8,11.25,0,0,,2024-May-22,05:38:01
3267,2024-05-22 05:39:01,51.7443,-9.31424,5.8,11.25,0,0,,2024-May-22,05:39:01
3268,2024-05-22 05:40:01,51.7443,-9.31424,5.8,11,0,0,,2024-May-22,05:40:01
3269,2024-05-22 05:41:01,51.7443,-9.31424,5.8,11,0,0,,2024-May-22,05:41:01
3270,2024-05-22 05:42:01,51.7443,-9.31424,5.8,11,0,0,,2024-May-22,05:42:01
3271,2024-05-22 05:43:01,51.7443,-9.31424,5.8,11,0,0,,2024-May-22,05:43:01
3272,2024-05-22 05:44:01,51.7443,-9.31424,5.8,11.25,0,0,,2024-May-22,05:44:01
3273,2024-05-22 05:45:01,51.7443,-9.31424,5.8,11.25,0,0,,2024-May-22,05:45:01
3274,2024-05-22 05:46:01,51.7443,-9.31424,5.8,11,0,0,,2024-May-22,05:46:01
3275,2024-05-22 05:47:01,51.7443,-9.31424,5.8,11.25,0,0,,2024-May-22,05:47:01
3276,2024-05-22 05:48:01,51.7443,-9.31424,5.8,11.25,0,0,,2024-May-22,05:48:01
3277,2024-05-22 05:49:01,51.7443,-9.31424,5.8,11.25,0,0,,2024-May-22,05:49:01
3278,2024-05-22 05:50:01,51.7443,-9.31424,5.8,11.25,0,0,,2024-May-22,05:50:01
3279,2024-05-22 05:51:01,51.7443,-9.31424,5.8,11.25,0,0,,2024-May-22,05:51:01
3280,2024-05-22 05:52:01,51.7443,-9.31424,5.8,11.25,0,0,,2024-May-22,05:52:01
3281,2024-05-22 05:53:01,51.7443,-9.31424,5.8,11.25,0,0,,2024-May-22,05:53:01
3282,2024-05-22 05:54:01,51.7443,-9.31424,5.8,11.25,0,0,,2024-May-22,05:54:01
3283,2024-05-22 05:55:01,51.7443,-9.31424,5.8,11,0,0,,2024-May-22,05:55:01
3284,2024-05-22 05:56:01,51.7443,-9.31424,5.8,11,0,0,,2024-May-22,05:56:01
3285,2024-05-22 05:57:01,51.7443,-9.31424,5.8,11.25,0,0,,2024-May-22,05:57:01
3286,2024-05-22 05:58:01,51.7443,-9.31424,5.8,11.25,0,0,,2024-May-22,05:58:01
3287,2024-05-22 05:59:01,51.7443,-9.31424,5.8,11,0,0,,2024-May-22,05:59:01
3288,2024-05-22 06:00:01,51.7443,-9.31424,5.8,11.25,0,0,,2024-May-22,06:00:01
3289,2024-05-22 06:01:01,51.7443,-9.31424,5.8,11.25,0,0,,2024-May-22,06:01:01
3290,2024-05-22 06:02:01,51.7443,-9.31424,5.8,11,0,0,,2024-May-22,06:02:01
3291,2024-05-22 06:03:01,51.7443,-9.31424,5.8,11.25,0,0,,2024-May-22,06:03:01
3292,2024-05-22 06:04:00,51.7443,-9.31424,5.8,11.25,0,0,,2024-May-22,06:04:00
3293,2024-05-22 21:04:59,51.7443,-9.31424,5.9,10.75,0,3,,2024-May-22,21:04:59
3294,2024-05-22 21:05:59,51.7443,-9.31424,5.9,10.75,0,1,,2024-May-22,21:05:59
3295,2024-05-22 21:06:59,51.7443,-9.31424,5.9,10.75,0,4,,2024-May-22,21:06:59
3296,2024-05-22 21:07:59,51.7443,-9.31424,5.9,11,0,5,,2024-May-22,21:07:59
3297,2024-05-22 21:08:59,51.7443,-9.31424,5.8,11,0,4,,2024-May-22,21:08:59
3298,2024-05-22 21:09:59,51.7443,-9.31424,5.8,11,0,7,,2024-May-22,21:09:59
3299,2024-05-22 21:10:59,51.7443,-9.31424,5.8,11,0,6,,2024-May-22,21:10:59
3300,2024-05-22 21:11:59,51.7443,-9.31424,5.8,11,0,6,,2024-May-22,21:11:59
3301,2024-05-22 21:12:59,51.7443,-9.31424,5.8,11,0,3,,2024-May-22,21:12:59
3302,2024-05-22 21:13:59,51.7443,-9.31424,5.8,11.25,0,4,,2024-May-22,21:13:59
3303,2024-05-22 21:14:59,51.7443,-9.31424,5.9,11,0,4,,2024-May-22,21:14:59
3304,2024-05-22 21:15:59,51.7443,-9.31424,5.8,11.25,0,4,,2024-May-22,21:15:59
3305,2024-05-22 21:16:59,51.7443,-9.31424,5.8,11.25,0,0,,2024-May-22,21:16:59
3306,2024-05-22 21:17:59,51.7443,-9.31424,5.8,11,0,2,,2024-May-22,21:17:59
3307,2024-05-22 21:18:59,51.7443,-9.31424,5.8,11,0,1,,2024-May-22,21:18:59
3308,2024-05-22 21:19:59,51.7443,-9.31424,5.8,11,0,0,,2024-May-22,21:19:59
3309,2024-05-22 21:20:59,51.7443,-9.31424,5.9,11.25,0,4,,2024-May-22,21:20:59
3310,2024-05-22 21:21:59,51.7443,-9.31424,5.8,11.25,0,2,,2024-May-22,21:21:59
3311,2024-05-22 21:22:59,51.7443,-9.31424,5.8,11.25,0,1,,2024-May-22,21:22:59
3312,2024-05-22 21:23:59,51.7443,-9.31424,5.8,11,0,1,,2024-May-22,21:23:59
3313,2024-05-22 21:24:59,51.7443,-9.31424,5.8,11,0,2,,2024-May-22,21:24:59
3314,2024-05-22 21:25:59,51.7443,-9.31424,5.8,11,0,2,,2024-May-22,21:25:59
3315,2024-05-22 21:26:59,51.7443,-9.31424,5.8,11,0,7,,2024-May-22,21:26:59
3316,2024-05-22 21:27:59,51.7443,-9.31424,5.8,11.25,0,5,,2024-May-22,21:27:59
3317,2024-05-22 21:28:59,51.7443,-9.31424,5.8,11,0,4,,2024-May-22,21:28:59
3318,2024-05-22 21:29:59,51.7443,-9.31424,5.8,11,0,5,,2024-May-22,21:29:59
3319,2024-05-22 21:30:59,51.7443,-9.31424,5.8,11,0,8,,2024-May-22,21:30:59
3320,2024-05-22 21:31:59,51.7443,-9.31424,5.8,11,0,3,,2024-May-22,21:31:59
3321,2024-05-22 21:32:59,51.7443,-9.31424,5.8,11,0,4,,2024-May-22,21:32:59
3322,2024-05-22 21:33:59,51.7443,-9.31424,5.8,11,0,1,,2024-May-22,21:33:59
3323,2024-05-22 21:34:59,51.7443,-9.31424,5.8,11,0,1,,2024-May-22,21:34:59
3324,2024-05-22 21:35:59,51.7443,-9.31424,5.8,11,0,1,,2024-May-22,21:35:59
3325,2024-05-22 21:36:59,51.7443,-9.31424,5.8,11,0,1,,2024-May-22,21:36:59
3326,2024-05-22 21:37:59,51.7443,-9.31424,5.8,11,0,0,,2024-May-22,21:37:59
3327,2024-05-22 21:38:59,51.7443,-9.31424,5.8,11,0,1,,2024-May-22,21:38:59
3328,2024-05-22 21:39:59,51.7443,-9.31424,5.8,11,0,0,,2024-May-22,21:39:59
3329,2024-05-22 21:40:59,51.7443,-9.31424,5.8,11,0,0,,2024-May-22,21:40:59
3330,2024-05-22 21:41:59,51.7443,-9.31424,5.8,10.75,0,2,,2024-May-22,21:41:59
3331,2024-05-22 21:42:59,51.7443,-9.31424,5.8,11,0,0,,2024-May-22,21:42:59
3332,2024-05-22 21:43:59,51.7443,-9.31424,5.8,11,0,6,,2024-May-22,21:43:59
3333,2024-05-22 21:44:59,51.7443,-9.31424,5.8,10.75,0,4,,2024-May-22,21:44:59
3334,2024-05-22 21:45:59,51.7443,-9.31424,5.8,11,0,3,,2024-May-22,21:45:59
3335,2024-05-22 21:46:59,51.7443,-9.31424,5.8,10.75,0,2,,2024-May-22,21:46:59
3336,2024-05-22 21:47:59,51.7443,-9.31424,5.8,11,0,4,,2024-May-22,21:47:59
3337,2024-05-22 21:48:59,51.7443,-9.31424,5.8,11,0,0,,2024-May-22,21:48:59
3338,2024-05-22 21:49:59,51.7443,-9.31424,5.8,10.75,0,0,,2024-May-22,21:49:59
3339,2024-05-22 21:50:59,51.7443,-9.31424,5.8,10.75,0,4,,2024-May-22,21:50:59
3340,2024-05-22 21:51:59,51.7443,-9.31424,5.8,10.75,0,6,,2024-May-22,21:51:59
3341,2024-05-22 21:52:59,51.7443,-9.31424,5.8,10.75,0,5,,2024-May-22,21:52:59
3342,2024-05-22 21:53:59,51.7443,-9.31424,5.8,10.75,0,5,,2024-May-22,21:53:59
3343,2024-05-22 21:54:59,51.7443,-9.31424,5.8,10.75,0,3,,2024-May-22,21:54:59
3344,2024-05-22 21:55:59,51.7443,-9.31424,5.8,11,0,2,,2024-May-22,21:55:59
3345,2024-05-22 21:56:59,51.7443,-9.31424,5.8,10.75,0,1,,2024-May-22,21:56:59
3346,2024-05-22 21:57:59,51.7443,-9.31424,5.8,11,0,4,,2024-May-22,21:57:59
3347,2024-05-22 21:58:59,51.7443,-9.31424,5.8,11,0,0,,2024-May-22,21:58:59
3348,2024-05-22 21:59:59,51.7443,-9.31424,5.8,11,0,1,,2024-May-22,21:59:59
3349,2024-05-22 22:00:59,51.7443,-9.31424,5.8,10.75,0,1,,2024-May-22,22:00:59
3350,2024-05-22 22:01:59,51.7443,-9.31424,5.8,10.75,0,0,,2024-May-22,22:01:59
3351,2024-05-22 22:02:59,51.7443,-9.31424,5.8,10.75,0,0,,2024-May-22,22:02:59
3352,2024-05-22 22:03:59,51.7443,-9.31424,5.8,10.75,0,0,,2024-May-22,22:03:59
3353,2024-05-22 22:04:59,51.7443,-9.31424,5.8,10.75,0,5,,2024-May-22,22:04:59
3354,2024-05-22 22:05:59,51.7443,-9.31424,5.8,10.75,0,2,,2024-May-22,22:05:59
3355,2024-05-22 22:06:59,51.7443,-9.31424,5.8,10.75,0,3,,2024-May-22,22:06:59
3356,2024-05-22 22:07:59,51.7443,-9.31424,5.8,10.75,0,1,,2024-May-22,22:07:59
3357,2024-05-22 22:08:59,51.7443,-9.31424,5.8,10.75,0,1,,2024-May-22,22:08:59
3358,2024-05-22 22:09:59,51.7443,-9.31424,5.8,10.75,0,3,,2024-May-22,22:09:59
3359,2024-05-22 22:10:59,51.7443,-9.31424,5.7,10.75,0,3,,2024-May-22,22:10:59
3360,2024-05-22 22:11:59,51.7443,-9.31424,5.8,10.75,0,2,,2024-May-22,22:11:59
3361,2024-05-22 22:12:59,51.7443,-9.31424,5.8,10.75,0,4,,2024-May-22,22:12:59
3362,2024-05-22 22:13:59,51.7443,-9.31424,5.7,10.75,0,2,,2024-May-22,22:13:59
3363,2024-05-22 22:14:59,51.7443,-9.31424,5.8,10.75,0,5,,2024-May-22,22:14:59
3364,2024-05-22 22:15:59,51.7443,-9.31424,5.8,10.75,0,4,,2024-May-22,22:15:59
3365,2024-05-22 22:16:59,51.7443,-9.31424,5.8,10.75,0,1,,2024-May-22,22:16:59
3366,2024-05-22 22:17:59,51.7443,-9.31424,5.8,10.75,0,3,,2024-May-22,22:17:59
3367,2024-05-22 22:18:59,51.7443,-9.31424,5.7,10.75,0,6,,2024-May-22,22:18:59
3368,2024-05-22 22:19:59,51.7443,-9.31424,5.8,10.75,0,2,,2024-May-22,22:19:59
3369,2024-05-22 22:20:59,51.7443,-9.31424,5.8,10.75,0,3,,2024-May-22,22:20:59
3370,2024-05-22 22:21:59,51.7443,-9.31424,5.8,10.75,0,4,,2024-May-22,22:21:59
3371,2024-05-22 22:22:59,51.7443,-9.31424,5.8,10.75,0,7,,2024-May-22,22:22:59
3372,2024-05-22 22:23:59,51.7443,-9.31424,5.8,10.5,0,5,,2024-May-22,22:23:59
3373,2024-05-22 22:24:59,51.7443,-9.31424,5.8,11,0,2,,2024-May-22,22:24:59
3374,2024-05-22 22:25:59,51.7443,-9.31424,5.7,10.75,0,3,,2024-May-22,22:25:59
3375,2024-05-22 22:26:59,51.7443,-9.31424,5.8,10.75,0,4,,2024-May-22,22:26:59
3376,2024-05-22 22:27:59,51.7443,-9.31424,5.8,10.75,0,1,,2024-May-22,22:27:59
3377,2024-05-22 22:28:59,51.7443,-9.31424,5.8,10.75,0,4,,2024-May-22,22:28:59
3378,2024-05-22 22:29:59,51.7443,-9.31424,5.8,10.75,0,1,,2024-May-22,22:29:59
3379,2024-05-22 22:30:59,51.7443,-9.31424,5.7,10.75,0,4,,2024-May-22,22:30:59
3380,2024-05-22 22:31:59,51.7443,-9.31424,5.8,10.75,0,4,,2024-May-22,22:31:59
3381,2024-05-22 22:32:59,51.7443,-9.31424,5.8,10.75,0,1,,2024-May-22,22:32:59
3382,2024-05-22 22:33:59,51.7443,-9.31424,5.8,10.75,0,2,,2024-May-22,22:33:59
3383,2024-05-22 22:34:59,51.7443,-9.31424,5.8,10.5,0,0,,2024-May-22,22:34:59
3384,2024-05-22 22:35:59,51.7443,-9.31424,5.8,10.5,0,2,,2024-May-22,22:35:59
3385,2024-05-22 22:36:59,51.7443,-9.31424,5.8,10.5,0,3,,2024-May-22,22:36:59
3386,2024-05-22 22:37:59,51.7443,-9.31424,5.8,10.5,0,1,,2024-May-22,22:37:59
3387,2024-05-22 22:38:59,51.7443,-9.31424,5.7,10.75,0,1,,2024-May-22,22:38:59
3388,2024-05-22 22:39:59,51.7443,-9.31424,5.8,10.5,0,5,,2024-May-22,22:39:59
3389,2024-05-22 22:40:59,51.7443,-9.31424,5.8,10.5,0,4,,2024-May-22,22:40:59
3390,2024-05-22 22:41:59,51.7443,-9.31424,5.8,10.5,0,2,,2024-May-22,22:41:59
3391,2024-05-22 22:42:59,51.7443,-9.31424,5.7,10.75,0,1,,2024-May-22,22:42:59
3392,2024-05-22 22:43:59,51.7443,-9.31424,5.7,10.5,0,6,,2024-May-22,22:43:59
3393,2024-05-22 22:44:59,51.7443,-9.31424,5.8,10.5,0,6,,2024-May-22,22:44:59
3394,2024-05-22 22:45:59,51.7443,-9.31424,5.8,10.75,0,4,,2024-May-22,22:45:59
3395,2024-05-22 22:46:59,51.7443,-9.31424,5.8,10.75,0,3,,2024-May-22,22:46:59
3396,2024-05-22 22:47:59,51.7443,-9.31424,5.8,10.5,0,0,,2024-May-22,22:47:59
3397,2024-05-22 22:48:59,51.7443,-9.31424,5.8,10.5,0,3,,2024-May-22,22:48:59
3398,2024-05-22 22:49:59,51.7443,-9.31424,5.8,10.5,0,2,,2024-May-22,22:49:59
3399,2024-05-22 22:50:59,51.7443,-9.31424,5.8,10.5,0,3,,2024-May-22,22:50:59
3400,2024-05-22 22:51:59,51.7443,-9.31424,5.8,10.5,0,3,,2024-May-22,22:51:59
3401,2024-05-22 22:52:59,51.7443,-9.31424,5.8,10.5,0,2,,2024-May-22,22:52:59
3402,2024-05-22 22:53:59,51.7443,-9.31424,5.8,10.5,0,1,,2024-May-22,22:53:59
3403,2024-05-22 22:54:59,51.7443,-9.31424,5.8,10.5,0,0,,2024-May-22,22:54:59
3404,2024-05-22 22:55:59,51.7443,-9.31424,5.8,10.75,0,0,,2024-May-22,22:55:59
3405,2024-05-22 22:56:59,51.7443,-9.31424,5.8,10.5,0,5,,2024-May-22,22:56:59
3406,2024-05-22 22:57:59,51.7443,-9.31424,5.8,10.5,0,2,,2024-May-22,22:57:59
3407,2024-05-22 22:58:59,51.7443,-9.31424,5.8,10.5,0,1,,2024-May-22,22:58:59
3408,2024-05-22 22:59:59,51.7443,-9.31424,5.8,10.5,0,0,,2024-May-22,22:59:59
3409,2024-05-22 23:00:59,51.7443,-9.31424,5.8,10.5,0,4,,2024-May-22,23:00:59
3410,2024-05-22 23:01:59,51.7443,-9.31424,5.8,10.5,0,1,,2024-May-22,23:01:59
3411,2024-05-22 23:02:59,51.7443,-9.31424,5.8,10.25,0,1,,2024-May-22,23:02:59
3412,2024-05-22 23:03:59,51.7443,-9.31424,5.7,10.5,0,2,,2024-May-22,23:03:59
3413,2024-05-22 23:04:59,51.7443,-9.31424,5.8,10.5,0,5,,2024-May-22,23:04:59
3414,2024-05-22 23:05:59,51.7443,-9.31424,5.8,10.5,0,2,,2024-May-22,23:05:59
3415,2024-05-22 23:06:59,51.7443,-9.31424,5.8,10.25,0,1,,2024-May-22,23:06:59
3416,2024-05-22 23:07:59,51.7443,-9.31424,5.8,10.5,0,6,,2024-May-22,23:07:59
3417,2024-05-22 23:08:59,51.7443,-9.31424,5.8,10.5,0,3,,2024-May-22,23:08:59
3418,2024-05-22 23:09:59,51.7443,-9.31424,5.7,10.5,0,3,,2024-May-22,23:09:59
3419,2024-05-22 23:10:59,51.7443,-9.31424,5.8,10.25,0,6,,2024-May-22,23:10:59
3420,2024-05-22 23:11:59,51.7443,-9.31424,5.8,10.5,0,0,,2024-May-22,23:11:59
3421,2024-05-22 23:12:59,51.7443,-9.31424,5.8,10.5,0,3,,2024-May-22,23:12:59
3422,2024-05-22 23:13:59,51.7443,-9.31424,5.8,10.5,0,2,,2024-May-22,23:13:59
3423,2024-05-22 23:14:59,51.7443,-9.31424,5.8,10.25,0,1,,2024-May-22,23:14:59
3424,2024-05-22 23:15:59,51.7443,-9.31424,5.8,10.25,0,0,,2024-May-22,23:15:59
3425,2024-05-22 23:16:59,51.7443,-9.31424,5.8,10.5,0,1,,2024-May-22,23:16:59
3426,2024-05-22 23:17:59,51.7443,-9.31424,5.8,10.25,0,0,,2024-May-22,23:17:59
3427,2024-05-22 23:18:59,51.7443,-9.31424,5.8,10.5,0,1,,2024-May-22,23:18:59
3428,2024-05-22 23:19:59,51.7443,-9.31424,5.8,10.25,0,0,,2024-May-22,23:19:59
3429,2024-05-22 23:20:59,51.7443,-9.31424,5.8,10.5,0,0,,2024-May-22,23:20:59
3430,2024-05-22 23:21:59,51.7443,-9.31424,5.8,10.25,0,1,,2024-May-22,23:21:59
3431,2024-05-22 23:22:59,51.7443,-9.31424,5.8,10.25,0,1,,2024-May-22,23:22:59
3432,2024-05-22 23:23:59,51.7443,-9.31424,5.8,10.25,0,1,,2024-May-22,23:23:59
3433,2024-05-22 23:24:59,51.7443,-9.31424,5.8,10.25,0,1,,2024-May-22,23:24:59
3434,2024-05-22 23:25:59,51.7443,-9.31424,5.8,10.25,0,1,,2024-May-22,23:25:59
3435,2024-05-22 23:26:59,51.7443,-9.31424,5.8,10.25,0,1,,2024-May-22,23:26:59
3436,2024-05-22 23:27:59,51.7443,-9.31424,5.8,10.25,0,0,,2024-May-22,23:27:59
3437,2024-05-22 23:28:59,51.7443,-9.31424,5.8,10.25,0,0,,2024-May-22,23:28:59
3438,2024-05-22 23:29:59,51.7443,-9.31424,5.8,10.25,0,1,,2024-May-22,23:29:59
3439,2024-05-22 23:30:59,51.7443,-9.31424,5.8,10.25,0,1,,2024-May-22,23:30:59
3440,2024-05-22 23:31:59,51.7443,-9.31424,5.8,10.25,0,0,,2024-May-22,23:31:59
3441,2024-05-22 23:32:59,51.7443,-9.31424,5.8,10.25,0,0,,2024-May-22,23:32:59
3442,2024-05-22 23:33:59,51.7443,-9.31424,5.8,10.25,0,0,,2024-May-22,23:33:59
3443,2024-05-22 23:34:59,51.7443,-9.31424,5.7,10.25,0,1,,2024-May-22,23:34:59
3444,2024-05-22 23:35:59,51.7443,-9.31424,5.8,10,0,2,,2024-May-22,23:35:59
3445,2024-05-22 23:36:59,51.7443,-9.31424,5.8,10.25,0,1,,2024-May-22,23:36:59
3446,2024-05-22 23:37:59,51.7443,-9.31424,5.8,10.25,0,1,,2024-May-22,23:37:59
3447,2024-05-22 23:38:59,51.7443,-9.31424,5.8,10.25,0,2,,2024-May-22,23:38:59
3448,2024-05-22 23:39:59,51.7443,-9.31424,5.8,10,0,1,,2024-May-22,23:39:59
3449,2024-05-22 23:40:59,51.7443,-9.31424,5.8,10,0,1,,2024-May-22,23:40:59
3450,2024-05-22 23:41:59,51.7443,-9.31424,5.8,10.25,0,0,,2024-May-22,23:41:59
3451,2024-05-22 23:42:59,51.7443,-9.31424,5.7,10,0,1,,2024-May-22,23:42:59
3452,2024-05-22 23:43:59,51.7443,-9.31424,5.8,10.25,0,4,,2024-May-22,23:43:59
3453,2024-05-22 23:44:59,51.7443,-9.31424,5.8,10,0,2,,2024-May-22,23:44:59
3454,2024-05-22 23:45:59,51.7443,-9.31424,5.8,10.25,0,0,,2024-May-22,23:45:59
3455,2024-05-22 23:46:59,51.7443,-9.31424,5.8,10,0,3,,2024-May-22,23:46:59
3456,2024-05-22 23:47:59,51.7443,-9.31424,5.8,10,0,1,,2024-May-22,23:47:59
3457,2024-05-22 23:48:59,51.7443,-9.31424,5.8,10,0,0,,2024-May-22,23:48:59
3458,2024-05-22 23:49:59,51.7443,-9.31424,5.8,10.25,0,3,,2024-May-22,23:49:59
3459,2024-05-22 23:50:59,51.7443,-9.31424,5.8,10.25,0,2,,2024-May-22,23:50:59
3460,2024-05-22 23:51:59,51.7443,-9.31424,5.8,10,0,0,,2024-May-22,23:51:59
3461,2024-05-22 23:52:59,51.7443,-9.31424,5.8,10.25,0,0,,2024-May-22,23:52:59
3462,2024-05-22 23:53:59,51.7443,-9.31424,5.8,10,0,3,,2024-May-22,23:53:59
3463,2024-05-22 23:54:59,51.7443,-9.31424,5.8,10,0,0,,2024-May-22,23:54:59
3464,2024-05-22 23:55:59,51.7443,-9.31424,5.8,10,0,0,,2024-May-22,23:55:59
3465,2024-05-22 23:56:59,51.7443,-9.31424,5.8,10,0,0,,2024-May-22,23:56:59
3466,2024-05-22 23:57:59,51.7443,-9.31424,5.8,10,0,0,,2024-May-22,23:57:59
3467,2024-05-22 23:58:59,51.7443,-9.31424,5.8,10,0,0,,2024-May-22,23:58:59
3468,2024-05-22 23:59:59,51.7443,-9.31424,5.8,10,0,0,,2024-May-22,23:59:59
3469,2024-05-23 00:00:59,51.7443,-9.31424,5.8,10,0,0,,2024-May-23,00:00:59
3470,2024-05-23 00:01:59,51.7443,-9.31424,5.8,10,0,1,,2024-May-23,00:01:59
3471,2024-05-23 00:02:59,51.7443,-9.31424,5.8,10,0,0,,2024-May-23,00:02:59
3472,2024-05-23 00:03:59,51.7443,-9.31424,5.8,10,0,0,,2024-May-23,00:03:59
3473,2024-05-23 00:04:59,51.7443,-9.31424,5.8,10,0,2,,2024-May-23,00:04:59
3474,2024-05-23 00:05:59,51.7443,-9.31424,5.8,10,0,1,,2024-May-23,00:05:59
3475,2024-05-23 00:06:59,51.7443,-9.31424,5.8,10,0,0,,2024-May-23,00:06:59
3476,2024-05-23 00:07:59,51.7443,-9.31424,5.8,10,0,0,,2024-May-23,00:07:59
3477,2024-05-23 00:08:59,51.7443,-9.31424,5.8,10,0,0,,2024-May-23,00:08:59
3478,2024-05-23 00:09:59,51.7443,-9.31424,5.8,10,0,1,,2024-May-23,00:09:59
3479,2024-05-23 00:10:59,51.7443,-9.31424,5.8,10,0,2,,2024-May-23,00:10:59
3480,2024-05-23 00:11:59,51.7443,-9.31424,5.8,10,0,2,,2024-May-23,00:11:59
3481,2024-05-23 00:12:59,51.7443,-9.31424,5.8,10,0,1,,2024-May-23,00:12:59
3482,2024-05-23 00:13:59,51.7443,-9.31424,5.8,9.75,0,0,,2024-May-23,00:13:59
3483,2024-05-23 00:14:59,51.7443,-9.31424,5.8,10,0,0,,2024-May-23,00:14:59
3484,2024-05-23 00:15:59,51.7443,-9.31424,5.8,10,0,1,,2024-May-23,00:15:59
3485,2024-05-23 00:16:59,51.7443,-9.31424,5.8,10,0,1,,2024-May-23,00:16:59
3486,2024-05-23 00:17:59,51.7443,-9.31424,5.8,9.75,0,1,,2024-May-23,00:17:59
3487,2024-05-23 00:18:59,51.7443,-9.31424,5.8,10,0,2,,2024-May-23,00:18:59
3488,2024-05-23 00:19:59,51.7443,-9.31424,5.8,9.75,0,1,,2024-May-23,00:19:59
3489,2024-05-23 00:20:59,51.7443,-9.31424,5.8,9.75,1,0,,2024-May-23,00:20:59
3490,2024-05-23 00:21:59,51.7443,-9.31424,5.8,10,0,0,,2024-May-23,00:21:59
3491,2024-05-23 00:22:59,51.7443,-9.31424,5.8,9.75,0,1,,2024-May-23,00:22:59
3492,2024-05-23 00:23:59,51.7443,-9.31424,5.8,9.75,0,4,,2024-May-23,00:23:59
3493,2024-05-23 00:24:59,51.7443,-9.31424,5.8,9.75,0,0,,2024-May-23,00:24:59
3494,2024-05-23 00:25:59,51.7443,-9.31424,5.8,10,0,0,,2024-May-23,00:25:59
3495,2024-05-23 00:26:59,51.7443,-9.31424,5.8,10,0,0,,2024-May-23,00:26:59
3496,2024-05-23 00:27:59,51.7443,-9.31424,5.8,10,0,1,,2024-May-23,00:27:59
3497,2024-05-23 00:28:59,51.7443,-9.31424,5.8,9.75,0,2,,2024-May-23,00:28:59
3498,2024-05-23 00:29:59,51.7443,-9.31424,5.8,10,0,0,,2024-May-23,00:29:59
3499,2024-05-23 00:30:59,51.7443,-9.31424,5.8,9.75,0,0,,2024-May-23,00:30:59
3500,2024-05-23 00:31:59,51.7443,-9.31424,5.8,9.75,0,0,,2024-May-23,00:31:59
3501,2024-05-23 00:32:59,51.7443,-9.31424,5.8,9.75,0,0,,2024-May-23,00:32:59
3502,2024-05-23 00:33:59,51.7443,-9.31424,5.8,9.75,0,0,,2024-May-23,00:33:59
3503,2024-05-23 00:34:59,51.7443,-9.31424,5.8,9.75,0,1,,2024-May-23,00:34:59
3504,2024-05-23 00:35:59,51.7443,-9.31424,5.8,9.75,0,0,,2024-May-23,00:35:59
3505,2024-05-23 00:36:59,51.7443,-9.31424,5.8,9.5,0,2,,2024-May-23,00:36:59
3506,2024-05-23 00:37:59,51.7443,-9.31424,5.8,9.75,0,0,,2024-May-23,00:37:59
3507,2024-05-23 00:38:59,51.7443,-9.31424,5.8,9.75,0,1,,2024-May-23,00:38:59
3508,2024-05-23 00:39:59,51.7443,-9.31424,5.8,9.5,0,1,,2024-May-23,00:39:59
3509,2024-05-23 00:40:59,51.7443,-9.31424,5.8,9.5,0,0,,2024-May-23,00:40:59
3510,2024-05-23 00:41:59,51.7443,-9.31424,5.8,9.75,0,0,,2024-May-23,00:41:59
3511,2024-05-23 00:42:59,51.7443,-9.31424,5.8,9.75,0,0,,2024-May-23,00:42:59
3512,2024-05-23 00:43:59,51.7443,-9.31424,5.8,9.75,0,0,,2024-May-23,00:43:59
3513,2024-05-23 00:44:59,51.7443,-9.31424,5.8,9.75,0,0,,2024-May-23,00:44:59
3514,2024-05-23 00:45:59,51.7443,-9.31424,5.8,9.5,0,0,,2024-May-23,00:45:59
3515,2024-05-23 00:46:59,51.7443,-9.31424,5.8,9.5,0,1,,2024-May-23,00:46:59
3516,2024-05-23 00:47:59,51.7443,-9.31424,5.8,9.75,0,0,,2024-May-23,00:47:59
3517,2024-05-23 00:48:59,51.7443,-9.31424,5.8,9.75,0,0,,2024-May-23,00:48:59
3518,2024-05-23 00:49:59,51.7443,-9.31424,5.8,9.75,0,0,,2024-May-23,00:49:59
3519,2024-05-23 00:50:59,51.7443,-9.31424,5.8,9.5,0,2,,2024-May-23,00:50:59
3520,2024-05-23 00:51:59,51.7443,-9.31424,5.8,9.5,0,0,,2024-May-23,00:51:59
3521,2024-05-23 00:52:59,51.7443,-9.31424,5.8,9.5,0,0,,2024-May-23,00:52:59
3522,2024-05-23 00:53:59,51.7443,-9.31424,5.7,9.25,0,0,,2024-May-23,00:53:59
3523,2024-05-23 00:54:59,51.7443,-9.31424,5.7,9.5,0,1,,2024-May-23,00:54:59
3524,2024-05-23 00:55:59,51.7443,-9.31424,5.8,9.25,0,1,,2024-May-23,00:55:59
3525,2024-05-23 00:56:59,51.7443,-9.31424,5.8,9.25,0,0,,2024-May-23,00:56:59
3526,2024-05-23 00:57:59,51.7443,-9.31424,5.8,9.25,0,0,,2024-May-23,00:57:59
3527,2024-05-23 00:58:59,51.7443,-9.31424,5.8,9.25,0,0,,2024-May-23,00:58:59
3528,2024-05-23 00:59:59,51.7443,-9.31424,5.8,9,0,0,,2024-May-23,00:59:59
3529,2024-05-23 01:00:59,51.7443,-9.31424,5.8,9.25,0,0,,2024-May-23,01:00:59
3530,2024-05-23 01:01:59,51.7443,-9.31424,5.8,9.25,0,0,,2024-May-23,01:01:59
3531,2024-05-23 01:02:59,51.7443,-9.31424,5.8,9.25,0,1,,2024-May-23,01:02:59
3532,2024-05-23 01:03:59,51.7443,-9.31424,5.8,9.25,0,0,,2024-May-23,01:03:59
3533,2024-05-23 01:04:59,51.7443,-9.31424,5.8,9.25,0,0,,2024-May-23,01:04:59
3534,2024-05-23 01:05:59,51.7443,-9.31424,5.8,9,0,0,,2024-May-23,01:05:59
3535,2024-05-23 01:06:59,51.7443,-9.31424,5.8,9.25,0,0,,2024-May-23,01:06:59
3536,2024-05-23 01:07:59,51.7443,-9.31424,5.8,9.25,0,1,,2024-May-23,01:07:59
3537,2024-05-23 01:08:59,51.7443,-9.31424,5.8,9,0,0,,2024-May-23,01:08:59
3538,2024-05-23 01:09:59,51.7443,-9.31424,5.8,8.75,1,0,,2024-May-23,01:09:59
3539,2024-05-23 01:10:59,51.7443,-9.31424,5.7,9,0,0,,2024-May-23,01:10:59
3540,2024-05-23 01:11:59,51.7443,-9.31424,5.8,8.75,0,1,,2024-May-23,01:11:59
3541,2024-05-23 01:12:59,51.7443,-9.31424,5.8,8.75,0,1,,2024-May-23,01:12:59
3542,2024-05-23 01:13:59,51.7443,-9.31424,5.8,8.75,0,1,,2024-May-23,01:13:59
3543,2024-05-23 01:14:59,51.7443,-9.31424,5.8,8.75,0,0,,2024-May-23,01:14:59
3544,2024-05-23 01:15:59,51.7443,-9.31424,5.8,9,0,0,,2024-May-23,01:15:59
3545,2024-05-23 01:16:59,51.7443,-9.31424,5.8,8.75,0,0,,2024-May-23,01:16:59
3546,2024-05-23 01:17:59,51.7443,-9.31424,5.8,8.75,0,0,,2024-May-23,01:17:59
3547,2024-05-23 01:18:59,51.7443,-9.31424,5.8,9,0,1,,2024-May-23,01:18:59
3548,2024-05-23 01:19:59,51.7443,-9.31424,5.8,8.75,0,1,,2024-May-23,01:19:59
3549,2024-05-23 01:20:59,51.7443,-9.31424,5.8,8.5,0,0,,2024-May-23,01:20:59
3550,2024-05-23 01:21:59,51.7443,-9.31424,5.8,8.5,0,0,,2024-May-23,01:21:59
3551,2024-05-23 01:22:59,51.7443,-9.31424,5.8,8.75,0,0,,2024-May-23,01:22:59
3552,2024-05-23 01:23:59,51.7443,-9.31424,5.8,8.5,0,0,,2024-May-23,01:23:59
3553,2024-05-23 01:24:59,51.7443,-9.31424,5.8,8.5,0,0,,2024-May-23,01:24:59
3554,2024-05-23 01:25:59,51.7443,-9.31424,5.8,8.5,0,0,,2024-May-23,01:25:59
3555,2024-05-23 01:26:59,51.7443,-9.31424,5.8,8.5,0,0,,2024-May-23,01:26:59
3556,2024-05-23 01:27:59,51.7443,-9.31424,5.8,8.5,0,0,,2024-May-23,01:27:59
3557,2024-05-23 01:28:59,51.7443,-9.31424,5.8,8.75,0,0,,2024-May-23,01:28:59
3558,2024-05-23 01:29:59,51.7443,-9.31424,5.8,8.5,0,0,,2024-May-23,01:29:59
3559,2024-05-23 01:30:59,51.7443,-9.31424,5.8,8.75,0,0,,2024-May-23,01:30:59
3560,2024-05-23 01:31:59,51.7443,-9.31424,5.8,8.5,0,0,,2024-May-23,01:31:59
3561,2024-05-23 01:32:59,51.7443,-9.31424,5.8,8.5,0,0,,2024-May-23,01:32:59
3562,2024-05-23 01:33:59,51.7443,-9.31424,5.8,8.25,0,0,,2024-May-23,01:33:59
3563,2024-05-23 01:34:59,51.7443,-9.31424,5.8,8.25,0,1,,2024-May-23,01:34:59
3564,2024-05-23 01:35:59,51.7443,-9.31424,5.8,8.25,0,0,,2024-May-23,01:35:59
3565,2024-05-23 01:36:59,51.7443,-9.31424,5.8,8.25,0,0,,2024-May-23,01:36:59
3566,2024-05-23 01:37:59,51.7443,-9.31424,5.8,8.25,0,0,,2024-May-23,01:37:59
3567,2024-05-23 01:38:59,51.7443,-9.31424,5.8,8.25,0,0,,2024-May-23,01:38:59
3568,2024-05-23 01:39:59,51.7443,-9.31424,5.8,8.25,0,1,,2024-May-23,01:39:59
3569,2024-05-23 01:40:59,51.7443,-9.31424,5.8,8.25,0,0,,2024-May-23,01:40:59
3570,2024-05-23 01:41:59,51.7443,-9.31424,5.8,8.25,0,0,,2024-May-23,01:41:59
3571,2024-05-23 01:42:59,51.7443,-9.31424,5.8,8.25,0,1,,2024-May-23,01:42:59
3572,2024-05-23 01:43:59,51.7443,-9.31424,5.8,8.5,0,0,,2024-May-23,01:43:59
3573,2024-05-23 01:44:59,51.7443,-9.31424,5.8,8.25,0,0,,2024-May-23,01:44:59
3574,2024-05-23 01:45:59,51.7443,-9.31424,5.8,8.25,0,0,,2024-May-23,01:45:59
3575,2024-05-23 01:46:59,51.7443,-9.31424,5.8,8.25,0,0,,2024-May-23,01:46:59
3576,2024-05-23 01:47:59,51.7443,-9.31424,5.8,8.25,0,0,,2024-May-23,01:47:59
3577,2024-05-23 01:48:59,51.7443,-9.31424,5.8,8.25,0,0,,2024-May-23,01:48:59
3578,2024-05-23 01:49:59,51.7443,-9.31424,5.8,8.25,0,0,,2024-May-23,01:49:59
3579,2024-05-23 01:50:59,51.7443,-9.31424,5.8,8.25,0,1,,2024-May-23,01:50:59
3580,2024-05-23 01:51:59,51.7443,-9.31424,5.7,8.25,0,0,,2024-May-23,01:51:59
3581,2024-05-23 01:52:59,51.7443,-9.31424,5.8,8.25,0,1,,2024-May-23,01:52:59
3582,2024-05-23 01:53:59,51.7443,-9.31424,5.8,8.25,0,0,,2024-May-23,01:53:59
3583,2024-05-23 01:54:59,51.7443,-9.31424,5.8,8.25,0,0,,2024-May-23,01:54:59
3584,2024-05-23 01:55:59,51.7443,-9.31424,5.8,8,0,0,,2024-May-23,01:55:59
3585,2024-05-23 01:56:59,51.7443,-9.31424,5.8,8,0,0,,2024-May-23,01:56:59
3586,2024-05-23 01:57:59,51.7443,-9.31424,5.8,8.25,0,0,,2024-May-23,01:57:59
3587,2024-05-23 01:58:59,51.7443,-9.31424,5.8,8,0,0,,2024-May-23,01:58:59
3588,2024-05-23 01:59:59,51.7443,-9.31424,5.8,8.25,0,0,,2024-May-23,01:59:59
3589,2024-05-23 02:00:59,51.7443,-9.31424,5.8,8,0,0,,2024-May-23,02:00:59
3590,2024-05-23 02:01:59,51.7443,-9.31424,5.8,8.25,0,0,,2024-May-23,02:01:59
3591,2024-05-23 02:02:59,51.7443,-9.31424,5.8,8,0,0,,2024-May-23,02:02:59
3592,2024-05-23 02:03:59,51.7443,-9.31424,5.8,8,0,0,,2024-May-23,02:03:59
3593,2024-05-23 02:04:59,51.7443,-9.31424,5.8,8,0,0,,2024-May-23,02:04:59
3594,2024-05-23 02:05:59,51.7443,-9.31424,5.8,8,0,0,,2024-May-23,02:05:59
3595,2024-05-23 02:06:59,51.7443,-9.31424,5.8,8,0,0,,2024-May-23,02:06:59
3596,2024-05-23 02:07:59,51.7443,-9.31424,5.8,8,0,0,,2024-May-23,02:07:59
3597,2024-05-23 02:08:59,51.7443,-9.31424,5.8,8,0,0,,2024-May-23,02:08:59
3598,2024-05-23 02:09:59,51.7443,-9.31424,5.8,8,0,0,,2024-May-23,02:09:59
3599,2024-05-23 02:10:59,51.7443,-9.31424,5.8,8,0,0,,2024-May-23,02:10:59
3600,2024-05-23 02:11:59,51.7443,-9.31424,5.8,8,0,0,,2024-May-23,02:11:59
3601,2024-05-23 02:12:59,51.7443,-9.31424,5.8,8,0,0,,2024-May-23,02:12:59
3602,2024-05-23 02:13:59,51.7443,-9.31424,5.8,8,0,0,,2024-May-23,02:13:59
3603,2024-05-23 02:14:59,51.7443,-9.31424,5.8,8,0,0,,2024-May-23,02:14:59
3604,2024-05-23 02:15:59,51.7443,-9.31424,5.8,8,0,0,,2024-May-23,02:15:59
3605,2024-05-23 02:16:59,51.7443,-9.31424,5.8,8,0,0,,2024-May-23,02:16:59
3606,2024-05-23 02:17:59,51.7443,-9.31424,5.8,8,0,0,,2024-May-23,02:17:59
3607,2024-05-23 02:18:59,51.7443,-9.31424,5.8,8,0,0,,2024-May-23,02:18:59
3608,2024-05-23 02:19:59,51.7443,-9.31424,5.8,8,0,0,,2024-May-23,02:19:59
3609,2024-05-23 02:20:59,51.7443,-9.31424,5.8,8,0,0,,2024-May-23,02:20:59
3610,2024-05-23 02:21:59,51.7443,-9.31424,5.8,8,0,0,,2024-May-23,02:21:59
3611,2024-05-23 02:22:59,51.7443,-9.31424,5.8,8,0,0,,2024-May-23,02:22:59
3612,2024-05-23 02:23:59,51.7443,-9.31424,5.8,8,0,0,,2024-May-23,02:23:59
3613,2024-05-23 02:24:59,51.7443,-9.31424,5.8,8,0,0,,2024-May-23,02:24:59
3614,2024-05-23 02:25:59,51.7443,-9.31424,5.8,7.75,0,0,,2024-May-23,02:25:59
3615,2024-05-23 02:27:02,51.7443,-9.31424,5.8,8,0,1,,2024-May-23,02:27:02
3616,2024-05-23 02:28:02,51.7443,-9.31424,5.8,7.75,0,0,,2024-May-23,02:28:02
3617,2024-05-23 02:29:02,51.7443,-9.31424,5.8,8,0,0,,2024-May-23,02:29:02
3618,2024-05-23 02:30:02,51.7443,-9.31424,5.8,8,0,1,,2024-May-23,02:30:02
3619,2024-05-23 02:31:02,51.7443,-9.31424,5.8,8,0,0,,2024-May-23,02:31:02
3620,2024-05-23 02:32:02,51.7443,-9.31424,5.8,8,0,0,,2024-May-23,02:32:02
3621,2024-05-23 02:33:02,51.7443,-9.31424,5.8,8,0,0,,2024-May-23,02:33:02
3622,2024-05-23 02:34:02,51.7443,-9.31424,5.8,8,0,0,,2024-May-23,02:34:02
3623,2024-05-23 02:35:02,51.7443,-9.31424,5.8,8,0,0,,2024-May-23,02:35:02
3624,2024-05-23 02:36:02,51.7443,-9.31424,5.8,7.75,0,0,,2024-May-23,02:36:02
3625,2024-05-23 02:37:02,51.7443,-9.31424,5.8,7.75,0,0,,2024-May-23,02:37:02
3626,2024-05-23 02:38:02,51.7443,-9.31424,5.8,8,0,0,,2024-May-23,02:38:02
3627,2024-05-23 02:39:02,51.7443,-9.31424,5.8,7.75,0,0,,2024-May-23,02:39:02
3628,2024-05-23 02:40:02,51.7443,-9.31424,5.8,7.75,0,1,,2024-May-23,02:40:02
3629,2024-05-23 02:41:02,51.7443,-9.31424,5.8,7.75,0,0,,2024-May-23,02:41:02
3630,2024-05-23 02:42:02,51.7443,-9.31424,5.8,7.75,0,0,,2024-May-23,02:42:02
3631,2024-05-23 02:43:02,51.7443,-9.31424,5.8,7.75,0,0,,2024-May-23,02:43:02
3632,2024-05-23 02:44:02,51.7443,-9.31424,5.8,7.75,0,0,,2024-May-23,02:44:02
3633,2024-05-23 02:45:02,51.7443,-9.31424,5.8,7.75,0,0,,2024-May-23,02:45:02
3634,2024-05-23 02:46:02,51.7443,-9.31424,5.8,7.75,0,0,,2024-May-23,02:46:02
3635,2024-05-23 02:47:02,51.7443,-9.31424,5.8,7.75,0,0,,2024-May-23,02:47:02
3636,2024-05-23 02:48:02,51.7443,-9.31424,5.8,7.75,0,0,,2024-May-23,02:48:02
3637,2024-05-23 02:49:02,51.7443,-9.31424,5.8,7.75,0,0,,2024-May-23,02:49:02
3638,2024-05-23 02:50:02,51.7443,-9.31424,5.7,7.75,0,0,,2024-May-23,02:50:02
3639,2024-05-23 02:51:02,51.7443,-9.31424,5.8,7.75,0,0,,2024-May-23,02:51:02
3640,2024-05-23 02:52:02,51.7443,-9.31424,5.7,7.75,0,0,,2024-May-23,02:52:02
3641,2024-05-23 02:53:02,51.7443,-9.31424,5.8,7.75,0,0,,2024-May-23,02:53:02
3642,2024-05-23 02:54:02,51.7443,-9.31424,5.8,7.75,0,0,,2024-May-23,02:54:02
3643,2024-05-23 02:55:02,51.7443,-9.31424,5.8,7.75,0,0,,2024-May-23,02:55:02
3644,2024-05-23 02:56:02,51.7443,-9.31424,5.7,7.75,0,0,,2024-May-23,02:56:02
3645,2024-05-23 02:57:02,51.7443,-9.31424,5.8,7.75,0,0,,2024-May-23,02:57:02
3646,2024-05-23 02:58:02,51.7443,-9.31424,5.7,7.75,0,0,,2024-May-23,02:58:02
3647,2024-05-23 02:59:02,51.7443,-9.31424,5.7,7.75,0,0,,2024-May-23,02:59:02
3648,2024-05-23 03:00:02,51.7443,-9.31424,5.7,7.75,0,0,,2024-May-23,03:00:02
3649,2024-05-23 03:01:02,51.7443,-9.31424,5.7,7.75,0,0,,2024-May-23,03:01:02
3650,2024-05-23 03:02:02,51.7443,-9.31424,5.7,7.75,0,0,,2024-May-23,03:02:02
3651,2024-05-23 03:03:02,51.7443,-9.31424,5.8,7.75,0,0,,2024-May-23,03:03:02
3652,2024-05-23 03:04:02,51.7443,-9.31424,5.7,7.75,0,0,,2024-May-23,03:04:02
3653,2024-05-23 03:05:02,51.7443,-9.31424,5.7,7.75,0,0,,2024-May-23,03:05:02
3654,2024-05-23 03:06:02,51.7443,-9.31424,5.7,7.75,0,0,,2024-May-23,03:06:02
3655,2024-05-23 03:07:02,51.7443,-9.31424,5.7,7.75,0,0,,2024-May-23,03:07:02
3656,2024-05-23 03:08:02,51.7443,-9.31424,5.7,7.75,0,0,,2024-May-23,03:08:02
3657,2024-05-23 03:09:02,51.7443,-9.31424,5.7,7.5,0,0,,2024-May-23,03:09:02
3658,2024-05-23 03:10:02,51.7443,-9.31424,5.7,7.5,0,0,,2024-May-23,03:10:02
3659,2024-05-23 03:11:02,51.7443,-9.31424,5.7,7.5,0,0,,2024-May-23,03:11:02
3660,2024-05-23 03:12:02,51.7443,-9.31424,5.8,7.75,0,0,,2024-May-23,03:12:02
3661,2024-05-23 03:13:02,51.7443,-9.31424,5.7,7.5,0,0,,2024-May-23,03:13:02
3662,2024-05-23 03:14:02,51.7443,-9.31424,5.7,7.5,0,0,,2024-May-23,03:14:02
3663,2024-05-23 03:15:02,51.7443,-9.31424,5.8,7.5,0,0,,2024-May-23,03:15:02
3664,2024-05-23 03:16:02,51.7443,-9.31424,5.8,7.5,0,0,,2024-May-23,03:16:02
3665,2024-05-23 03:17:02,51.7443,-9.31424,5.7,7.5,0,0,,2024-May-23,03:17:02
3666,2024-05-23 03:18:02,51.7443,-9.31424,5.7,7.5,0,0,,2024-May-23,03:18:02
3667,2024-05-23 03:19:02,51.7443,-9.31424,5.7,7.5,0,0,,2024-May-23,03:19:02
3668,2024-05-23 03:20:02,51.7443,-9.31424,5.7,7.5,0,0,,2024-May-23,03:20:02
3669,2024-05-23 03:21:02,51.7443,-9.31424,5.7,7.5,1,0,,2024-May-23,03:21:02
3670,2024-05-23 03:22:02,51.7443,-9.31424,5.7,7.5,0,0,,2024-May-23,03:22:02
3671,2024-05-23 03:23:02,51.7443,-9.31424,5.7,7.5,0,0,,2024-May-23,03:23:02
3672,2024-05-23 03:24:02,51.7443,-9.31424,5.7,7.5,0,0,,2024-May-23,03:24:02
3673,2024-05-23 03:25:02,51.7443,-9.31424,5.7,7.25,0,0,,2024-May-23,03:25:02
3674,2024-05-23 03:26:02,51.7443,-9.31424,5.7,7.5,0,0,,2024-May-23,03:26:02
3675,2024-05-23 03:27:02,51.7443,-9.31424,5.7,7.25,0,0,,2024-May-23,03:27:02
3676,2024-05-23 03:28:02,51.7443,-9.31424,5.7,7.5,0,0,,2024-May-23,03:28:02
3677,2024-05-23 03:29:02,51.7443,-9.31424,5.7,7.25,0,0,,2024-May-23,03:29:02
3678,2024-05-23 03:30:02,51.7443,-9.31424,5.7,7.25,0,0,,2024-May-23,03:30:02
3679,2024-05-23 03:31:02,51.7443,-9.31424,5.7,7.25,0,0,,2024-May-23,03:31:02
3680,2024-05-23 03:32:02,51.7443,-9.31424,5.7,7.25,0,0,,2024-May-23,03:32:02
3681,2024-05-23 03:33:02,51.7443,-9.31424,5.7,7.25,0,0,,2024-May-23,03:33:02
3682,2024-05-23 03:34:02,51.7443,-9.31424,5.7,7.25,0,0,,2024-May-23,03:34:02
3683,2024-05-23 03:35:02,51.7443,-9.31424,5.7,7.5,0,0,,2024-May-23,03:35:02
3684,2024-05-23 03:36:02,51.7443,-9.31424,5.7,7.5,0,0,,2024-May-23,03:36:02
3685,2024-05-23 03:37:02,51.7443,-9.31424,5.7,7.5,0,0,,2024-May-23,03:37:02
3686,2024-05-23 03:38:02,51.7443,-9.31424,5.7,7.5,0,0,,2024-May-23,03:38:02
3687,2024-05-23 03:39:02,51.7443,-9.31424,5.7,7.5,0,0,,2024-May-23,03:39:02
3688,2024-05-23 03:40:02,51.7443,-9.31424,5.7,7.5,0,0,,2024-May-23,03:40:02
3689,2024-05-23 03:41:02,51.7443,-9.31424,5.7,7.25,0,0,,2024-May-23,03:41:02
3690,2024-05-23 03:42:02,51.7443,-9.31424,5.7,7.25,0,0,,2024-May-23,03:42:02
3691,2024-05-23 03:43:02,51.7443,-9.31424,5.7,7.5,0,0,,2024-May-23,03:43:02
3692,2024-05-23 03:44:02,51.7443,-9.31424,5.7,7.25,0,0,,2024-May-23,03:44:02
3693,2024-05-23 03:45:02,51.7443,-9.31424,5.7,7.25,0,0,,2024-May-23,03:45:02
3694,2024-05-23 03:46:02,51.7443,-9.31424,5.7,7.5,0,0,,2024-May-23,03:46:02
3695,2024-05-23 03:47:02,51.7443,-9.31424,5.7,7.5,0,0,,2024-May-23,03:47:02
3696,2024-05-23 03:48:02,51.7443,-9.31424,5.7,7.25,0,0,,2024-May-23,03:48:02
3697,2024-05-23 03:49:02,51.7443,-9.31424,5.7,7.25,0,0,,2024-May-23,03:49:02
3698,2024-05-23 03:50:02,51.7443,-9.31424,5.7,7.5,0,0,,2024-May-23,03:50:02
3699,2024-05-23 03:51:02,51.7443,-9.31424,5.7,7.25,0,0,,2024-May-23,03:51:02
3700,2024-05-23 03:52:02,51.7443,-9.31424,5.7,7.25,0,0,,2024-May-23,03:52:02
3701,2024-05-23 03:53:02,51.7443,-9.31424,5.7,7.25,0,0,,2024-May-23,03:53:02
3702,2024-05-23 03:54:02,51.7443,-9.31424,5.7,7.25,0,0,,2024-May-23,03:54:02
3703,2024-05-23 03:55:02,51.7443,-9.31424,5.7,7.25,0,0,,2024-May-23,03:55:02
3704,2024-05-23 03:56:02,51.7443,-9.31424,5.7,7,0,0,,2024-May-23,03:56:02
3705,2024-05-23 03:57:02,51.7443,-9.31424,5.7,7.5,0,0,,2024-May-23,03:57:02
3706,2024-05-23 03:58:02,51.7443,-9.31424,5.7,7.25,0,0,,2024-May-23,03:58:02
3707,2024-05-23 03:59:02,51.7443,-9.31424,5.7,7.25,0,0,,2024-May-23,03:59:02
3708,2024-05-23 04:00:02,51.7443,-9.31424,5.7,7.25,0,0,,2024-May-23,04:00:02
3709,2024-05-23 04:01:02,51.7443,-9.31424,5.7,7.25,0,1,,2024-May-23,04:01:02
3710,2024-05-23 04:02:02,51.7443,-9.31424,5.7,7.25,0,0,,2024-May-23,04:02:02
3711,2024-05-23 04:03:02,51.7443,-9.31424,5.7,7.25,0,0,,2024-May-23,04:03:02
3712,2024-05-23 04:04:02,51.7443,-9.31424,5.7,7.5,0,0,,2024-May-23,04:04:02
3713,2024-05-23 04:05:02,51.7443,-9.31424,5.7,7.25,0,0,,2024-May-23,04:05:02
3714,2024-05-23 04:06:02,51.7443,-9.31424,5.7,7.25,0,0,,2024-May-23,04:06:02
3715,2024-05-23 04:07:02,51.7443,-9.31424,5.7,7.25,0,0,,2024-May-23,04:07:02
3716,2024-05-23 04:08:02,51.7443,-9.31424,5.7,7.25,0,0,,2024-May-23,04:08:02
3717,2024-05-23 04:09:02,51.7443,-9.31424,5.7,7.25,0,0,,2024-May-23,04:09:02
3718,2024-05-23 04:10:02,51.7443,-9.31424,5.7,7.5,0,2,,2024-May-23,04:10:02
3719,2024-05-23 04:11:02,51.7443,-9.31424,5.7,7.25,0,0,,2024-May-23,04:11:02
3720,2024-05-23 04:12:02,51.7443,-9.31424,5.7,7.25,0,0,,2024-May-23,04:12:02
3721,2024-05-23 04:13:02,51.7443,-9.31424,5.7,7.25,0,0,,2024-May-23,04:13:02
3722,2024-05-23 04:14:02,51.7443,-9.31424,5.7,7.25,0,0,,2024-May-23,04:14:02
3723,2024-05-23 04:15:02,51.7443,-9.31424,5.7,7.25,0,0,,2024-May-23,04:15:02
3724,2024-05-23 04:16:02,51.7443,-9.31424,5.7,7.25,0,0,,2024-May-23,04:16:02
3725,2024-05-23 04:17:02,51.7443,-9.31424,5.7,7.25,0,0,,2024-May-23,04:17:02
3726,2024-05-23 04:18:02,51.7443,-9.31424,5.7,7.25,0,0,,2024-May-23,04:18:02
3727,2024-05-23 04:19:02,51.7443,-9.31424,5.7,7.25,0,0,,2024-May-23,04:19:02
3728,2024-05-23 04:20:02,51.7443,-9.31424,5.7,7.25,0,0,,2024-May-23,04:20:02
3729,2024-05-23 04:21:02,51.7443,-9.31424,5.7,7.25,0,0,,2024-May-23,04:21:02
3730,2024-05-23 04:22:02,51.7443,-9.31424,5.7,7.25,0,0,,2024-May-23,04:22:02
3731,2024-05-23 04:23:02,51.7443,-9.31424,5.7,7.25,0,0,,2024-May-23,04:23:02
3732,2024-05-23 04:24:02,51.7443,-9.31424,5.7,7.25,0,1,,2024-May-23,04:24:02
3733,2024-05-23 04:25:02,51.7443,-9.31424,5.7,7.25,0,0,,2024-May-23,04:25:02
3734,2024-05-23 04:26:02,51.7443,-9.31424,5.7,7.25,0,0,,2024-May-23,04:26:02
3735,2024-05-23 04:27:02,51.7443,-9.31424,5.7,7.25,0,0,,2024-May-23,04:27:02
3736,2024-05-23 04:28:02,51.7443,-9.31424,5.7,7.25,0,0,,2024-May-23,04:28:02
3737,2024-05-23 04:29:02,51.7443,-9.31424,5.7,7.25,0,0,,2024-May-23,04:29:02
3738,2024-05-23 04:30:02,51.7443,-9.31424,5.7,7.25,0,0,,2024-May-23,04:30:02
3739,2024-05-23 04:31:02,51.7443,-9.31424,5.7,7.25,0,1,,2024-May-23,04:31:02
3740,2024-05-23 04:32:02,51.7443,-9.31424,5.7,7.25,0,1,,2024-May-23,04:32:02
3741,2024-05-23 04:33:02,51.7443,-9.31424,5.7,7.25,0,0,,2024-May-23,04:33:02
3742,2024-05-23 04:34:02,51.7443,-9.31424,5.7,7.25,0,0,,2024-May-23,04:34:02
3743,2024-05-23 04:35:02,51.7443,-9.31424,5.7,7.25,0,0,,2024-May-23,04:35:02
3744,2024-05-23 04:36:02,51.7443,-9.31424,5.7,7.5,0,0,,2024-May-23,04:36:02
3745,2024-05-23 04:37:02,51.7443,-9.31424,5.7,7.25,0,0,,2024-May-23,04:37:02
3746,2024-05-23 04:38:02,51.7443,-9.31424,5.7,7.25,0,0,,2024-May-23,04:38:02
3747,2024-05-23 04:39:02,51.7443,-9.31424,5.7,7.25,0,0,,2024-May-23,04:39:02
3748,2024-05-23 04:40:02,51.7443,-9.31424,5.7,7.25,0,0,,2024-May-23,04:40:02
3749,2024-05-23 04:41:02,51.7443,-9.31424,5.7,7.25,0,1,,2024-May-23,04:41:02
3750,2024-05-23 04:42:02,51.7443,-9.31424,5.7,7.25,0,1,,2024-May-23,04:42:02
3751,2024-05-23 04:43:02,51.7443,-9.31424,5.7,7.25,0,1,,2024-May-23,04:43:02
3752,2024-05-23 04:44:02,51.7443,-9.31424,5.7,7.25,0,0,,2024-May-23,04:44:02
3753,2024-05-23 04:45:02,51.7443,-9.31424,5.7,7.25,0,0,,2024-May-23,04:45:02
3754,2024-05-23 04:46:02,51.7443,-9.31424,5.7,7.25,0,0,,2024-May-23,04:46:02
3755,2024-05-23 04:47:02,51.7443,-9.31424,5.7,7.25,0,0,,2024-May-23,04:47:02
3756,2024-05-23 04:48:02,51.7443,-9.31424,5.7,7.25,0,0,,2024-May-23,04:48:02
3757,2024-05-23 04:49:02,51.7443,-9.31424,5.7,7.25,0,0,,2024-May-23,04:49:02
3758,2024-05-23 04:50:02,51.7443,-9.31424,5.7,7.25,0,0,,2024-May-23,04:50:02
3759,2024-05-23 04:51:02,51.7443,-9.31424,5.7,7.25,0,0,,2024-May-23,04:51:02
3760,2024-05-23 04:52:02,51.7443,-9.31424,5.7,7.25,0,0,,2024-May-23,04:52:02
3761,2024-05-23 04:53:02,51.7443,-9.31424,5.7,7.25,0,0,,2024-May-23,04:53:02
3762,2024-05-23 04:54:02,51.7443,-9.31424,5.7,7.25,0,0,,2024-May-23,04:54:02
3763,2024-05-23 04:55:02,51.7443,-9.31424,5.7,7,0,0,,2024-May-23,04:55:02
3764,2024-05-23 04:56:02,51.7443,-9.31424,5.7,7.25,0,0,,2024-May-23,04:56:02
3765,2024-05-23 04:57:02,51.7443,-9.31424,5.7,7,0,0,,2024-May-23,04:57:02
3766,2024-05-23 04:58:02,51.7443,-9.31424,5.7,7.5,0,0,,2024-May-23,04:58:02
3767,2024-05-23 04:59:02,51.7443,-9.31424,5.7,7.25,0,0,,2024-May-23,04:59:02
3768,2024-05-23 05:00:02,51.7443,-9.31424,5.7,7.25,0,0,,2024-May-23,05:00:02
3769,2024-05-23 05:01:02,51.7443,-9.31424,5.7,7.25,0,0,,2024-May-23,05:01:02
3770,2024-05-23 05:02:02,51.7443,-9.31424,5.7,7.25,0,0,,2024-May-23,05:02:02
3771,2024-05-23 05:03:02,51.7443,-9.31424,5.7,7.25,0,0,,2024-May-23,05:03:02
3772,2024-05-23 05:04:02,51.7443,-9.31424,5.7,7.25,0,0,,2024-May-23,05:04:02
3773,2024-05-23 05:05:02,51.7443,-9.31424,5.7,7.25,0,0,,2024-May-23,05:05:02
3774,2024-05-23 05:06:02,51.7443,-9.31424,5.7,7.5,0,0,,2024-May-23,05:06:02
3775,2024-05-23 05:07:02,51.7443,-9.31424,5.7,7.25,0,0,,2024-May-23,05:07:02
3776,2024-05-23 05:08:02,51.7443,-9.31424,5.7,7.25,0,1,,2024-May-23,05:08:02
3777,2024-05-23 05:09:02,51.7443,-9.31424,5.7,7.25,0,0,,2024-May-23,05:09:02
3778,2024-05-23 05:10:02,51.7443,-9.31424,5.7,7.25,0,0,,2024-May-23,05:10:02
3779,2024-05-23 05:11:02,51.7443,-9.31424,5.7,7.25,0,0,,2024-May-23,05:11:02
3780,2024-05-23 05:12:02,51.7443,-9.31424,5.7,7.25,0,0,,2024-May-23,05:12:02
3781,2024-05-23 05:13:02,51.7443,-9.31424,5.7,7.25,0,0,,2024-May-23,05:13:02
3782,2024-05-23 05:14:02,51.7443,-9.31424,5.7,7.25,0,0,,2024-May-23,05:14:02
3783,2024-05-23 05:15:02,51.7443,-9.31424,5.7,7.5,0,0,,2024-May-23,05:15:02
3784,2024-05-23 05:16:02,51.7443,-9.31424,5.7,7.25,0,0,,2024-May-23,05:16:02
3785,2024-05-23 05:17:02,51.7443,-9.31424,5.7,7.25,0,0,,2024-May-23,05:17:02
3786,2024-05-23 05:18:02,51.7443,-9.31424,5.7,7.5,0,0,,2024-May-23,05:18:02
3787,2024-05-23 05:19:02,51.7443,-9.31424,5.7,7.25,0,0,,2024-May-23,05:19:02
3788,2024-05-23 05:20:02,51.7443,-9.31424,5.7,7.5,0,0,,2024-May-23,05:20:02
3789,2024-05-23 05:21:02,51.7443,-9.31424,5.7,7.5,0,0,,2024-May-23,05:21:02
3790,2024-05-23 05:22:02,51.7443,-9.31424,5.7,7.25,0,0,,2024-May-23,05:22:02
3791,2024-05-23 05:23:02,51.7443,-9.31424,5.7,7.25,0,0,,2024-May-23,05:23:02
3792,2024-05-23 05:24:02,51.7443,-9.31424,5.7,7.5,0,0,,2024-May-23,05:24:02
3793,2024-05-23 05:25:02,51.7443,-9.31424,5.7,7.25,0,0,,2024-May-23,05:25:02
3794,2024-05-23 05:26:02,51.7443,-9.31424,5.7,7.5,0,0,,2024-May-23,05:26:02
3795,2024-05-23 05:27:02,51.7443,-9.31424,5.7,7.5,0,0,,2024-May-23,05:27:02
3796,2024-05-23 05:28:02,51.7443,-9.31424,5.7,7.5,0,0,,2024-May-23,05:28:02
3797,2024-05-23 05:29:02,51.7443,-9.31424,5.7,7.5,0,0,,2024-May-23,05:29:02
3798,2024-05-23 05:30:02,51.7443,-9.31424,5.7,7.5,0,0,,2024-May-23,05:30:02
3799,2024-05-23 05:31:02,51.7443,-9.31424,5.7,7.5,0,0,,2024-May-23,05:31:02
3800,2024-05-23 05:32:02,51.7443,-9.31424,5.7,7.5,0,0,,2024-May-23,05:32:02
3801,2024-05-23 05:33:02,51.7443,-9.31424,5.7,7.5,0,0,,2024-May-23,05:33:02
3802,2024-05-23 05:34:02,51.7443,-9.31424,5.7,7.75,0,0,,2024-May-23,05:34:02
3803,2024-05-23 05:35:02,51.7443,-9.31424,5.7,7.5,0,0,,2024-May-23,05:35:02
3804,2024-05-23 05:36:02,51.7443,-9.31424,5.7,7.5,0,0,,2024-May-23,05:36:02
3805,2024-05-23 05:37:02,51.7443,-9.31424,5.7,7.75,0,0,,2024-May-23,05:37:02
3806,2024-05-23 05:38:02,51.7443,-9.31424,5.7,7.5,0,1,,2024-May-23,05:38:02
3807,2024-05-23 05:39:02,51.7443,-9.31424,5.7,7.75,0,0,,2024-May-23,05:39:02
3808,2024-05-23 05:40:02,51.7443,-9.31424,5.7,7.75,0,0,,2024-May-23,05:40:02
3809,2024-05-23 05:41:02,51.7443,-9.31424,5.7,7.5,0,0,,2024-May-23,05:41:02
3810,2024-05-23 05:42:02,51.7443,-9.31424,5.7,7.75,0,0,,2024-May-23,05:42:02
3811,2024-05-23 05:43:02,51.7443,-9.31424,5.7,7.5,0,0,,2024-May-23,05:43:02
3812,2024-05-23 05:44:02,51.7443,-9.31424,5.7,7.75,0,0,,2024-May-23,05:44:02
3813,2024-05-23 05:45:02,51.7443,-9.31424,5.7,7.75,0,0,,2024-May-23,05:45:02
3814,2024-05-23 05:46:02,51.7443,-9.31424,5.7,7.5,0,0,,2024-May-23,05:46:02
3815,2024-05-23 05:47:02,51.7443,-9.31424,5.7,7.5,0,0,,2024-May-23,05:47:02
3816,2024-05-23 05:48:02,51.7443,-9.31424,5.7,7.5,0,0,,2024-May-23,05:48:02
3817,2024-05-23 05:49:02,51.7443,-9.31424,5.7,7.75,0,0,,2024-May-23,05:49:02
3818,2024-05-23 05:50:02,51.7443,-9.31424,5.7,7.5,0,0,,2024-May-23,05:50:02
3819,2024-05-23 05:51:02,51.7443,-9.31424,5.7,7.5,0,0,,2024-May-23,05:51:02
3820,2024-05-23 05:52:02,51.7443,-9.31424,5.7,7.75,0,0,,2024-May-23,05:52:02
3821,2024-05-23 05:53:02,51.7443,-9.31424,5.7,7.5,0,2,,2024-May-23,05:53:02
3822,2024-05-23 05:54:02,51.7443,-9.31424,5.7,7.75,0,0,,2024-May-23,05:54:02
3823,2024-05-23 05:55:02,51.7443,-9.31424,5.7,7.75,0,0,,2024-May-23,05:55:02
3824,2024-05-23 05:56:02,51.7443,-9.31424,5.7,7.75,0,0,,2024-May-23,05:56:02
3825,2024-05-23 05:57:02,51.7443,-9.31424,5.7,7.5,0,0,,2024-May-23,05:57:02
3826,2024-05-23 05:58:02,51.7443,-9.31424,5.7,7.75,0,0,,2024-May-23,05:58:02
3827,2024-05-23 05:59:02,51.7443,-9.31424,5.7,7.75,0,0,,2024-May-23,05:59:02
3828,2024-05-23 06:00:02,51.7443,-9.31424,5.7,7.5,0,1,,2024-May-23,06:00:02
3829,2024-05-23 06:01:02,51.7443,-9.31424,5.7,7.5,0,0,,2024-May-23,06:01:02
3830,2024-05-23 06:02:02,51.7443,-9.31424,5.7,7.75,0,0,,2024-May-23,06:02:02
3831,2024-05-23 06:03:00,51.7443,-9.31424,5.7,7.75,0,1,,2024-May-23,06:03:00
3832,2024-05-23 21:05:59,51.7443,-9.31424,5.8,13.5,0,0,,2024-May-23,21:05:59
3833,2024-05-23 21:06:59,51.7443,-9.31424,5.8,13.75,0,0,,2024-May-23,21:06:59
3834,2024-05-23 21:07:59,51.7443,-9.31424,5.8,13.75,0,0,,2024-May-23,21:07:59
3835,2024-05-23 21:08:59,51.7443,-9.31424,5.8,13.5,0,0,,2024-May-23,21:08:59
3836,2024-05-23 21:09:59,51.7443,-9.31424,5.8,13.75,0,0,,2024-May-23,21:09:59
3837,2024-05-23 21:10:59,51.7443,-9.31424,5.8,13.5,0,0,,2024-May-23,21:10:59
3838,2024-05-23 21:11:59,51.7443,-9.31424,5.8,13.75,0,0,,2024-May-23,21:11:59
3839,2024-05-23 21:12:59,51.7443,-9.31424,5.8,13.75,0,0,,2024-May-23,21:12:59
3840,2024-05-23 21:13:59,51.7443,-9.31424,5.8,13.75,0,0,,2024-May-23,21:13:59
3841,2024-05-23 21:14:59,51.7443,-9.31424,5.8,13.5,0,0,,2024-May-23,21:14:59
3842,2024-05-23 21:15:59,51.7443,-9.31424,5.8,13.5,0,0,,2024-May-23,21:15:59
3843,2024-05-23 21:16:59,51.7443,-9.31424,5.8,13.5,0,0,,2024-May-23,21:16:59
3844,2024-05-23 21:17:59,51.7443,-9.31424,5.8,13.75,0,0,,2024-May-23,21:17:59
3845,2024-05-23 21:18:59,51.7443,-9.31424,5.8,13.5,0,0,,2024-May-23,21:18:59
3846,2024-05-23 21:19:59,51.7443,-9.31424,5.8,13.5,0,0,,2024-May-23,21:19:59
3847,2024-05-23 21:20:59,51.7443,-9.31424,5.8,13.25,0,0,,2024-May-23,21:20:59
3848,2024-05-23 21:21:59,51.7443,-9.31424,5.8,13.25,0,0,,2024-May-23,21:21:59
3849,2024-05-23 21:22:59,51.7443,-9.31424,5.8,13.25,0,0,,2024-May-23,21:22:59
3850,2024-05-23 21:23:59,51.7443,-9.31424,5.8,13.25,0,0,,2024-May-23,21:23:59
3851,2024-05-23 21:24:59,51.7443,-9.31424,5.8,13,0,0,,2024-May-23,21:24:59
3852,2024-05-23 21:25:59,51.7443,-9.31424,5.8,13,0,0,,2024-May-23,21:25:59
3853,2024-05-23 21:26:59,51.7443,-9.31424,5.8,13,0,0,,2024-May-23,21:26:59
3854,2024-05-23 21:27:59,51.7443,-9.31424,5.8,13,0,0,,2024-May-23,21:27:59
3855,2024-05-23 21:28:59,51.7443,-9.31424,5.8,12.75,0,0,,2024-May-23,21:28:59
3856,2024-05-23 21:29:59,51.7443,-9.31424,5.8,12.75,0,0,,2024-May-23,21:29:59
3857,2024-05-23 21:30:59,51.7443,-9.31424,5.8,12.75,0,0,,2024-May-23,21:30:59
3858,2024-05-23 21:31:59,51.7443,-9.31424,5.8,12.5,0,0,,2024-May-23,21:31:59
3859,2024-05-23 21:32:59,51.7443,-9.31424,5.8,12.5,0,0,,2024-May-23,21:32:59
3860,2024-05-23 21:33:59,51.7443,-9.31424,5.8,12.5,0,0,,2024-May-23,21:33:59
3861,2024-05-23 21:34:59,51.7443,-9.31424,5.8,12.25,0,0,,2024-May-23,21:34:59
3862,2024-05-23 21:35:59,51.7443,-9.31424,5.8,12.25,0,0,,2024-May-23,21:35:59
3863,2024-05-23 21:36:59,51.7443,-9.31424,5.8,12.25,0,0,,2024-May-23,21:36:59
3864,2024-05-23 21:37:59,51.7443,-9.31424,5.8,12,0,0,,2024-May-23,21:37:59
3865,2024-05-23 21:38:59,51.7443,-9.31424,5.8,12,0,0,,2024-May-23,21:38:59
3866,2024-05-23 21:39:59,51.7443,-9.31424,5.8,12,0,0,,2024-May-23,21:39:59
3867,2024-05-23 21:40:59,51.7443,-9.31424,5.8,12,0,0,,2024-May-23,21:40:59
3868,2024-05-23 21:41:59,51.7443,-9.31424,5.8,12,0,0,,2024-May-23,21:41:59
3869,2024-05-23 21:42:59,51.7443,-9.31424,5.8,12,0,0,,2024-May-23,21:42:59
3870,2024-05-23 21:43:59,51.7443,-9.31424,5.8,11.75,0,0,,2024-May-23,21:43:59
3871,2024-05-23 21:44:59,51.7443,-9.31424,5.8,11.75,0,0,,2024-May-23,21:44:59
3872,2024-05-23 21:45:59,51.7443,-9.31424,5.8,11.75,0,0,,2024-May-23,21:45:59
3873,2024-05-23 21:46:59,51.7443,-9.31424,5.8,11.75,0,0,,2024-May-23,21:46:59
3874,2024-05-23 21:47:59,51.7443,-9.31424,5.8,11.75,0,0,,2024-May-23,21:47:59
3875,2024-05-23 21:48:59,51.7443,-9.31424,5.8,11.75,0,0,,2024-May-23,21:48:59
3876,2024-05-23 21:49:59,51.7443,-9.31424,5.8,11.5,0,0,,2024-May-23,21:49:59
3877,2024-05-23 21:50:59,51.7443,-9.31424,5.8,11.5,0,0,,2024-May-23,21:50:59
3878,2024-05-23 21:51:59,51.7443,-9.31424,5.8,11.5,0,0,,2024-May-23,21:51:59
3879,2024-05-23 21:52:59,51.7443,-9.31424,5.8,11.5,0,0,,2024-May-23,21:52:59
3880,2024-05-23 21:53:59,51.7443,-9.31424,5.8,11.5,0,0,,2024-May-23,21:53:59
3881,2024-05-23 21:54:59,51.7443,-9.31424,5.8,11.5,0,0,,2024-May-23,21:54:59
3882,2024-05-23 21:55:59,51.7443,-9.31424,5.8,11.5,0,0,,2024-May-23,21:55:59
3883,2024-05-23 21:56:59,51.7443,-9.31424,5.8,11.25,0,0,,2024-May-23,21:56:59
3884,2024-05-23 21:57:59,51.7443,-9.31424,5.8,11.5,0,0,,2024-May-23,21:57:59
3885,2024-05-23 21:58:59,51.7443,-9.31424,5.8,11.25,0,0,,2024-May-23,21:58:59
3886,2024-05-23 21:59:59,51.7443,-9.31424,5.8,11.25,0,0,,2024-May-23,21:59:59
3887,2024-05-23 22:00:59,51.7443,-9.31424,5.8,11.25,0,0,,2024-May-23,22:00:59
3888,2024-05-23 22:01:59,51.7443,-9.31424,5.8,11.25,0,0,,2024-May-23,22:01:59
3889,2024-05-23 22:02:59,51.7443,-9.31424,5.8,11,0,0,,2024-May-23,22:02:59
3890,2024-05-23 22:03:59,51.7443,-9.31424,5.8,11.25,0,0,,2024-May-23,22:03:59
3891,2024-05-23 22:04:59,51.7443,-9.31424,5.8,11,0,0,,2024-May-23,22:04:59
3892,2024-05-23 22:05:59,51.7443,-9.31424,5.8,11,0,0,,2024-May-23,22:05:59
3893,2024-05-23 22:06:59,51.7443,-9.31424,5.8,11,0,0,,2024-May-23,22:06:59
3894,2024-05-23 22:07:59,51.7443,-9.31424,5.8,11,0,0,,2024-May-23,22:07:59
3895,2024-05-23 22:08:59,51.7443,-9.31424,5.8,10.75,0,0,,2024-May-23,22:08:59
3896,2024-05-23 22:09:59,51.7443,-9.31424,5.8,10.75,0,0,,2024-May-23,22:09:59
3897,2024-05-23 22:10:59,51.7443,-9.31424,5.8,11,0,0,,2024-May-23,22:10:59
3898,2024-05-23 22:11:59,51.7443,-9.31424,5.8,10.75,0,1,,2024-May-23,22:11:59
3899,2024-05-23 22:12:59,51.7443,-9.31424,5.8,11,0,0,,2024-May-23,22:12:59
3900,2024-05-23 22:13:59,51.7443,-9.31424,5.8,10.75,0,0,,2024-May-23,22:13:59
3901,2024-05-23 22:14:59,51.7443,-9.31424,5.8,10.75,0,0,,2024-May-23,22:14:59
3902,2024-05-23 22:15:59,51.7443,-9.31424,5.8,10.75,0,0,,2024-May-23,22:15:59
3903,2024-05-23 22:16:59,51.7443,-9.31424,5.8,10.75,0,0,,2024-May-23,22:16:59
3904,2024-05-23 22:17:59,51.7443,-9.31424,5.8,10.75,0,0,,2024-May-23,22:17:59
3905,2024-05-23 22:18:59,51.7443,-9.31424,5.8,10.75,0,0,,2024-May-23,22:18:59
3906,2024-05-23 22:19:59,51.7443,-9.31424,5.8,10.5,0,0,,2024-May-23,22:19:59
3907,2024-05-23 22:20:59,51.7443,-9.31424,5.8,10.75,0,0,,2024-May-23,22:20:59
3908,2024-05-23 22:21:59,51.7443,-9.31424,5.8,10.75,0,0,,2024-May-23,22:21:59
3909,2024-05-23 22:22:59,51.7443,-9.31424,5.8,10.75,0,0,,2024-May-23,22:22:59
3910,2024-05-23 22:23:59,51.7443,-9.31424,5.8,10.75,0,0,,2024-May-23,22:23:59
3911,2024-05-23 22:24:59,51.7443,-9.31424,5.8,10.5,0,0,,2024-May-23,22:24:59
3912,2024-05-23 22:25:59,51.7443,-9.31424,5.8,10.75,0,0,,2024-May-23,22:25:59
3913,2024-05-23 22:26:59,51.7443,-9.31424,5.8,10.5,0,0,,2024-May-23,22:26:59
3914,2024-05-23 22:27:59,51.7443,-9.31424,5.8,10.5,0,0,,2024-May-23,22:27:59
3915,2024-05-23 22:28:59,51.7443,-9.31424,5.7,10.5,1,0,,2024-May-23,22:28:59
3916,2024-05-23 22:29:59,51.7443,-9.31424,5.8,10.5,1,0,,2024-May-23,22:29:59
3917,2024-05-23 22:30:59,51.7443,-9.31424,5.7,10.5,0,0,,2024-May-23,22:30:59
3918,2024-05-23 22:31:59,51.7443,-9.31424,5.8,10.5,1,0,,2024-May-23,22:31:59
3919,2024-05-23 22:32:59,51.7443,-9.31424,5.8,10.5,0,0,,2024-May-23,22:32:59
3920,2024-05-23 22:33:59,51.7443,-9.31424,5.8,10.5,1,0,,2024-May-23,22:33:59
3921,2024-05-23 22:34:59,51.7443,-9.31424,5.8,10.5,1,0,,2024-May-23,22:34:59
3922,2024-05-23 22:35:59,51.7443,-9.31424,5.8,10.5,1,0,,2024-May-23,22:35:59
3923,2024-05-23 22:36:59,51.7443,-9.31424,5.8,10.5,1,0,,2024-May-23,22:36:59
3924,2024-05-23 22:37:59,51.7443,-9.31424,5.8,10.5,0,0,,2024-May-23,22:37:59
3925,2024-05-23 22:38:59,51.7443,-9.31424,5.8,10.5,0,0,,2024-May-23,22:38:59
3926,2024-05-23 22:39:59,51.7443,-9.31424,5.8,10.5,1,0,,2024-May-23,22:39:59
3927,2024-05-23 22:40:59,51.7443,-9.31424,5.8,10.25,0,1,,2024-May-23,22:40:59
3928,2024-05-23 22:41:59,51.7443,-9.31424,5.8,10.25,0,0,,2024-May-23,22:41:59
3929,2024-05-23 22:42:59,51.7443,-9.31424,5.8,10.25,0,1,,2024-May-23,22:42:59
3930,2024-05-23 22:43:59,51.7443,-9.31424,5.8,10.25,0,1,,2024-May-23,22:43:59
3931,2024-05-23 22:44:59,51.7443,-9.31424,5.8,10.5,0,2,,2024-May-23,22:44:59
3932,2024-05-23 22:45:59,51.7443,-9.31424,5.8,10.25,1,0,,2024-May-23,22:45:59
3933,2024-05-23 22:46:59,51.7443,-9.31424,5.7,10.25,1,0,,2024-May-23,22:46:59
3934,2024-05-23 22:47:59,51.7443,-9.31424,5.7,10.25,3,1,,2024-May-23,22:47:59
3935,2024-05-23 22:48:59,51.7443,-9.31424,5.8,10.25,2,0,,2024-May-23,22:48:59
3936,2024-05-23 22:49:59,51.7443,-9.31424,5.8,10.25,0,0,,2024-May-23,22:49:59
3937,2024-05-23 22:50:59,51.7443,-9.31424,5.8,10.25,0,1,,2024-May-23,22:50:59
3938,2024-05-23 22:51:59,51.7443,-9.31424,5.8,10,0,0,,2024-May-23,22:51:59
3939,2024-05-23 22:52:59,51.7443,-9.31424,5.8,10,0,0,,2024-May-23,22:52:59
3940,2024-05-23 22:53:59,51.7443,-9.31424,5.7,10.25,3,1,,2024-May-23,22:53:59
3941,2024-05-23 22:54:59,51.7443,-9.31424,5.8,10.25,3,0,,2024-May-23,22:54:59
3942,2024-05-23 22:55:59,51.7443,-9.31424,5.8,10,2,0,,2024-May-23,22:55:59
3943,2024-05-23 22:56:59,51.7443,-9.31424,5.8,10.25,0,0,,2024-May-23,22:56:59
3944,2024-05-23 22:57:59,51.7443,-9.31424,5.8,10,0,0,,2024-May-23,22:57:59
3945,2024-05-23 22:58:59,51.7443,-9.31424,5.8,10,1,1,,2024-May-23,22:58:59
3946,2024-05-23 22:59:59,51.7443,-9.31424,5.8,10,0,0,,2024-May-23,22:59:59
3947,2024-05-23 23:00:59,51.7443,-9.31424,5.8,10,0,0,,2024-May-23,23:00:59
3948,2024-05-23 23:01:59,51.7443,-9.31424,5.8,10,1,0,,2024-May-23,23:01:59
3949,2024-05-23 23:02:59,51.7443,-9.31424,5.8,9.75,0,0,,2024-May-23,23:02:59
3950,2024-05-23 23:03:59,51.7443,-9.31424,5.8,9.75,0,0,,2024-May-23,23:03:59
3951,2024-05-23 23:04:59,51.7443,-9.31424,5.8,9.75,0,0,,2024-May-23,23:04:59
3952,2024-05-23 23:05:59,51.7443,-9.31424,5.8,9.75,0,0,,2024-May-23,23:05:59
3953,2024-05-23 23:06:59,51.7443,-9.31424,5.8,9.75,0,0,,2024-May-23,23:06:59
3954,2024-05-23 23:07:59,51.7443,-9.31424,5.8,9.75,0,0,,2024-May-23,23:07:59
3955,2024-05-23 23:08:59,51.7443,-9.31424,5.8,9.5,0,1,,2024-May-23,23:08:59
3956,2024-05-23 23:09:59,51.7443,-9.31424,5.8,9.25,0,0,,2024-May-23,23:09:59
3957,2024-05-23 23:10:59,51.7443,-9.31424,5.8,9.5,0,0,,2024-May-23,23:10:59
3958,2024-05-23 23:11:59,51.7443,-9.31424,5.8,9.25,0,0,,2024-May-23,23:11:59
3959,2024-05-23 23:12:59,51.7443,-9.31424,5.8,9.5,0,0,,2024-May-23,23:12:59
3960,2024-05-23 23:13:59,51.7443,-9.31424,5.8,9.25,1,0,,2024-May-23,23:13:59
3961,2024-05-23 23:14:59,51.7443,-9.31424,5.8,9.25,1,0,,2024-May-23,23:14:59
3962,2024-05-23 23:15:59,51.7443,-9.31424,5.8,9.25,0,0,,2024-May-23,23:15:59
3963,2024-05-23 23:16:59,51.7443,-9.31424,5.8,9.5,0,0,,2024-May-23,23:16:59
3964,2024-05-23 23:17:59,51.7443,-9.31424,5.8,9,0,0,,2024-May-23,23:17:59
3965,2024-05-23 23:18:59,51.7443,-9.31424,5.8,9.25,0,0,,2024-May-23,23:18:59
3966,2024-05-23 23:19:59,51.7443,-9.31424,5.8,9.25,0,0,,2024-May-23,23:19:59
3967,2024-05-23 23:20:59,51.7443,-9.31424,5.8,9.25,0,0,,2024-May-23,23:20:59
3968,2024-05-23 23:21:59,51.7443,-9.31424,5.8,9,0,0,,2024-May-23,23:21:59
3969,2024-05-23 23:22:59,51.7443,-9.31424,5.8,9.25,0,0,,2024-May-23,23:22:59
3970,2024-05-23 23:23:59,51.7443,-9.31424,5.8,9,1,0,,2024-May-23,23:23:59
3971,2024-05-23 23:24:59,51.7443,-9.31424,5.8,9,0,0,,2024-May-23,23:24:59
3972,2024-05-23 23:25:59,51.7443,-9.31424,5.8,9.25,0,0,,2024-May-23,23:25:59
3973,2024-05-23 23:26:59,51.7443,-9.31424,5.8,8.75,0,0,,2024-May-23,23:26:59
3974,2024-05-23 23:27:59,51.7443,-9.31424,5.8,9,0,0,,2024-May-23,23:27:59
3975,2024-05-23 23:28:59,51.7443,-9.31424,5.8,8.75,0,0,,2024-May-23,23:28:59
3976,2024-05-23 23:29:59,51.7443,-9.31424,5.8,9.25,0,0,,2024-May-23,23:29:59
3977,2024-05-23 23:30:59,51.7443,-9.31424,5.8,9,0,0,,2024-May-23,23:30:59
3978,2024-05-23 23:31:59,51.7443,-9.31424,5.8,9,0,0,,2024-May-23,23:31:59
3979,2024-05-23 23:32:59,51.7443,-9.31424,5.8,8.75,0,0,,2024-May-23,23:32:59
3980,2024-05-23 23:33:59,51.7443,-9.31424,5.8,8.75,0,0,,2024-May-23,23:33:59
3981,2024-05-23 23:34:59,51.7443,-9.31424,5.8,8.75,0,0,,2024-May-23,23:34:59
3982,2024-05-23 23:35:59,51.7443,-9.31424,5.8,9,0,0,,2024-May-23,23:35:59
3983,2024-05-23 23:36:59,51.7443,-9.31424,5.8,8.75,0,0,,2024-May-23,23:36:59
3984,2024-05-23 23:37:59,51.7443,-9.31424,5.8,8.75,0,0,,2024-May-23,23:37:59
3985,2024-05-23 23:38:59,51.7443,-9.31424,5.8,9,0,0,,2024-May-23,23:38:59
3986,2024-05-23 23:39:59,51.7443,-9.31424,5.8,8.5,0,0,,2024-May-23,23:39:59
3987,2024-05-23 23:40:59,51.7443,-9.31424,5.8,8.75,0,0,,2024-May-23,23:40:59
3988,2024-05-23 23:41:59,51.7443,-9.31424,5.8,8.5,0,0,,2024-May-23,23:41:59
3989,2024-05-23 23:42:59,51.7443,-9.31424,5.8,9,0,0,,2024-May-23,23:42:59
3990,2024-05-23 23:43:59,51.7443,-9.31424,5.8,8.75,0,0,,2024-May-23,23:43:59
3991,2024-05-23 23:44:59,51.7443,-9.31424,5.8,8.5,0,0,,2024-May-23,23:44:59
3992,2024-05-23 23:45:59,51.7443,-9.31424,5.8,8.5,0,0,,2024-May-23,23:45:59
3993,2024-05-23 23:46:59,51.7443,-9.31424,5.8,8.5,0,0,,2024-May-23,23:46:59
3994,2024-05-23 23:47:59,51.7443,-9.31424,5.7,8.5,0,0,,2024-May-23,23:47:59
3995,2024-05-23 23:48:59,51.7443,-9.31424,5.8,8.5,0,0,,2024-May-23,23:48:59
3996,2024-05-23 23:49:59,51.7443,-9.31424,5.8,8.5,0,0,,2024-May-23,23:49:59
3997,2024-05-23 23:50:59,51.7443,-9.31424,5.7,8.5,0,0,,2024-May-23,23:50:59
3998,2024-05-23 23:51:59,51.7443,-9.31424,5.8,8.25,0,0,,2024-May-23,23:51:59
3999,2024-05-23 23:52:59,51.7443,-9.31424,5.8,8.25,0,0,,2024-May-23,23:52:59
4000,2024-05-23 23:53:59,51.7443,-9.31424,5.8,8.5,1,0,,2024-May-23,23:53:59
4001,2024-05-23 23:54:59,51.7443,-9.31424,5.8,8.25,0,0,,2024-May-23,23:54:59
4002,2024-05-23 23:55:59,51.7443,-9.31424,5.8,8.25,0,0,,2024-May-23,23:55:59
4003,2024-05-23 23:56:59,51.7443,-9.31424,5.7,8.25,0,0,,2024-May-23,23:56:59
4004,2024-05-23 23:57:59,51.7443,-9.31424,5.8,8.25,0,0,,2024-May-23,23:57:59
4005,2024-05-23 23:58:59,51.7443,-9.31424,5.8,8.25,0,0,,2024-May-23,23:58:59
4006,2024-05-23 23:59:59,51.7443,-9.31424,5.8,8.25,0,0,,2024-May-23,23:59:59
4007,2024-05-24 00:00:59,51.7443,-9.31424,5.7,8.25,0,0,,2024-May-24,00:00:59
4008,2024-05-24 00:01:59,51.7443,-9.31424,5.7,8.25,0,2,,2024-May-24,00:01:59
4009,2024-05-24 00:02:59,51.7443,-9.31424,5.7,8.25,0,2,,2024-May-24,00:02:59
4010,2024-05-24 00:03:59,51.7443,-9.31424,5.7,8,0,0,,2024-May-24,00:03:59
4011,2024-05-24 00:04:59,51.7443,-9.31424,5.7,8,0,1,,2024-May-24,00:04:59
4012,2024-05-24 00:05:59,51.7443,-9.31424,5.8,8,0,0,,2024-May-24,00:05:59
4013,2024-05-24 00:06:59,51.7443,-9.31424,5.7,8,0,0,,2024-May-24,00:06:59
4014,2024-05-24 00:07:59,51.7443,-9.31424,5.7,8,0,0,,2024-May-24,00:07:59
4015,2024-05-24 00:08:59,51.7443,-9.31424,5.8,7.75,0,0,,2024-May-24,00:08:59
4016,2024-05-24 00:09:59,51.7443,-9.31424,5.8,8,0,0,,2024-May-24,00:09:59
4017,2024-05-24 00:10:59,51.7443,-9.31424,5.7,8,0,0,,2024-May-24,00:10:59
4018,2024-05-24 00:11:59,51.7443,-9.31424,5.8,8,0,1,,2024-May-24,00:11:59
4019,2024-05-24 00:12:59,51.7443,-9.31424,5.7,8,0,1,,2024-May-24,00:12:59
4020,2024-05-24 00:13:59,51.7443,-9.31424,5.7,7.75,0,0,,2024-May-24,00:13:59
4021,2024-05-24 00:14:59,51.7443,-9.31424,5.7,7.75,0,0,,2024-May-24,00:14:59
4022,2024-05-24 00:15:59,51.7443,-9.31424,5.7,7.75,0,0,,2024-May-24,00:15:59
4023,2024-05-24 00:16:59,51.7443,-9.31424,5.7,7.75,0,0,,2024-May-24,00:16:59
4024,2024-05-24 00:17:59,51.7443,-9.31424,5.7,7.75,0,0,,2024-May-24,00:17:59
4025,2024-05-24 00:18:59,51.7443,-9.31424,5.7,7.75,0,0,,2024-May-24,00:18:59
4026,2024-05-24 00:19:59,51.7443,-9.31424,5.7,7.75,0,1,,2024-May-24,00:19:59
4027,2024-05-24 00:20:59,51.7443,-9.31424,5.7,7.75,0,1,,2024-May-24,00:20:59
4028,2024-05-24 00:21:59,51.7443,-9.31424,5.8,7.5,0,1,,2024-May-24,00:21:59
4029,2024-05-24 00:22:59,51.7443,-9.31424,5.7,7.75,0,1,,2024-May-24,00:22:59
4030,2024-05-24 00:23:59,51.7443,-9.31424,5.7,7.5,0,0,,2024-May-24,00:23:59
4031,2024-05-24 00:24:59,51.7443,-9.31424,5.7,7.5,0,0,,2024-May-24,00:24:59
4032,2024-05-24 00:25:59,51.7443,-9.31424,5.7,7.5,0,0,,2024-May-24,00:25:59
4033,2024-05-24 00:26:59,51.7443,-9.31424,5.7,7.5,0,1,,2024-May-24,00:26:59
4034,2024-05-24 00:27:59,51.7443,-9.31424,5.7,7.25,0,4,,2024-May-24,00:27:59
4035,2024-05-24 00:28:59,51.7443,-9.31424,5.7,7.25,0,1,,2024-May-24,00:28:59
4036,2024-05-24 00:29:59,51.7443,-9.31424,5.7,7.5,0,1,,2024-May-24,00:29:59
4037,2024-05-24 00:30:59,51.7443,-9.31424,5.7,7.25,0,0,,2024-May-24,00:30:59
4038,2024-05-24 00:31:59,51.7443,-9.31424,5.7,7.25,0,0,,2024-May-24,00:31:59
4039,2024-05-24 00:32:59,51.7443,-9.31424,5.7,7.25,0,0,,2024-May-24,00:32:59
4040,2024-05-24 00:33:59,51.7443,-9.31424,5.7,7.25,0,0,,2024-May-24,00:33:59
4041,2024-05-24 00:34:59,51.7443,-9.31424,5.7,7.25,0,0,,2024-May-24,00:34:59
4042,2024-05-24 00:35:59,51.7443,-9.31424,5.7,7,0,0,,2024-May-24,00:35:59
4043,2024-05-24 00:36:59,51.7443,-9.31424,5.7,7.25,0,0,,2024-May-24,00:36:59
4044,2024-05-24 00:37:59,51.7443,-9.31424,5.7,7,0,0,,2024-May-24,00:37:59
4045,2024-05-24 00:38:59,51.7443,-9.31424,5.7,7,0,0,,2024-May-24,00:38:59
4046,2024-05-24 00:39:59,51.7443,-9.31424,5.7,7,0,0,,2024-May-24,00:39:59
4047,2024-05-24 00:40:59,51.7443,-9.31424,5.7,7,0,2,,2024-May-24,00:40:59
4048,2024-05-24 00:41:59,51.7443,-9.31424,5.7,7,0,1,,2024-May-24,00:41:59
4049,2024-05-24 00:42:59,51.7443,-9.31424,5.7,6.75,0,2,,2024-May-24,00:42:59
4050,2024-05-24 00:43:59,51.7443,-9.31424,5.7,6.75,0,0,,2024-May-24,00:43:59
4051,2024-05-24 00:44:59,51.7443,-9.31424,5.7,6.75,0,0,,2024-May-24,00:44:59
4052,2024-05-24 00:45:59,51.7443,-9.31424,5.7,6.75,0,0,,2024-May-24,00:45:59
4053,2024-05-24 00:46:59,51.7443,-9.31424,5.7,6.75,0,0,,2024-May-24,00:46:59
4054,2024-05-24 00:47:59,51.7443,-9.31424,5.7,6.75,0,0,,2024-May-24,00:47:59
4055,2024-05-24 00:48:59,51.7443,-9.31424,5.7,6.75,0,1,,2024-May-24,00:48:59
4056,2024-05-24 00:49:59,51.7443,-9.31424,5.7,6.5,0,2,,2024-May-24,00:49:59
4057,2024-05-24 00:50:59,51.7443,-9.31424,5.6,6.75,0,2,,2024-May-24,00:50:59
4058,2024-05-24 00:51:59,51.7443,-9.31424,5.7,6.5,0,2,,2024-May-24,00:51:59
4059,2024-05-24 00:52:59,51.7443,-9.31424,5.7,6.5,0,0,,2024-May-24,00:52:59
4060,2024-05-24 00:53:59,51.7443,-9.31424,5.7,6.5,0,1,,2024-May-24,00:53:59
4061,2024-05-24 00:54:59,51.7443,-9.31424,5.7,6.5,0,0,,2024-May-24,00:54:59
4062,2024-05-24 00:55:59,51.7443,-9.31424,5.7,6.5,0,0,,2024-May-24,00:55:59
4063,2024-05-24 00:56:59,51.7443,-9.31424,5.7,6.5,0,0,,2024-May-24,00:56:59
4064,2024-05-24 00:57:59,51.7443,-9.31424,5.7,6.5,0,0,,2024-May-24,00:57:59
4065,2024-05-24 00:58:59,51.7443,-9.31424,5.7,6.5,0,1,,2024-May-24,00:58:59
4066,2024-05-24 00:59:59,51.7443,-9.31424,5.7,6.5,0,2,,2024-May-24,00:59:59
4067,2024-05-24 01:00:59,51.7443,-9.31424,5.7,6.5,0,0,,2024-May-24,01:00:59
4068,2024-05-24 01:01:59,51.7443,-9.31424,5.7,6.5,0,0,,2024-May-24,01:01:59
4069,2024-05-24 01:02:59,51.7443,-9.31424,5.7,6.25,0,0,,2024-May-24,01:02:59
4070,2024-05-24 01:03:59,51.7443,-9.31424,5.7,6.25,0,0,,2024-May-24,01:03:59
4071,2024-05-24 01:04:59,51.7443,-9.31424,5.7,6.5,0,0,,2024-May-24,01:04:59
4072,2024-05-24 01:05:59,51.7443,-9.31424,5.7,6.25,0,0,,2024-May-24,01:05:59
4073,2024-05-24 01:06:59,51.7443,-9.31424,5.7,6.25,0,0,,2024-May-24,01:06:59
4074,2024-05-24 01:07:59,51.7443,-9.31424,5.7,6.5,0,0,,2024-May-24,01:07:59
4075,2024-05-24 01:08:59,51.7443,-9.31424,5.7,6.25,0,0,,2024-May-24,01:08:59
4076,2024-05-24 01:09:59,51.7443,-9.31424,5.7,6.25,0,0,,2024-May-24,01:09:59
4077,2024-05-24 01:10:59,51.7443,-9.31424,5.7,6.25,0,0,,2024-May-24,01:10:59
4078,2024-05-24 01:11:59,51.7443,-9.31424,5.7,6.25,0,0,,2024-May-24,01:11:59
4079,2024-05-24 01:12:59,51.7443,-9.31424,5.7,6.25,0,0,,2024-May-24,01:12:59
4080,2024-05-24 01:13:59,51.7443,-9.31424,5.7,6.25,0,0,,2024-May-24,01:13:59
4081,2024-05-24 01:14:59,51.7443,-9.31424,5.7,6.25,0,0,,2024-May-24,01:14:59
4082,2024-05-24 01:15:59,51.7443,-9.31424,5.7,6.25,0,0,,2024-May-24,01:15:59
4083,2024-05-24 01:16:59,51.7443,-9.31424,5.7,6,0,0,,2024-May-24,01:16:59
4084,2024-05-24 01:17:59,51.7443,-9.31424,5.7,6.25,0,0,,2024-May-24,01:17:59
4085,2024-05-24 01:18:59,51.7443,-9.31424,5.7,6.25,0,0,,2024-May-24,01:18:59
4086,2024-05-24 01:19:59,51.7443,-9.31424,5.7,6,0,0,,2024-May-24,01:19:59
4087,2024-05-24 01:20:59,51.7443,-9.31424,5.7,6,0,0,,2024-May-24,01:20:59
4088,2024-05-24 01:21:59,51.7443,-9.31424,5.7,6,0,0,,2024-May-24,01:21:59
4089,2024-05-24 01:22:59,51.7443,-9.31424,5.7,6,0,0,,2024-May-24,01:22:59
4090,2024-05-24 01:23:59,51.7443,-9.31424,5.7,6,0,0,,2024-May-24,01:23:59
4091,2024-05-24 01:24:59,51.7443,-9.31424,5.7,6,0,0,,2024-May-24,01:24:59
4092,2024-05-24 01:25:59,51.7443,-9.31424,5.7,6,0,0,,2024-May-24,01:25:59
4093,2024-05-24 01:26:59,51.7443,-9.31424,5.7,6,0,0,,2024-May-24,01:26:59
4094,2024-05-24 01:27:59,51.7443,-9.31424,5.7,6,0,0,,2024-May-24,01:27:59
4095,2024-05-24 01:28:59,51.7443,-9.31424,5.7,6,0,0,,2024-May-24,01:28:59
4096,2024-05-24 01:29:59,51.7443,-9.31424,5.7,5.75,0,1,,2024-May-24,01:29:59
4097,2024-05-24 01:30:59,51.7443,-9.31424,5.7,5.75,0,0,,2024-May-24,01:30:59
4098,2024-05-24 01:31:59,51.7443,-9.31424,5.7,6,0,1,,2024-May-24,01:31:59
4099,2024-05-24 01:32:59,51.7443,-9.31424,5.7,5.75,0,1,,2024-May-24,01:32:59
4100,2024-05-24 01:33:59,51.7443,-9.31424,5.7,5.75,0,1,,2024-May-24,01:33:59
4101,2024-05-24 01:34:59,51.7443,-9.31424,5.7,5.75,0,1,,2024-May-24,01:34:59
4102,2024-05-24 01:35:59,51.7443,-9.31424,5.7,6,0,1,,2024-May-24,01:35:59
4103,2024-05-24 01:36:59,51.7443,-9.31424,5.7,5.75,0,2,,2024-May-24,01:36:59
4104,2024-05-24 01:37:59,51.7443,-9.31424,5.7,5.75,0,0,,2024-May-24,01:37:59
4105,2024-05-24 01:38:59,51.7443,-9.31424,5.7,5.75,0,0,,2024-May-24,01:38:59
4106,2024-05-24 01:39:59,51.7443,-9.31424,5.7,5.75,0,0,,2024-May-24,01:39:59
4107,2024-05-24 01:40:59,51.7443,-9.31424,5.7,5.75,0,0,,2024-May-24,01:40:59
4108,2024-05-24 01:41:59,51.7443,-9.31424,5.7,6,0,0,,2024-May-24,01:41:59
4109,2024-05-24 01:42:59,51.7443,-9.31424,5.7,5.75,0,0,,2024-May-24,01:42:59
4110,2024-05-24 01:43:59,51.7443,-9.31424,5.7,5.75,0,0,,2024-May-24,01:43:59
4111,2024-05-24 01:44:59,51.7443,-9.31424,5.7,5.75,0,0,,2024-May-24,01:44:59
4112,2024-05-24 01:45:59,51.7443,-9.31424,5.7,5.75,0,0,,2024-May-24,01:45:59
4113,2024-05-24 01:46:59,51.7443,-9.31424,5.7,5.75,0,0,,2024-May-24,01:46:59
4114,2024-05-24 01:47:59,51.7443,-9.31424,5.7,5.75,0,0,,2024-May-24,01:47:59
4115,2024-05-24 01:48:59,51.7443,-9.31424,5.7,5.75,0,0,,2024-May-24,01:48:59
4116,2024-05-24 01:49:59,51.7443,-9.31424,5.7,6,0,0,,2024-May-24,01:49:59
4117,2024-05-24 01:50:59,51.7443,-9.31424,5.7,5.75,0,0,,2024-May-24,01:50:59
4118,2024-05-24 01:51:59,51.7443,-9.31424,5.7,5.75,0,0,,2024-May-24,01:51:59
4119,2024-05-24 01:52:59,51.7443,-9.31424,5.7,5.75,0,0,,2024-May-24,01:52:59
4120,2024-05-24 01:53:59,51.7443,-9.31424,5.7,5.75,0,0,,2024-May-24,01:53:59
4121,2024-05-24 01:54:59,51.7443,-9.31424,5.7,5.75,0,0,,2024-May-24,01:54:59
4122,2024-05-24 01:55:59,51.7443,-9.31424,5.7,5.75,0,0,,2024-May-24,01:55:59
4123,2024-05-24 01:56:59,51.7443,-9.31424,5.7,5.75,0,0,,2024-May-24,01:56:59
4124,2024-05-24 01:57:59,51.7443,-9.31424,5.7,5.75,0,0,,2024-May-24,01:57:59
4125,2024-05-24 01:58:59,51.7443,-9.31424,5.7,5.75,0,0,,2024-May-24,01:58:59
4126,2024-05-24 01:59:59,51.7443,-9.31424,5.7,5.75,0,0,,2024-May-24,01:59:59
4127,2024-05-24 02:00:59,51.7443,-9.31424,5.7,5.75,0,0,,2024-May-24,02:00:59
4128,2024-05-24 02:01:59,51.7443,-9.31424,5.7,5.75,0,0,,2024-May-24,02:01:59
4129,2024-05-24 02:02:59,51.7443,-9.31424,5.7,5.75,0,0,,2024-May-24,02:02:59
4130,2024-05-24 02:03:59,51.7443,-9.31424,5.7,5.5,0,0,,2024-May-24,02:03:59
4131,2024-05-24 02:04:59,51.7443,-9.31424,5.7,5.5,0,0,,2024-May-24,02:04:59
4132,2024-05-24 02:05:59,51.7443,-9.31424,5.7,5.75,0,0,,2024-May-24,02:05:59
4133,2024-05-24 02:06:59,51.7443,-9.31424,5.7,5.75,0,0,,2024-May-24,02:06:59
4134,2024-05-24 02:07:59,51.7443,-9.31424,5.7,5.75,0,0,,2024-May-24,02:07:59
4135,2024-05-24 02:08:59,51.7443,-9.31424,5.7,5.75,0,0,,2024-May-24,02:08:59
4136,2024-05-24 02:09:59,51.7443,-9.31424,5.7,5.5,0,0,,2024-May-24,02:09:59
4137,2024-05-24 02:10:59,51.7443,-9.31424,5.7,5.5,0,0,,2024-May-24,02:10:59
4138,2024-05-24 02:11:59,51.7443,-9.31424,5.7,5.5,0,0,,2024-May-24,02:11:59
4139,2024-05-24 02:12:59,51.7443,-9.31424,5.7,5.5,0,0,,2024-May-24,02:12:59
4140,2024-05-24 02:14:01,51.7443,-9.31424,5.7,5.75,0,1,,2024-May-24,02:14:01
4141,2024-05-24 02:15:01,51.7443,-9.31424,5.7,5.75,0,0,,2024-May-24,02:15:01
4142,2024-05-24 02:16:01,51.7443,-9.31424,5.7,5.75,0,1,,2024-May-24,02:16:01
4143,2024-05-24 02:17:01,51.7443,-9.31424,5.7,5.5,0,2,,2024-May-24,02:17:01
4144,2024-05-24 02:18:01,51.7443,-9.31424,5.7,5.75,0,1,,2024-May-24,02:18:01
4145,2024-05-24 02:19:01,51.7443,-9.31424,5.7,5.75,0,0,,2024-May-24,02:19:01
4146,2024-05-24 02:20:01,51.7443,-9.31424,5.7,5.75,0,1,,2024-May-24,02:20:01
4147,2024-05-24 02:21:01,51.7443,-9.31424,5.7,5.75,0,0,,2024-May-24,02:21:01
4148,2024-05-24 02:22:01,51.7443,-9.31424,5.7,5.75,0,0,,2024-May-24,02:22:01
4149,2024-05-24 02:23:01,51.7443,-9.31424,5.7,5.75,0,0,,2024-May-24,02:23:01
4150,2024-05-24 02:24:01,51.7443,-9.31424,5.7,5.75,0,1,,2024-May-24,02:24:01
4151,2024-05-24 02:25:01,51.7443,-9.31424,5.7,5.75,0,0,,2024-May-24,02:25:01
4152,2024-05-24 02:26:01,51.7443,-9.31424,5.7,5.75,0,0,,2024-May-24,02:26:01
4153,2024-05-24 02:27:01,51.7443,-9.31424,5.7,6,0,0,,2024-May-24,02:27:01
4154,2024-05-24 02:28:01,51.7443,-9.31424,5.7,6,0,0,,2024-May-24,02:28:01
4155,2024-05-24 02:29:01,51.7443,-9.31424,5.7,6,0,0,,2024-May-24,02:29:01
4156,2024-05-24 02:30:01,51.7443,-9.31424,5.7,6,0,0,,2024-May-24,02:30:01
4157,2024-05-24 02:31:01,51.7443,-9.31424,5.7,6,0,0,,2024-May-24,02:31:01
4158,2024-05-24 02:32:01,51.7443,-9.31424,5.7,6,0,0,,2024-May-24,02:32:01
4159,2024-05-24 02:33:01,51.7443,-9.31424,5.7,6,0,0,,2024-May-24,02:33:01
4160,2024-05-24 02:34:01,51.7443,-9.31424,5.7,6,0,0,,2024-May-24,02:34:01
4161,2024-05-24 02:35:01,51.7443,-9.31424,5.7,6,0,0,,2024-May-24,02:35:01
4162,2024-05-24 02:36:01,51.7443,-9.31424,5.7,6.25,0,0,,2024-May-24,02:36:01
4163,2024-05-24 02:37:01,51.7443,-9.31424,5.7,6.25,0,1,,2024-May-24,02:37:01
4164,2024-05-24 02:38:01,51.7443,-9.31424,5.7,6.25,0,2,,2024-May-24,02:38:01
4165,2024-05-24 02:39:01,51.7443,-9.31424,5.7,6.25,0,0,,2024-May-24,02:39:01
4166,2024-05-24 02:40:01,51.7443,-9.31424,5.7,6.25,0,0,,2024-May-24,02:40:01
4167,2024-05-24 02:41:01,51.7443,-9.31424,5.7,6.25,0,0,,2024-May-24,02:41:01
4168,2024-05-24 02:42:01,51.7443,-9.31424,5.7,6.25,0,0,,2024-May-24,02:42:01
4169,2024-05-24 02:43:01,51.7443,-9.31424,5.7,6.25,0,0,,2024-May-24,02:43:01
4170,2024-05-24 02:44:01,51.7443,-9.31424,5.7,6.25,0,0,,2024-May-24,02:44:01
4171,2024-05-24 02:45:01,51.7443,-9.31424,5.7,6.5,1,2,,2024-May-24,02:45:01
4172,2024-05-24 02:46:01,51.7443,-9.31424,5.7,6.5,0,0,,2024-May-24,02:46:01
4173,2024-05-24 02:47:01,51.7443,-9.31424,5.7,6.5,0,0,,2024-May-24,02:47:01
4174,2024-05-24 02:48:01,51.7443,-9.31424,5.7,6.5,0,0,,2024-May-24,02:48:01
4175,2024-05-24 02:49:01,51.7443,-9.31424,5.7,6.5,0,0,,2024-May-24,02:49:01
4176,2024-05-24 02:50:01,51.7443,-9.31424,5.7,6.5,0,0,,2024-May-24,02:50:01
4177,2024-05-24 02:51:01,51.7443,-9.31424,5.7,6.5,0,1,,2024-May-24,02:51:01
4178,2024-05-24 02:52:01,51.7443,-9.31424,5.7,6.5,0,0,,2024-May-24,02:52:01
4179,2024-05-24 02:53:01,51.7443,-9.31424,5.7,6.5,0,0,,2024-May-24,02:53:01
4180,2024-05-24 02:54:01,51.7443,-9.31424,5.7,6.5,0,0,,2024-May-24,02:54:01
4181,2024-05-24 02:55:01,51.7443,-9.31424,5.7,6.75,0,0,,2024-May-24,02:55:01
4182,2024-05-24 02:56:01,51.7443,-9.31424,5.7,6.5,0,0,,2024-May-24,02:56:01
4183,2024-05-24 02:57:01,51.7443,-9.31424,5.7,6.75,0,0,,2024-May-24,02:57:01
4184,2024-05-24 02:58:01,51.7443,-9.31424,5.7,6.75,1,0,,2024-May-24,02:58:01
4185,2024-05-24 02:59:01,51.7443,-9.31424,5.7,6.75,0,0,,2024-May-24,02:59:01
4186,2024-05-24 03:00:01,51.7443,-9.31424,5.7,6.75,0,0,,2024-May-24,03:00:01
4187,2024-05-24 03:01:01,51.7443,-9.31424,5.7,6.75,0,0,,2024-May-24,03:01:01
4188,2024-05-24 03:02:01,51.7443,-9.31424,5.7,6.75,0,0,,2024-May-24,03:02:01
4189,2024-05-24 03:03:01,51.7443,-9.31424,5.7,6.75,0,0,,2024-May-24,03:03:01
4190,2024-05-24 03:04:01,51.7443,-9.31424,5.7,6.75,0,0,,2024-May-24,03:04:01
4191,2024-05-24 03:05:01,51.7443,-9.31424,5.7,6.75,0,0,,2024-May-24,03:05:01
4192,2024-05-24 03:06:01,51.7443,-9.31424,5.7,6.75,0,0,,2024-May-24,03:06:01
4193,2024-05-24 03:07:01,51.7443,-9.31424,5.7,6.75,0,0,,2024-May-24,03:07:01
4194,2024-05-24 03:08:01,51.7443,-9.31424,5.7,6.75,0,0,,2024-May-24,03:08:01
4195,2024-05-24 03:09:01,51.7443,-9.31424,5.7,6.75,0,0,,2024-May-24,03:09:01
4196,2024-05-24 03:10:01,51.7443,-9.31424,5.7,6.75,0,0,,2024-May-24,03:10:01
4197,2024-05-24 03:11:01,51.7443,-9.31424,5.7,7,0,0,,2024-May-24,03:11:01
4198,2024-05-24 03:12:01,51.7443,-9.31424,5.7,7,0,0,,2024-May-24,03:12:01
4199,2024-05-24 03:13:01,51.7443,-9.31424,5.7,7,0,0,,2024-May-24,03:13:01
4200,2024-05-24 03:14:01,51.7443,-9.31424,5.7,7,0,0,,2024-May-24,03:14:01
4201,2024-05-24 03:15:01,51.7443,-9.31424,5.7,7,0,0,,2024-May-24,03:15:01
4202,2024-05-24 03:16:01,51.7443,-9.31424,5.7,7,0,0,,2024-May-24,03:16:01
4203,2024-05-24 03:17:01,51.7443,-9.31424,5.7,7,0,0,,2024-May-24,03:17:01
4204,2024-05-24 03:18:01,51.7443,-9.31424,5.7,7,1,0,,2024-May-24,03:18:01
4205,2024-05-24 03:19:01,51.7443,-9.31424,5.7,7,0,0,,2024-May-24,03:19:01
4206,2024-05-24 03:20:01,51.7443,-9.31424,5.7,7.25,0,0,,2024-May-24,03:20:01
4207,2024-05-24 03:21:01,51.7443,-9.31424,5.7,7,0,0,,2024-May-24,03:21:01
4208,2024-05-24 03:22:01,51.7443,-9.31424,5.7,7.25,0,0,,2024-May-24,03:22:01
4209,2024-05-24 03:23:01,51.7443,-9.31424,5.7,7,0,0,,2024-May-24,03:23:01
4210,2024-05-24 03:24:01,51.7443,-9.31424,5.7,7,0,0,,2024-May-24,03:24:01
4211,2024-05-24 03:25:01,51.7443,-9.31424,5.7,7,0,0,,2024-May-24,03:25:01
4212,2024-05-24 03:26:01,51.7443,-9.31424,5.7,7.25,0,0,,2024-May-24,03:26:01
4213,2024-05-24 03:27:01,51.7443,-9.31424,5.7,7.25,0,0,,2024-May-24,03:27:01
4214,2024-05-24 03:28:01,51.7443,-9.31424,5.7,7,0,0,,2024-May-24,03:28:01
4215,2024-05-24 03:29:01,51.7443,-9.31424,5.7,7.25,0,0,,2024-May-24,03:29:01
4216,2024-05-24 03:30:01,51.7443,-9.31424,5.7,7.25,0,0,,2024-May-24,03:30:01
4217,2024-05-24 03:31:01,51.7443,-9.31424,5.7,7.25,0,0,,2024-May-24,03:31:01
4218,2024-05-24 03:32:01,51.7443,-9.31424,5.7,7.25,0,0,,2024-May-24,03:32:01
4219,2024-05-24 03:33:01,51.7443,-9.31424,5.7,7.25,0,0,,2024-May-24,03:33:01
4220,2024-05-24 03:34:01,51.7443,-9.31424,5.7,7.25,0,0,,2024-May-24,03:34:01
4221,2024-05-24 03:35:01,51.7443,-9.31424,5.7,7.25,0,0,,2024-May-24,03:35:01
4222,2024-05-24 03:36:01,51.7443,-9.31424,5.7,7.25,0,0,,2024-May-24,03:36:01
4223,2024-05-24 03:37:01,51.7443,-9.31424,5.7,7.25,0,0,,2024-May-24,03:37:01
4224,2024-05-24 03:38:01,51.7443,-9.31424,5.7,7.25,0,0,,2024-May-24,03:38:01
4225,2024-05-24 03:39:01,51.7443,-9.31424,5.7,7.25,0,0,,2024-May-24,03:39:01
4226,2024-05-24 03:40:01,51.7443,-9.31424,5.7,7.25,0,0,,2024-May-24,03:40:01
4227,2024-05-24 03:41:01,51.7443,-9.31424,5.7,7.25,0,0,,2024-May-24,03:41:01
4228,2024-05-24 03:42:01,51.7443,-9.31424,5.7,7.25,0,0,,2024-May-24,03:42:01
4229,2024-05-24 03:43:01,51.7443,-9.31424,5.7,7.25,0,0,,2024-May-24,03:43:01
4230,2024-05-24 03:44:01,51.7443,-9.31424,5.7,7.5,0,0,,2024-May-24,03:44:01
4231,2024-05-24 03:45:01,51.7443,-9.31424,5.7,7.25,0,0,,2024-May-24,03:45:01
4232,2024-05-24 03:46:01,51.7443,-9.31424,5.7,7.5,0,0,,2024-May-24,03:46:01
4233,2024-05-24 03:47:01,51.7443,-9.31424,5.7,7.5,0,0,,2024-May-24,03:47:01
4234,2024-05-24 03:48:01,51.7443,-9.31424,5.7,7.5,0,0,,2024-May-24,03:48:01
4235,2024-05-24 03:49:01,51.7443,-9.31424,5.7,7.5,0,0,,2024-May-24,03:49:01
4236,2024-05-24 03:50:01,51.7443,-9.31424,5.7,7.5,0,0,,2024-May-24,03:50:01
4237,2024-05-24 03:51:01,51.7443,-9.31424,5.7,7.5,0,0,,2024-May-24,03:51:01
4238,2024-05-24 03:52:01,51.7443,-9.31424,5.7,7.5,0,0,,2024-May-24,03:52:01
4239,2024-05-24 03:53:01,51.7443,-9.31424,5.7,7.5,0,0,,2024-May-24,03:53:01
4240,2024-05-24 03:54:01,51.7443,-9.31424,5.7,7.5,0,0,,2024-May-24,03:54:01
4241,2024-05-24 03:55:01,51.7443,-9.31424,5.7,7.5,0,0,,2024-May-24,03:55:01
4242,2024-05-24 03:56:01,51.7443,-9.31424,5.7,7.5,0,0,,2024-May-24,03:56:01
4243,2024-05-24 03:57:01,51.7443,-9.31424,5.7,7.5,0,0,,2024-May-24,03:57:01
4244,2024-05-24 03:58:01,51.7443,-9.31424,5.7,7.5,0,0,,2024-May-24,03:58:01
4245,2024-05-24 03:59:01,51.7443,-9.31424,5.7,7.5,0,0,,2024-May-24,03:59:01
4246,2024-05-24 04:00:01,51.7443,-9.31424,5.7,7.5,0,0,,2024-May-24,04:00:01
4247,2024-05-24 04:01:01,51.7443,-9.31424,5.7,7.75,0,0,,2024-May-24,04:01:01
4248,2024-05-24 04:02:01,51.7443,-9.31424,5.7,7.5,0,0,,2024-May-24,04:02:01
4249,2024-05-24 04:03:01,51.7443,-9.31424,5.7,7.5,0,0,,2024-May-24,04:03:01
4250,2024-05-24 04:04:01,51.7443,-9.31424,5.7,7.75,0,0,,2024-May-24,04:04:01
4251,2024-05-24 04:05:01,51.7443,-9.31424,5.7,7.5,0,0,,2024-May-24,04:05:01
4252,2024-05-24 04:06:01,51.7443,-9.31424,5.7,7.5,0,0,,2024-May-24,04:06:01
4253,2024-05-24 04:07:01,51.7443,-9.31424,5.7,7.5,0,0,,2024-May-24,04:07:01
4254,2024-05-24 04:08:01,51.7443,-9.31424,5.7,7.75,0,0,,2024-May-24,04:08:01
4255,2024-05-24 04:09:01,51.7443,-9.31424,5.7,7.75,0,0,,2024-May-24,04:09:01
4256,2024-05-24 04:10:01,51.7443,-9.31424,5.7,7.5,0,0,,2024-May-24,04:10:01
4257,2024-05-24 04:11:01,51.7443,-9.31424,5.7,7.5,0,0,,2024-May-24,04:11:01
4258,2024-05-24 04:12:01,51.7443,-9.31424,5.7,7.75,0,0,,2024-May-24,04:12:01
4259,2024-05-24 04:13:01,51.7443,-9.31424,5.7,7.75,0,0,,2024-May-24,04:13:01
4260,2024-05-24 04:14:01,51.7443,-9.31424,5.7,7.5,0,0,,2024-May-24,04:14:01
4261,2024-05-24 04:15:01,51.7443,-9.31424,5.7,7.75,0,0,,2024-May-24,04:15:01
4262,2024-05-24 04:16:01,51.7443,-9.31424,5.7,7.75,0,0,,2024-May-24,04:16:01
4263,2024-05-24 04:17:01,51.7443,-9.31424,5.7,7.5,0,0,,2024-May-24,04:17:01
4264,2024-05-24 04:18:01,51.7443,-9.31424,5.7,7.75,0,0,,2024-May-24,04:18:01
4265,2024-05-24 04:19:01,51.7443,-9.31424,5.7,7.5,0,0,,2024-May-24,04:19:01
4266,2024-05-24 04:20:01,51.7443,-9.31424,5.7,7.75,0,0,,2024-May-24,04:20:01
4267,2024-05-24 04:21:01,51.7443,-9.31424,5.7,7.75,0,0,,2024-May-24,04:21:01
4268,2024-05-24 04:22:01,51.7443,-9.31424,5.7,7.5,0,0,,2024-May-24,04:22:01
4269,2024-05-24 04:23:01,51.7443,-9.31424,5.7,7.75,0,0,,2024-May-24,04:23:01
4270,2024-05-24 04:24:01,51.7443,-9.31424,5.7,7.75,0,0,,2024-May-24,04:24:01
4271,2024-05-24 04:25:01,51.7443,-9.31424,5.7,7.75,0,0,,2024-May-24,04:25:01
4272,2024-05-24 04:26:01,51.7443,-9.31424,5.7,7.75,0,0,,2024-May-24,04:26:01
4273,2024-05-24 04:27:01,51.7443,-9.31424,5.7,7.75,0,0,,2024-May-24,04:27:01
4274,2024-05-24 04:28:01,51.7443,-9.31424,5.7,8,0,0,,2024-May-24,04:28:01
4275,2024-05-24 04:29:01,51.7443,-9.31424,5.7,7.75,0,0,,2024-May-24,04:29:01
4276,2024-05-24 04:30:01,51.7443,-9.31424,5.7,8,0,0,,2024-May-24,04:30:01
4277,2024-05-24 04:31:01,51.7443,-9.31424,5.7,7.75,0,0,,2024-May-24,04:31:01
4278,2024-05-24 04:32:01,51.7443,-9.31424,5.7,7.75,0,0,,2024-May-24,04:32:01
4279,2024-05-24 04:33:01,51.7443,-9.31424,5.7,7.75,0,0,,2024-May-24,04:33:01
4280,2024-05-24 04:34:01,51.7443,-9.31424,5.7,7.75,0,0,,2024-May-24,04:34:01
4281,2024-05-24 04:35:01,51.7443,-9.31424,5.7,7.75,0,0,,2024-May-24,04:35:01
4282,2024-05-24 04:36:01,51.7443,-9.31424,5.7,8,0,0,,2024-May-24,04:36:01
4283,2024-05-24 04:37:01,51.7443,-9.31424,5.7,7.75,0,0,,2024-May-24,04:37:01
4284,2024-05-24 04:38:01,51.7443,-9.31424,5.7,7.75,0,0,,2024-May-24,04:38:01
4285,2024-05-24 04:39:01,51.7443,-9.31424,5.7,7.75,0,0,,2024-May-24,04:39:01
4286,2024-05-24 04:40:01,51.7443,-9.31424,5.7,7.75,0,0,,2024-May-24,04:40:01
4287,2024-05-24 04:41:01,51.7443,-9.31424,5.7,8,0,0,,2024-May-24,04:41:01
4288,2024-05-24 04:42:01,51.7443,-9.31424,5.7,7.75,0,0,,2024-May-24,04:42:01
4289,2024-05-24 04:43:01,51.7443,-9.31424,5.7,8,0,0,,2024-May-24,04:43:01
4290,2024-05-24 04:44:01,51.7443,-9.31424,5.7,7.75,0,0,,2024-May-24,04:44:01
4291,2024-05-24 04:45:01,51.7443,-9.31424,5.7,7.75,0,0,,2024-May-24,04:45:01
4292,2024-05-24 04:46:01,51.7443,-9.31424,5.7,8,0,0,,2024-May-24,04:46:01
4293,2024-05-24 04:47:01,51.7443,-9.31424,5.7,7.75,0,0,,2024-May-24,04:47:01
4294,2024-05-24 04:48:01,51.7443,-9.31424,5.7,7.75,0,0,,2024-May-24,04:48:01
4295,2024-05-24 04:49:01,51.7443,-9.31424,5.7,8,0,0,,2024-May-24,04:49:01
4296,2024-05-24 04:50:01,51.7443,-9.31424,5.7,8,0,0,,2024-May-24,04:50:01
4297,2024-05-24 04:51:01,51.7443,-9.31424,5.6,8,1,0,,2024-May-24,04:51:01
4298,2024-05-24 04:52:01,51.7443,-9.31424,5.7,8,1,0,,2024-May-24,04:52:01
4299,2024-05-24 04:53:01,51.7443,-9.31424,5.7,8,0,0,,2024-May-24,04:53:01
4300,2024-05-24 04:54:01,51.7443,-9.31424,5.7,8,0,0,,2024-May-24,04:54:01
4301,2024-05-24 04:55:01,51.7443,-9.31424,5.7,7.75,0,0,,2024-May-24,04:55:01
4302,2024-05-24 04:56:01,51.7443,-9.31424,5.7,8,0,0,,2024-May-24,04:56:01
4303,2024-05-24 04:57:01,51.7443,-9.31424,5.7,8,0,0,,2024-May-24,04:57:01
4304,2024-05-24 04:58:01,51.7443,-9.31424,5.7,8,0,0,,2024-May-24,04:58:01
4305,2024-05-24 04:59:01,51.7443,-9.31424,5.7,8,0,0,,2024-May-24,04:59:01
4306,2024-05-24 05:00:01,51.7443,-9.31424,5.7,8,0,0,,2024-May-24,05:00:01
4307,2024-05-24 05:01:01,51.7443,-9.31424,5.7,8,0,0,,2024-May-24,05:01:01
4308,2024-05-24 05:02:01,51.7443,-9.31424,5.7,8,0,0,,2024-May-24,05:02:01
4309,2024-05-24 05:03:01,51.7443,-9.31424,5.7,8,0,0,,2024-May-24,05:03:01
4310,2024-05-24 05:04:01,51.7443,-9.31424,5.7,8,0,0,,2024-May-24,05:04:01
4311,2024-05-24 05:05:01,51.7443,-9.31424,5.7,8,0,0,,2024-May-24,05:05:01
4312,2024-05-24 05:06:01,51.7443,-9.31424,5.7,8,0,0,,2024-May-24,05:06:01
4313,2024-05-24 05:07:01,51.7443,-9.31424,5.7,8,0,0,,2024-May-24,05:07:01
4314,2024-05-24 05:08:01,51.7443,-9.31424,5.7,8,0,0,,2024-May-24,05:08:01
4315,2024-05-24 05:09:01,51.7443,-9.31424,5.7,8,0,0,,2024-May-24,05:09:01
4316,2024-05-24 05:10:01,51.7443,-9.31424,5.7,8,0,0,,2024-May-24,05:10:01
4317,2024-05-24 05:11:01,51.7443,-9.31424,5.7,8,0,0,,2024-May-24,05:11:01
4318,2024-05-24 05:12:01,51.7443,-9.31424,5.7,8,0,0,,2024-May-24,05:12:01
4319,2024-05-24 05:13:01,51.7443,-9.31424,5.7,8,0,0,,2024-May-24,05:13:01
4320,2024-05-24 05:14:01,51.7443,-9.31424,5.7,8,0,0,,2024-May-24,05:14:01
4321,2024-05-24 05:15:01,51.7443,-9.31424,5.7,8,0,0,,2024-May-24,05:15:01
4322,2024-05-24 05:16:01,51.7443,-9.31424,5.7,8,0,0,,2024-May-24,05:16:01
4323,2024-05-24 05:17:01,51.7443,-9.31424,5.7,8,0,0,,2024-May-24,05:17:01
4324,2024-05-24 05:18:01,51.7443,-9.31424,5.7,8,0,0,,2024-May-24,05:18:01
4325,2024-05-24 05:19:01,51.7443,-9.31424,5.7,8,0,0,,2024-May-24,05:19:01
4326,2024-05-24 05:20:01,51.7443,-9.31424,5.7,7.75,0,0,,2024-May-24,05:20:01
4327,2024-05-24 05:21:01,51.7443,-9.31424,5.7,8,0,0,,2024-May-24,05:21:01
4328,2024-05-24 05:22:01,51.7443,-9.31424,5.7,8,0,0,,2024-May-24,05:22:01
4329,2024-05-24 05:23:01,51.7443,-9.31424,5.7,8,0,0,,2024-May-24,05:23:01
4330,2024-05-24 05:24:01,51.7443,-9.31424,5.7,8,0,0,,2024-May-24,05:24:01
4331,2024-05-24 05:25:01,51.7443,-9.31424,5.7,8,0,0,,2024-May-24,05:25:01
4332,2024-05-24 05:26:01,51.7443,-9.31424,5.7,7.75,0,0,,2024-May-24,05:26:01
4333,2024-05-24 05:27:01,51.7443,-9.31424,5.7,8,0,0,,2024-May-24,05:27:01
4334,2024-05-24 05:28:01,51.7443,-9.31424,5.7,8,0,0,,2024-May-24,05:28:01
4335,2024-05-24 05:29:01,51.7443,-9.31424,5.7,7.75,0,0,,2024-May-24,05:29:01
4336,2024-05-24 05:30:01,51.7443,-9.31424,5.7,8,0,0,,2024-May-24,05:30:01
4337,2024-05-24 05:31:01,51.7443,-9.31424,5.7,7.75,0,0,,2024-May-24,05:31:01
4338,2024-05-24 05:32:01,51.7443,-9.31424,5.7,7.75,0,0,,2024-May-24,05:32:01
4339,2024-05-24 05:33:01,51.7443,-9.31424,5.7,7.75,0,0,,2024-May-24,05:33:01
4340,2024-05-24 05:34:01,51.7443,-9.31424,5.7,7.75,0,0,,2024-May-24,05:34:01
4341,2024-05-24 05:35:01,51.7443,-9.31424,5.7,7.75,0,0,,2024-May-24,05:35:01
4342,2024-05-24 05:36:01,51.7443,-9.31424,5.7,7.75,0,0,,2024-May-24,05:36:01
4343,2024-05-24 05:37:01,51.7443,-9.31424,5.7,7.75,0,0,,2024-May-24,05:37:01
4344,2024-05-24 05:38:01,51.7443,-9.31424,5.7,7.75,0,0,,2024-May-24,05:38:01
4345,2024-05-24 05:39:01,51.7443,-9.31424,5.7,7.75,0,0,,2024-May-24,05:39:01
4346,2024-05-24 05:40:01,51.7443,-9.31424,5.7,7.75,0,0,,2024-May-24,05:40:01
4347,2024-05-24 05:41:01,51.7443,-9.31424,5.7,7.75,0,0,,2024-May-24,05:41:01
4348,2024-05-24 05:42:01,51.7443,-9.31424,5.7,7.75,0,0,,2024-May-24,05:42:01
4349,2024-05-24 05:43:01,51.7443,-9.31424,5.7,7.5,0,0,,2024-May-24,05:43:01
4350,2024-05-24 05:44:01,51.7443,-9.31424,5.7,7.75,0,0,,2024-May-24,05:44:01
4351,2024-05-24 05:45:01,51.7443,-9.31424,5.7,7.75,0,0,,2024-May-24,05:45:01
4352,2024-05-24 05:46:01,51.7443,-9.31424,5.7,7.75,0,0,,2024-May-24,05:46:01
4353,2024-05-24 05:47:01,51.7443,-9.31424,5.7,7.75,0,0,,2024-May-24,05:47:01
4354,2024-05-24 05:48:01,51.7443,-9.31424,5.7,7.75,0,0,,2024-May-24,05:48:01
4355,2024-05-24 05:49:01,51.7443,-9.31424,5.7,7.75,0,0,,2024-May-24,05:49:01
4356,2024-05-24 05:50:01,51.7443,-9.31424,5.7,7.75,0,0,,2024-May-24,05:50:01
4357,2024-05-24 05:51:01,51.7443,-9.31424,5.7,7.75,0,0,,2024-May-24,05:51:01
4358,2024-05-24 05:52:01,51.7443,-9.31424,5.7,7.75,0,0,,2024-May-24,05:52:01
4359,2024-05-24 05:53:01,51.7443,-9.31424,5.7,7.75,0,0,,2024-May-24,05:53:01
4360,2024-05-24 05:54:01,51.7443,-9.31424,5.7,7.75,0,0,,2024-May-24,05:54:01
4361,2024-05-24 05:55:01,51.7443,-9.31424,5.7,7.75,0,0,,2024-May-24,05:55:01
4362,2024-05-24 05:56:01,51.7443,-9.31424,5.7,7.75,0,0,,2024-May-24,05:56:01
4363,2024-05-24 05:57:01,51.7443,-9.31424,5.7,7.75,0,0,,2024-May-24,05:57:01
4364,2024-05-24 05:58:01,51.7443,-9.31424,5.7,7.75,0,0,,2024-May-24,05:58:01
4365,2024-05-24 05:59:01,51.7443,-9.31424,5.7,7.75,0,0,,2024-May-24,05:59:01
4366,2024-05-24 06:00:01,51.7443,-9.31424,5.7,7.75,0,0,,2024-May-24,06:00:01
4367,2024-05-24 06:01:01,51.7443,-9.31424,5.7,7.75,0,0,,2024-May-24,06:01:01
4368,2024-05-24 06:02:00,51.7443,-9.31424,5.7,7.75,0,0,,2024-May-24,06:02:00
4369,2024-05-24 21:07:59,51.7443,-9.31424,5.8,19.25,0,0,,2024-May-24,21:07:59
4370,2024-05-24 21:08:59,51.7443,-9.31424,5.8,19.25,0,0,,2024-May-24,21:08:59
4371,2024-05-24 21:09:59,51.7443,-9.31424,5.8,19.5,0,0,,2024-May-24,21:09:59
4372,2024-05-24 21:10:59,51.7443,-9.31424,5.8,19.25,0,0,,2024-May-24,21:10:59
4373,2024-05-24 21:11:59,51.7443,-9.31424,5.8,19.25,0,0,,2024-May-24,21:11:59
4374,2024-05-24 21:12:59,51.7443,-9.31424,5.8,19.25,0,0,,2024-May-24,21:12:59
4375,2024-05-24 21:13:59,51.7443,-9.31424,5.8,19.25,0,0,,2024-May-24,21:13:59
4376,2024-05-24 21:14:59,51.7443,-9.31424,5.8,19.25,0,0,,2024-May-24,21:14:59
4377,2024-05-24 21:15:59,51.7443,-9.31424,5.8,19.25,0,0,,2024-May-24,21:15:59
4378,2024-05-24 21:16:59,51.7443,-9.31424,5.8,19.25,0,0,,2024-May-24,21:16:59
4379,2024-05-24 21:17:59,51.7443,-9.31424,5.8,19.25,0,0,,2024-May-24,21:17:59
4380,2024-05-24 21:18:59,51.7443,-9.31424,5.8,19.25,0,0,,2024-May-24,21:18:59
4381,2024-05-24 21:19:59,51.7443,-9.31424,5.8,19,0,0,,2024-May-24,21:19:59
4382,2024-05-24 21:20:59,51.7443,-9.31424,5.8,19.25,0,0,,2024-May-24,21:20:59
4383,2024-05-24 21:21:59,51.7443,-9.31424,5.8,19,0,0,,2024-May-24,21:21:59
4384,2024-05-24 21:22:59,51.7443,-9.31424,5.8,19,0,0,,2024-May-24,21:22:59
4385,2024-05-24 21:23:59,51.7443,-9.31424,5.8,18.75,0,0,,2024-May-24,21:23:59
4386,2024-05-24 21:24:59,51.7443,-9.31424,5.8,18.75,0,0,,2024-May-24,21:24:59
4387,2024-05-24 21:25:59,51.7443,-9.31424,5.8,18.5,0,0,,2024-May-24,21:25:59
4388,2024-05-24 21:26:59,51.7443,-9.31424,5.8,18.5,0,0,,2024-May-24,21:26:59
4389,2024-05-24 21:27:59,51.7443,-9.31424,5.8,18.25,0,0,,2024-May-24,21:27:59
4390,2024-05-24 21:28:59,51.7443,-9.31424,5.8,18,0,0,,2024-May-24,21:28:59
4391,2024-05-24 21:29:59,51.7443,-9.31424,5.8,17.75,0,0,,2024-May-24,21:29:59
4392,2024-05-24 21:30:59,51.7443,-9.31424,5.8,17.5,0,0,,2024-May-24,21:30:59
4393,2024-05-24 21:31:59,51.7443,-9.31424,5.8,17.5,0,0,,2024-May-24,21:31:59
4394,2024-05-24 21:32:59,51.7443,-9.31424,5.8,17.25,0,0,,2024-May-24,21:32:59
4395,2024-05-24 21:33:59,51.7443,-9.31424,5.8,17,0,0,,2024-May-24,21:33:59
4396,2024-05-24 21:34:59,51.7443,-9.31424,5.8,16.75,0,0,,2024-May-24,21:34:59
4397,2024-05-24 21:35:59,51.7443,-9.31424,5.8,16.75,0,0,,2024-May-24,21:35:59
4398,2024-05-24 21:36:59,51.7443,-9.31424,5.8,16.5,0,0,,2024-May-24,21:36:59
4399,2024-05-24 21:37:59,51.7443,-9.31424,5.8,16.25,0,0,,2024-May-24,21:37:59
4400,2024-05-24 21:38:59,51.7443,-9.31424,5.8,16.25,0,0,,2024-May-24,21:38:59
4401,2024-05-24 21:39:59,51.7443,-9.31424,5.8,16,0,0,,2024-May-24,21:39:59
4402,2024-05-24 21:40:59,51.7443,-9.31424,5.8,15.75,0,0,,2024-May-24,21:40:59
4403,2024-05-24 21:41:59,51.7443,-9.31424,5.8,15.75,0,0,,2024-May-24,21:41:59
4404,2024-05-24 21:42:59,51.7443,-9.31424,5.8,15.5,0,0,,2024-May-24,21:42:59
4405,2024-05-24 21:43:59,51.7443,-9.31424,5.8,15.5,0,0,,2024-May-24,21:43:59
4406,2024-05-24 21:44:59,51.7443,-9.31424,5.8,15.25,0,0,,2024-May-24,21:44:59
4407,2024-05-24 21:45:59,51.7443,-9.31424,5.8,15.25,0,0,,2024-May-24,21:45:59
4408,2024-05-24 21:46:59,51.7443,-9.31424,5.8,15,0,0,,2024-May-24,21:46:59
4409,2024-05-24 21:47:59,51.7443,-9.31424,5.8,14.75,0,0,,2024-May-24,21:47:59
4410,2024-05-24 21:48:59,51.7443,-9.31424,5.8,14.75,0,0,,2024-May-24,21:48:59
4411,2024-05-24 21:49:59,51.7443,-9.31424,5.8,14.25,0,0,,2024-May-24,21:49:59
4412,2024-05-24 21:50:59,51.7443,-9.31424,5.8,14.25,0,0,,2024-May-24,21:50:59
4413,2024-05-24 21:51:59,51.7443,-9.31424,5.8,14.25,0,0,,2024-May-24,21:51:59
4414,2024-05-24 21:52:59,51.7443,-9.31424,5.8,14.25,0,0,,2024-May-24,21:52:59
4415,2024-05-24 21:53:59,51.7443,-9.31424,5.8,13.75,0,0,,2024-May-24,21:53:59
4416,2024-05-24 21:54:59,51.7443,-9.31424,5.8,13.75,0,0,,2024-May-24,21:54:59
4417,2024-05-24 21:55:59,51.7443,-9.31424,5.8,14,0,0,,2024-May-24,21:55:59
4418,2024-05-24 21:56:59,51.7443,-9.31424,5.8,13.5,0,0,,2024-May-24,21:56:59
4419,2024-05-24 21:57:59,51.7443,-9.31424,5.8,13.5,0,0,,2024-May-24,21:57:59
4420,2024-05-24 21:58:59,51.7443,-9.31424,5.8,13.5,0,0,,2024-May-24,21:58:59
4421,2024-05-24 21:59:59,51.7443,-9.31424,5.8,13.25,0,0,,2024-May-24,21:59:59
4422,2024-05-24 22:00:59,51.7443,-9.31424,5.8,13.25,0,0,,2024-May-24,22:00:59
4423,2024-05-24 22:01:59,51.7443,-9.31424,5.8,13,0,0,,2024-May-24,22:01:59
4424,2024-05-24 22:02:59,51.7443,-9.31424,5.8,12.75,0,0,,2024-May-24,22:02:59
4425,2024-05-24 22:03:59,51.7443,-9.31424,5.8,13,0,0,,2024-May-24,22:03:59
4426,2024-05-24 22:04:59,51.7443,-9.31424,5.8,12.75,0,0,,2024-May-24,22:04:59
4427,2024-05-24 22:05:59,51.7443,-9.31424,5.8,12.5,0,0,,2024-May-24,22:05:59
4428,2024-05-24 22:06:59,51.7443,-9.31424,5.8,12.5,0,0,,2024-May-24,22:06:59
4429,2024-05-24 22:07:59,51.7443,-9.31424,5.8,12.25,0,0,,2024-May-24,22:07:59
4430,2024-05-24 22:08:59,51.7443,-9.31424,5.8,12.25,0,0,,2024-May-24,22:08:59
4431,2024-05-24 22:09:59,51.7443,-9.31424,5.8,12.25,0,0,,2024-May-24,22:09:59
4432,2024-05-24 22:10:59,51.7443,-9.31424,5.8,12.25,0,0,,2024-May-24,22:10:59
4433,2024-05-24 22:11:59,51.7443,-9.31424,5.8,12,0,0,,2024-May-24,22:11:59
4434,2024-05-24 22:12:59,51.7443,-9.31424,5.8,12,0,0,,2024-May-24,22:12:59
4435,2024-05-24 22:13:59,51.7443,-9.31424,5.8,12,0,0,,2024-May-24,22:13:59
4436,2024-05-24 22:14:59,51.7443,-9.31424,5.8,11.75,0,1,,2024-May-24,22:14:59
4437,2024-05-24 22:15:59,51.7443,-9.31424,5.8,11.75,0,0,,2024-May-24,22:15:59
4438,2024-05-24 22:16:59,51.7443,-9.31424,5.8,11.5,0,0,,2024-May-24,22:16:59
4439,2024-05-24 22:17:59,51.7443,-9.31424,5.8,11.75,0,0,,2024-May-24,22:17:59
4440,2024-05-24 22:18:59,51.7443,-9.31424,5.8,11.5,0,0,,2024-May-24,22:18:59
4441,2024-05-24 22:19:59,51.7443,-9.31424,5.8,11.5,0,1,,2024-May-24,22:19:59
4442,2024-05-24 22:20:59,51.7443,-9.31424,5.8,11.25,0,0,,2024-May-24,22:20:59
4443,2024-05-24 22:21:59,51.7443,-9.31424,5.8,11.25,0,1,,2024-May-24,22:21:59
4444,2024-05-24 22:22:59,51.7443,-9.31424,5.8,11.25,0,0,,2024-May-24,22:22:59
4445,2024-05-24 22:23:59,51.7443,-9.31424,5.8,11.25,0,0,,2024-May-24,22:23:59
4446,2024-05-24 22:24:59,51.7443,-9.31424,5.7,11,0,0,,2024-May-24,22:24:59
4447,2024-05-24 22:25:59,51.7443,-9.31424,5.7,11.25,3,0,,2024-May-24,22:25:59
4448,2024-05-24 22:26:59,51.7443,-9.31424,5.8,11,1,0,,2024-May-24,22:26:59
4449,2024-05-24 22:27:59,51.7443,-9.31424,5.8,11,0,0,,2024-May-24,22:27:59
4450,2024-05-24 22:28:59,51.7443,-9.31424,5.8,11,0,0,,2024-May-24,22:28:59
4451,2024-05-24 22:29:59,51.7443,-9.31424,5.7,10.75,0,2,,2024-May-24,22:29:59
4452,2024-05-24 22:30:59,51.7443,-9.31424,5.8,11,2,0,,2024-May-24,22:30:59
4453,2024-05-24 22:31:59,51.7443,-9.31424,5.8,10.75,2,0,,2024-May-24,22:31:59
4454,2024-05-24 22:32:59,51.7443,-9.31424,5.8,10.75,1,0,,2024-May-24,22:32:59
4455,2024-05-24 22:33:59,51.7443,-9.31424,5.8,10.75,2,0,,2024-May-24,22:33:59
4456,2024-05-24 22:34:59,51.7443,-9.31424,5.8,10.75,0,0,,2024-May-24,22:34:59
4457,2024-05-24 22:35:59,51.7443,-9.31424,5.8,10.75,0,0,,2024-May-24,22:35:59
4458,2024-05-24 22:36:59,51.7443,-9.31424,5.8,10.5,0,0,,2024-May-24,22:36:59
4459,2024-05-24 22:37:59,51.7443,-9.31424,5.8,10.75,3,0,,2024-May-24,22:37:59
4460,2024-05-24 22:38:59,51.7443,-9.31424,5.8,10.75,0,0,,2024-May-24,22:38:59
4461,2024-05-24 22:39:59,51.7443,-9.31424,5.8,10.5,1,0,,2024-May-24,22:39:59
4462,2024-05-24 22:40:59,51.7443,-9.31424,5.8,10.5,0,0,,2024-May-24,22:40:59
4463,2024-05-24 22:41:59,51.7443,-9.31424,5.8,10.25,0,0,,2024-May-24,22:41:59
4464,2024-05-24 22:42:59,51.7443,-9.31424,5.8,10.25,0,0,,2024-May-24,22:42:59
4465,2024-05-24 22:43:59,51.7443,-9.31424,5.8,10.25,0,0,,2024-May-24,22:43:59
4466,2024-05-24 22:44:59,51.7443,-9.31424,5.8,10,0,0,,2024-May-24,22:44:59
4467,2024-05-24 22:45:59,51.7443,-9.31424,5.8,10,0,0,,2024-May-24,22:45:59
4468,2024-05-24 22:46:59,51.7443,-9.31424,5.8,10,0,0,,2024-May-24,22:46:59
4469,2024-05-24 22:47:59,51.7443,-9.31424,5.7,10,0,0,,2024-May-24,22:47:59
4470,2024-05-24 22:48:59,51.7443,-9.31424,5.8,10,0,0,,2024-May-24,22:48:59
4471,2024-05-24 22:49:59,51.7443,-9.31424,5.8,9.75,0,0,,2024-May-24,22:49:59
4472,2024-05-24 22:50:59,51.7443,-9.31424,5.8,9.75,0,0,,2024-May-24,22:50:59
4473,2024-05-24 22:51:59,51.7443,-9.31424,5.8,9.75,0,0,,2024-May-24,22:51:59
4474,2024-05-24 22:52:59,51.7443,-9.31424,5.8,9.75,0,0,,2024-May-24,22:52:59
4475,2024-05-24 22:53:59,51.7443,-9.31424,5.7,9.75,0,0,,2024-May-24,22:53:59
4476,2024-05-24 22:54:59,51.7443,-9.31424,5.7,9.75,0,0,,2024-May-24,22:54:59
4477,2024-05-24 22:55:59,51.7443,-9.31424,5.8,9.5,0,0,,2024-May-24,22:55:59
4478,2024-05-24 22:56:59,51.7443,-9.31424,5.8,9.75,0,0,,2024-May-24,22:56:59
4479,2024-05-24 22:57:59,51.7443,-9.31424,5.8,9.5,0,0,,2024-May-24,22:57:59
4480,2024-05-24 22:58:59,51.7443,-9.31424,5.8,9.5,0,0,,2024-May-24,22:58:59
4481,2024-05-24 22:59:59,51.7443,-9.31424,5.7,9.5,1,0,,2024-May-24,22:59:59
4482,2024-05-24 23:00:59,51.7443,-9.31424,5.7,9.5,0,0,,2024-May-24,23:00:59
4483,2024-05-24 23:01:59,51.7443,-9.31424,5.8,9.5,0,0,,2024-May-24,23:01:59
4484,2024-05-24 23:02:59,51.7443,-9.31424,5.7,9.25,0,0,,2024-May-24,23:02:59
4485,2024-05-24 23:03:59,51.7443,-9.31424,5.7,9.25,0,0,,2024-May-24,23:03:59
4486,2024-05-24 23:04:59,51.7443,-9.31424,5.7,9,0,0,,2024-May-24,23:04:59
4487,2024-05-24 23:05:59,51.7443,-9.31424,5.7,9,0,0,,2024-May-24,23:05:59
4488,2024-05-24 23:06:59,51.7443,-9.31424,5.7,10,0,0,,2024-May-24,23:06:59
4489,2024-05-24 23:07:59,51.7443,-9.31424,5.7,9,0,0,,2024-May-24,23:07:59
4490,2024-05-24 23:08:59,51.7443,-9.31424,5.7,9,0,0,,2024-May-24,23:08:59
4491,2024-05-24 23:09:59,51.7443,-9.31424,5.8,9,0,0,,2024-May-24,23:09:59
4492,2024-05-24 23:10:59,51.7443,-9.31424,5.7,9,0,0,,2024-May-24,23:10:59
4493,2024-05-24 23:11:59,51.7443,-9.31424,5.7,9,0,1,,2024-May-24,23:11:59
4494,2024-05-24 23:12:59,51.7443,-9.31424,5.7,9.25,0,0,,2024-May-24,23:12:59
4495,2024-05-24 23:13:59,51.7443,-9.31424,5.7,9.75,0,1,,2024-May-24,23:13:59
4496,2024-05-24 23:14:59,51.7443,-9.31424,5.7,8.75,0,0,,2024-May-24,23:14:59
4497,2024-05-24 23:15:59,51.7443,-9.31424,5.7,8.75,0,1,,2024-May-24,23:15:59
4498,2024-05-24 23:16:59,51.7443,-9.31424,5.7,8.75,0,0,,2024-May-24,23:16:59
4499,2024-05-24 23:17:59,51.7443,-9.31424,5.7,9,1,0,,2024-May-24,23:17:59
4500,2024-05-24 23:18:59,51.7443,-9.31424,5.7,9,1,1,,2024-May-24,23:18:59
4501,2024-05-24 23:19:59,51.7443,-9.31424,5.7,8.5,0,0,,2024-May-24,23:19:59
4502,2024-05-24 23:20:59,51.7443,-9.31424,5.7,8.5,1,2,,2024-May-24,23:20:59
4503,2024-05-24 23:21:59,51.7443,-9.31424,5.7,8.5,0,0,,2024-May-24,23:21:59
4504,2024-05-24 23:22:59,51.7443,-9.31424,5.7,8.5,0,1,,2024-May-24,23:22:59
4505,2024-05-24 23:23:59,51.7443,-9.31424,5.7,8.5,0,0,,2024-May-24,23:23:59
4506,2024-05-24 23:24:59,51.7443,-9.31424,5.7,8.5,0,2,,2024-May-24,23:24:59
4507,2024-05-24 23:25:59,51.7443,-9.31424,5.7,8.5,0,0,,2024-May-24,23:25:59
4508,2024-05-24 23:26:59,51.7443,-9.31424,5.7,8.25,1,2,,2024-May-24,23:26:59
4509,2024-05-24 23:27:59,51.7443,-9.31424,5.7,8.25,1,0,,2024-May-24,23:27:59
4510,2024-05-24 23:28:59,51.7443,-9.31424,5.7,8.25,0,2,,2024-May-24,23:28:59
4511,2024-05-24 23:29:59,51.7443,-9.31424,5.7,8.25,1,0,,2024-May-24,23:29:59
4512,2024-05-24 23:30:59,51.7443,-9.31424,5.7,8.25,0,0,,2024-May-24,23:30:59
4513,2024-05-24 23:31:59,51.7443,-9.31424,5.7,8.25,0,0,,2024-May-24,23:31:59
4514,2024-05-24 23:32:59,51.7443,-9.31424,5.7,8,0,0,,2024-May-24,23:32:59
4515,2024-05-24 23:33:59,51.7443,-9.31424,5.7,8.25,0,0,,2024-May-24,23:33:59
4516,2024-05-24 23:34:59,51.7443,-9.31424,5.7,8.25,0,0,,2024-May-24,23:34:59
4517,2024-05-24 23:35:59,51.7443,-9.31424,5.7,8.25,0,2,,2024-May-24,23:35:59
4518,2024-05-24 23:36:59,51.7443,-9.31424,5.7,8,0,1,,2024-May-24,23:36:59
4519,2024-05-24 23:37:59,51.7443,-9.31424,5.7,8,1,0,,2024-May-24,23:37:59
4520,2024-05-24 23:38:59,51.7443,-9.31424,5.7,8,0,0,,2024-May-24,23:38:59
4521,2024-05-24 23:39:59,51.7443,-9.31424,5.7,8,0,1,,2024-May-24,23:39:59
4522,2024-05-24 23:40:59,51.7443,-9.31424,5.7,8,0,0,,2024-May-24,23:40:59
4523,2024-05-24 23:41:59,51.7443,-9.31424,5.7,8,0,0,,2024-May-24,23:41:59
4524,2024-05-24 23:42:59,51.7443,-9.31424,5.7,8,0,0,,2024-May-24,23:42:59
4525,2024-05-24 23:43:59,51.7443,-9.31424,5.7,8,0,0,,2024-May-24,23:43:59
4526,2024-05-24 23:44:59,51.7443,-9.31424,5.7,7.75,0,0,,2024-May-24,23:44:59
4527,2024-05-24 23:45:59,51.7443,-9.31424,5.7,8,0,0,,2024-May-24,23:45:59
4528,2024-05-24 23:46:59,51.7443,-9.31424,5.7,8,0,0,,2024-May-24,23:46:59
4529,2024-05-24 23:47:59,51.7443,-9.31424,5.7,8,0,1,,2024-May-24,23:47:59
4530,2024-05-24 23:48:59,51.7443,-9.31424,5.7,8,0,0,,2024-May-24,23:48:59
4531,2024-05-24 23:49:59,51.7443,-9.31424,5.7,8,0,0,,2024-May-24,23:49:59
4532,2024-05-24 23:50:59,51.7443,-9.31424,5.7,7.75,0,0,,2024-May-24,23:50:59
4533,2024-05-24 23:51:59,51.7443,-9.31424,5.7,7.75,0,1,,2024-May-24,23:51:59
4534,2024-05-24 23:52:59,51.7443,-9.31424,5.7,7.75,0,0,,2024-May-24,23:52:59
4535,2024-05-24 23:53:59,51.7443,-9.31424,5.7,7.75,0,0,,2024-May-24,23:53:59
4536,2024-05-24 23:54:59,51.7443,-9.31424,5.7,7.75,0,0,,2024-May-24,23:54:59
4537,2024-05-24 23:55:59,51.7443,-9.31424,5.7,7.75,0,0,,2024-May-24,23:55:59
4538,2024-05-24 23:56:59,51.7443,-9.31424,5.7,7.75,0,0,,2024-May-24,23:56:59
4539,2024-05-24 23:57:59,51.7443,-9.31424,5.7,7.75,0,0,,2024-May-24,23:57:59
4540,2024-05-24 23:58:59,51.7443,-9.31424,5.7,7.75,0,0,,2024-May-24,23:58:59
4541,2024-05-24 23:59:59,51.7443,-9.31424,5.7,7.75,0,1,,2024-May-24,23:59:59
4542,2024-05-25 00:00:59,51.7443,-9.31424,5.7,7.75,1,0,,2024-May-25,00:00:59
4543,2024-05-25 00:01:59,51.7443,-9.31424,5.7,7.75,0,1,,2024-May-25,00:01:59
4544,2024-05-25 00:02:59,51.7443,-9.31424,5.7,7.75,0,0,,2024-May-25,00:02:59
4545,2024-05-25 00:03:59,51.7443,-9.31424,5.7,7.75,0,0,,2024-May-25,00:03:59
4546,2024-05-25 00:04:59,51.7443,-9.31424,5.7,7.75,0,0,,2024-May-25,00:04:59
4547,2024-05-25 00:05:59,51.7443,-9.31424,5.7,7.75,1,0,,2024-May-25,00:05:59
4548,2024-05-25 00:06:59,51.7443,-9.31424,5.7,7.5,0,0,,2024-May-25,00:06:59
4549,2024-05-25 00:07:59,51.7443,-9.31424,5.7,7.5,0,0,,2024-May-25,00:07:59
4550,2024-05-25 00:08:59,51.7443,-9.31424,5.7,7.5,0,0,,2024-May-25,00:08:59
4551,2024-05-25 00:09:59,51.7443,-9.31424,5.7,7.75,0,0,,2024-May-25,00:09:59
4552,2024-05-25 00:10:59,51.7443,-9.31424,5.7,7.5,0,0,,2024-May-25,00:10:59
4553,2024-05-25 00:11:59,51.7443,-9.31424,5.7,7.5,0,0,,2024-May-25,00:11:59
4554,2024-05-25 00:12:59,51.7443,-9.31424,5.7,7.5,0,0,,2024-May-25,00:12:59
4555,2024-05-25 00:13:59,51.7443,-9.31424,5.7,7.5,0,0,,2024-May-25,00:13:59
4556,2024-05-25 00:14:59,51.7443,-9.31424,5.7,7.5,0,0,,2024-May-25,00:14:59
4557,2024-05-25 00:15:59,51.7443,-9.31424,5.7,7.25,0,0,,2024-May-25,00:15:59
4558,2024-05-25 00:16:59,51.7443,-9.31424,5.7,7.5,0,0,,2024-May-25,00:16:59
4559,2024-05-25 00:17:59,51.7443,-9.31424,5.7,7.5,0,0,,2024-May-25,00:17:59
4560,2024-05-25 00:18:59,51.7443,-9.31424,5.7,7.5,0,0,,2024-May-25,00:18:59
4561,2024-05-25 00:19:59,51.7443,-9.31424,5.7,7.5,0,0,,2024-May-25,00:19:59
4562,2024-05-25 00:20:59,51.7443,-9.31424,5.7,7.25,0,0,,2024-May-25,00:20:59
4563,2024-05-25 00:21:59,51.7443,-9.31424,5.7,7.5,0,0,,2024-May-25,00:21:59
4564,2024-05-25 00:22:59,51.7443,-9.31424,5.7,7.5,0,0,,2024-May-25,00:22:59
4565,2024-05-25 00:23:59,51.7443,-9.31424,5.7,7.5,0,1,,2024-May-25,00:23:59
4566,2024-05-25 00:24:59,51.7443,-9.31424,5.7,7.5,0,0,,2024-May-25,00:24:59
4567,2024-05-25 00:25:59,51.7443,-9.31424,5.7,7.25,0,0,,2024-May-25,00:25:59
4568,2024-05-25 00:26:59,51.7443,-9.31424,5.7,7.25,0,0,,2024-May-25,00:26:59
4569,2024-05-25 00:27:59,51.7443,-9.31424,5.7,7.25,0,0,,2024-May-25,00:27:59
4570,2024-05-25 00:28:59,51.7443,-9.31424,5.7,7.5,0,0,,2024-May-25,00:28:59
4571,2024-05-25 00:29:59,51.7443,-9.31424,5.7,7.25,0,0,,2024-May-25,00:29:59
4572,2024-05-25 00:30:59,51.7443,-9.31424,5.7,7.25,0,0,,2024-May-25,00:30:59
4573,2024-05-25 00:31:59,51.7443,-9.31424,5.7,7.25,0,0,,2024-May-25,00:31:59
4574,2024-05-25 00:32:59,51.7443,-9.31424,5.7,7.25,0,0,,2024-May-25,00:32:59
4575,2024-05-25 00:33:59,51.7443,-9.31424,5.7,7.25,0,1,,2024-May-25,00:33:59
4576,2024-05-25 00:34:59,51.7443,-9.31424,5.7,7.25,0,1,,2024-May-25,00:34:59
4577,2024-05-25 00:35:59,51.7443,-9.31424,5.7,7,0,0,,2024-May-25,00:35:59
4578,2024-05-25 00:36:59,51.7443,-9.31424,5.7,7.25,0,0,,2024-May-25,00:36:59
4579,2024-05-25 00:37:59,51.7443,-9.31424,5.7,7.25,0,0,,2024-May-25,00:37:59
4580,2024-05-25 00:38:59,51.7443,-9.31424,5.7,7.25,0,2,,2024-May-25,00:38:59
4581,2024-05-25 00:39:59,51.7443,-9.31424,5.7,7,0,1,,2024-May-25,00:39:59
4582,2024-05-25 00:40:59,51.7443,-9.31424,5.7,7.25,0,0,,2024-May-25,00:40:59
4583,2024-05-25 00:41:59,51.7443,-9.31424,5.7,7.25,0,1,,2024-May-25,00:41:59
4584,2024-05-25 00:42:59,51.7443,-9.31424,5.7,7,0,1,,2024-May-25,00:42:59
4585,2024-05-25 00:43:59,51.7443,-9.31424,5.7,7.25,0,1,,2024-May-25,00:43:59
4586,2024-05-25 00:44:59,51.7443,-9.31424,5.7,7.25,0,0,,2024-May-25,00:44:59
4587,2024-05-25 00:45:59,51.7443,-9.31424,5.7,7.25,0,0,,2024-May-25,00:45:59
4588,2024-05-25 00:46:59,51.7443,-9.31424,5.7,7.25,0,0,,2024-May-25,00:46:59
4589,2024-05-25 00:47:59,51.7443,-9.31424,5.7,7,0,0,,2024-May-25,00:47:59
4590,2024-05-25 00:48:59,51.7443,-9.31424,5.7,7,0,0,,2024-May-25,00:48:59
4591,2024-05-25 00:49:59,51.7443,-9.31424,5.7,7,0,2,,2024-May-25,00:49:59
4592,2024-05-25 00:50:59,51.7443,-9.31424,5.7,7.25,0,0,,2024-May-25,00:50:59
4593,2024-05-25 00:51:59,51.7443,-9.31424,5.7,7.25,0,0,,2024-May-25,00:51:59
4594,2024-05-25 00:52:59,51.7443,-9.31424,5.7,7,0,1,,2024-May-25,00:52:59
4595,2024-05-25 00:53:59,51.7443,-9.31424,5.7,7,0,1,,2024-May-25,00:53:59
4596,2024-05-25 00:54:59,51.7443,-9.31424,5.7,7,0,0,,2024-May-25,00:54:59
4597,2024-05-25 00:55:59,51.7443,-9.31424,5.7,7,0,0,,2024-May-25,00:55:59
4598,2024-05-25 00:56:59,51.7443,-9.31424,5.7,7,0,0,,2024-May-25,00:56:59
4599,2024-05-25 00:57:59,51.7443,-9.31424,5.7,7,0,0,,2024-May-25,00:57:59
4600,2024-05-25 00:58:59,51.7443,-9.31424,5.7,7.25,0,0,,2024-May-25,00:58:59
4601,2024-05-25 00:59:59,51.7443,-9.31424,5.7,7,0,0,,2024-May-25,00:59:59
4602,2024-05-25 01:00:59,51.7443,-9.31424,5.7,7,0,0,,2024-May-25,01:00:59
4603,2024-05-25 01:01:59,51.7443,-9.31424,5.7,7,0,0,,2024-May-25,01:01:59
4604,2024-05-25 01:02:59,51.7443,-9.31424,5.6,7,0,0,,2024-May-25,01:02:59
4605,2024-05-25 01:03:59,51.7443,-9.31424,5.7,7,0,1,,2024-May-25,01:03:59
4606,2024-05-25 01:04:59,51.7443,-9.31424,5.7,7,0,2,,2024-May-25,01:04:59
4607,2024-05-25 01:05:59,51.7443,-9.31424,5.7,6.25,0,0,,2024-May-25,01:05:59
4608,2024-05-25 01:06:59,51.7443,-9.31424,5.7,7,0,1,,2024-May-25,01:06:59
4609,2024-05-25 01:07:59,51.7443,-9.31424,5.7,7,0,1,,2024-May-25,01:07:59
4610,2024-05-25 01:08:59,51.7443,-9.31424,5.7,7,0,0,,2024-May-25,01:08:59
4611,2024-05-25 01:09:59,51.7443,-9.31424,5.7,7,0,1,,2024-May-25,01:09:59
4612,2024-05-25 01:10:59,51.7443,-9.31424,5.7,7,0,0,,2024-May-25,01:10:59
4613,2024-05-25 01:11:59,51.7443,-9.31424,5.7,7,0,1,,2024-May-25,01:11:59
4614,2024-05-25 01:12:59,51.7443,-9.31424,5.7,7,0,2,,2024-May-25,01:12:59
4615,2024-05-25 01:13:59,51.7443,-9.31424,5.7,7,0,2,,2024-May-25,01:13:59
4616,2024-05-25 01:14:59,51.7443,-9.31424,5.7,7,0,1,,2024-May-25,01:14:59
4617,2024-05-25 01:15:59,51.7443,-9.31424,5.7,7,0,0,,2024-May-25,01:15:59
4618,2024-05-25 01:16:59,51.7443,-9.31424,5.7,7,0,2,,2024-May-25,01:16:59
4619,2024-05-25 01:17:59,51.7443,-9.31424,5.7,7,0,1,,2024-May-25,01:17:59
4620,2024-05-25 01:18:59,51.7443,-9.31424,5.7,7,0,0,,2024-May-25,01:18:59
4621,2024-05-25 01:19:59,51.7443,-9.31424,5.7,7,0,1,,2024-May-25,01:19:59
4622,2024-05-25 01:20:59,51.7443,-9.31424,5.7,7,0,1,,2024-May-25,01:20:59
4623,2024-05-25 01:21:59,51.7443,-9.31424,5.7,7,0,0,,2024-May-25,01:21:59
4624,2024-05-25 01:22:59,51.7443,-9.31424,5.6,7,0,0,,2024-May-25,01:22:59
4625,2024-05-25 01:23:59,51.7443,-9.31424,5.7,7,0,1,,2024-May-25,01:23:59
4626,2024-05-25 01:24:59,51.7443,-9.31424,5.7,7,0,0,,2024-May-25,01:24:59
4627,2024-05-25 01:25:59,51.7443,-9.31424,5.7,7,0,0,,2024-May-25,01:25:59
4628,2024-05-25 01:26:59,51.7443,-9.31424,5.7,7,0,2,,2024-May-25,01:26:59
4629,2024-05-25 01:27:59,51.7443,-9.31424,5.7,7,0,0,,2024-May-25,01:27:59
4630,2024-05-25 01:28:59,51.7443,-9.31424,5.7,7,0,2,,2024-May-25,01:28:59
4631,2024-05-25 01:29:59,51.7443,-9.31424,5.7,7,0,0,,2024-May-25,01:29:59
4632,2024-05-25 01:30:59,51.7443,-9.31424,5.7,7,0,0,,2024-May-25,01:30:59
4633,2024-05-25 01:31:59,51.7443,-9.31424,5.7,7,0,0,,2024-May-25,01:31:59
4634,2024-05-25 01:32:59,51.7443,-9.31424,5.7,7,0,0,,2024-May-25,01:32:59
4635,2024-05-25 01:33:59,51.7443,-9.31424,5.7,7,0,0,,2024-May-25,01:33:59
4636,2024-05-25 01:34:59,51.7443,-9.31424,5.7,7,0,0,,2024-May-25,01:34:59
4637,2024-05-25 01:35:59,51.7443,-9.31424,5.7,7,0,0,,2024-May-25,01:35:59
4638,2024-05-25 01:36:59,51.7443,-9.31424,5.7,7.25,0,0,,2024-May-25,01:36:59
4639,2024-05-25 01:37:59,51.7443,-9.31424,5.7,7,0,0,,2024-May-25,01:37:59
4640,2024-05-25 01:38:59,51.7443,-9.31424,5.7,7,1,0,,2024-May-25,01:38:59
4641,2024-05-25 01:39:59,51.7443,-9.31424,5.7,7.25,0,0,,2024-May-25,01:39:59
4642,2024-05-25 01:40:59,51.7443,-9.31424,5.7,7.25,0,0,,2024-May-25,01:40:59
4643,2024-05-25 01:41:59,51.7443,-9.31424,5.7,7.25,1,0,,2024-May-25,01:41:59
4644,2024-05-25 01:42:59,51.7443,-9.31424,5.7,7.25,0,0,,2024-May-25,01:42:59
4645,2024-05-25 01:43:59,51.7443,-9.31424,5.7,7.25,0,0,,2024-May-25,01:43:59
4646,2024-05-25 01:44:59,51.7443,-9.31424,5.7,7.25,1,0,,2024-May-25,01:44:59
4647,2024-05-25 01:45:59,51.7443,-9.31424,5.7,7.25,0,0,,2024-May-25,01:45:59
4648,2024-05-25 01:46:59,51.7443,-9.31424,5.7,7.25,0,0,,2024-May-25,01:46:59
4649,2024-05-25 01:47:59,51.7443,-9.31424,5.7,7.25,0,0,,2024-May-25,01:47:59
4650,2024-05-25 01:48:59,51.7443,-9.31424,5.7,7.5,0,0,,2024-May-25,01:48:59
4651,2024-05-25 01:49:59,51.7443,-9.31424,5.7,7.5,1,0,,2024-May-25,01:49:59
4652,2024-05-25 01:50:59,51.7443,-9.31424,5.7,7.5,0,0,,2024-May-25,01:50:59
4653,2024-05-25 01:51:59,51.7443,-9.31424,5.7,7.5,0,0,,2024-May-25,01:51:59
4654,2024-05-25 01:52:59,51.7443,-9.31424,5.7,7.5,0,0,,2024-May-25,01:52:59
4655,2024-05-25 01:53:59,51.7443,-9.31424,5.7,7.5,0,0,,2024-May-25,01:53:59
4656,2024-05-25 01:54:59,51.7443,-9.31424,5.7,7.75,0,0,,2024-May-25,01:54:59
4657,2024-05-25 01:55:59,51.7443,-9.31424,5.7,7.5,0,0,,2024-May-25,01:55:59
4658,2024-05-25 01:56:59,51.7443,-9.31424,5.7,7.75,0,0,,2024-May-25,01:56:59
4659,2024-05-25 01:57:59,51.7443,-9.31424,5.7,7.5,0,0,,2024-May-25,01:57:59
4660,2024-05-25 01:58:59,51.7443,-9.31424,5.7,7.5,0,0,,2024-May-25,01:58:59
4661,2024-05-25 01:59:59,51.7443,-9.31424,5.7,7.5,0,0,,2024-May-25,01:59:59
4662,2024-05-25 02:00:59,51.7443,-9.31424,5.7,7.5,0,0,,2024-May-25,02:00:59
4663,2024-05-25 02:01:59,51.7443,-9.31424,5.7,7.5,0,0,,2024-May-25,02:01:59
4664,2024-05-25 02:02:59,51.7443,-9.31424,5.7,7.5,0,0,,2024-May-25,02:02:59
4665,2024-05-25 02:03:59,51.7443,-9.31424,5.7,7.5,0,0,,2024-May-25,02:03:59
4666,2024-05-25 02:04:59,51.7443,-9.31424,5.7,7.5,0,0,,2024-May-25,02:04:59
4667,2024-05-25 02:05:59,51.7443,-9.31424,5.7,7.5,0,0,,2024-May-25,02:05:59
4668,2024-05-25 02:06:59,51.7443,-9.31424,5.7,7.5,0,0,,2024-May-25,02:06:59
4669,2024-05-25 02:07:59,51.7443,-9.31424,5.7,7.5,0,0,,2024-May-25,02:07:59
4670,2024-05-25 02:08:59,51.7443,-9.31424,5.7,7.5,0,0,,2024-May-25,02:08:59
4671,2024-05-25 02:09:59,51.7443,-9.31424,5.7,7.5,0,0,,2024-May-25,02:09:59
4672,2024-05-25 02:10:59,51.7443,-9.31424,5.7,7.5,0,0,,2024-May-25,02:10:59
4673,2024-05-25 02:11:59,51.7443,-9.31424,5.7,7.25,0,0,,2024-May-25,02:11:59
4674,2024-05-25 02:12:59,51.7443,-9.31424,5.7,7.5,0,0,,2024-May-25,02:12:59
4675,2024-05-25 02:13:59,51.7443,-9.31424,5.7,7.5,0,0,,2024-May-25,02:13:59
4676,2024-05-25 02:14:59,51.7443,-9.31424,5.7,7.5,0,0,,2024-May-25,02:14:59
4677,2024-05-25 02:15:59,51.7443,-9.31424,5.7,7.5,0,0,,2024-May-25,02:15:59
4678,2024-05-25 02:16:59,51.7443,-9.31424,5.7,7.5,0,0,,2024-May-25,02:16:59
4679,2024-05-25 02:17:59,51.7443,-9.31424,5.7,7.5,0,0,,2024-May-25,02:17:59
4680,2024-05-25 02:18:59,51.7443,-9.31424,5.7,7.5,0,0,,2024-May-25,02:18:59
4681,2024-05-25 02:19:59,51.7443,-9.31424,5.7,7.5,0,0,,2024-May-25,02:19:59
4682,2024-05-25 02:20:59,51.7443,-9.31424,5.7,7.25,0,0,,2024-May-25,02:20:59
4683,2024-05-25 02:21:59,51.7443,-9.31424,5.7,7.25,0,0,,2024-May-25,02:21:59
4684,2024-05-25 02:22:59,51.7443,-9.31424,5.7,7,0,0,,2024-May-25,02:22:59
4685,2024-05-25 02:23:59,51.7443,-9.31424,5.7,7.25,0,0,,2024-May-25,02:23:59
4686,2024-05-25 02:24:59,51.7443,-9.31424,5.7,7.25,0,0,,2024-May-25,02:24:59
4687,2024-05-25 02:25:59,51.7443,-9.31424,5.7,7.25,0,0,,2024-May-25,02:25:59
4688,2024-05-25 02:26:59,51.7443,-9.31424,5.7,7.5,0,0,,2024-May-25,02:26:59
4689,2024-05-25 02:27:59,51.7443,-9.31424,5.7,7.25,0,0,,2024-May-25,02:27:59
4690,2024-05-25 02:28:59,51.7443,-9.31424,5.7,7.25,0,0,,2024-May-25,02:28:59
4691,2024-05-25 02:29:59,51.7443,-9.31424,5.7,7.25,0,0,,2024-May-25,02:29:59
4692,2024-05-25 02:31:02,51.7443,-9.31424,5.7,7.25,0,1,,2024-May-25,02:31:02
4693,2024-05-25 02:32:02,51.7443,-9.31424,5.7,7.25,0,0,,2024-May-25,02:32:02
4694,2024-05-25 02:33:02,51.7443,-9.31424,5.7,7.25,0,0,,2024-May-25,02:33:02
4695,2024-05-25 02:34:02,51.7443,-9.31424,5.7,7.25,0,0,,2024-May-25,02:34:02
4696,2024-05-25 02:35:02,51.7443,-9.31424,5.7,7.25,0,0,,2024-May-25,02:35:02
4697,2024-05-25 02:36:02,51.7443,-9.31424,5.7,7.25,0,0,,2024-May-25,02:36:02
4698,2024-05-25 02:37:02,51.7443,-9.31424,5.7,7.25,0,0,,2024-May-25,02:37:02
4699,2024-05-25 02:38:02,51.7443,-9.31424,5.7,7.25,0,0,,2024-May-25,02:38:02
4700,2024-05-25 02:39:02,51.7443,-9.31424,5.7,7.5,0,0,,2024-May-25,02:39:02
4701,2024-05-25 02:40:02,51.7443,-9.31424,5.7,7.25,0,0,,2024-May-25,02:40:02
4702,2024-05-25 02:41:02,51.7443,-9.31424,5.7,7.25,0,0,,2024-May-25,02:41:02
4703,2024-05-25 02:42:02,51.7443,-9.31424,5.7,7.5,0,0,,2024-May-25,02:42:02
4704,2024-05-25 02:43:02,51.7443,-9.31424,5.7,7.25,0,0,,2024-May-25,02:43:02
4705,2024-05-25 02:44:02,51.7443,-9.31424,5.7,7.25,0,0,,2024-May-25,02:44:02
4706,2024-05-25 02:45:02,51.7443,-9.31424,5.7,7.25,0,0,,2024-May-25,02:45:02
4707,2024-05-25 02:46:02,51.7443,-9.31424,5.7,7.25,0,0,,2024-May-25,02:46:02
4708,2024-05-25 02:47:02,51.7443,-9.31424,5.7,7.25,0,0,,2024-May-25,02:47:02
4709,2024-05-25 02:48:02,51.7443,-9.31424,5.7,7.25,0,0,,2024-May-25,02:48:02
4710,2024-05-25 02:49:02,51.7443,-9.31424,5.7,7.25,0,0,,2024-May-25,02:49:02
4711,2024-05-25 02:50:02,51.7443,-9.31424,5.7,7.25,0,0,,2024-May-25,02:50:02
4712,2024-05-25 02:51:02,51.7443,-9.31424,5.7,7.5,0,0,,2024-May-25,02:51:02
4713,2024-05-25 02:52:02,51.7443,-9.31424,5.7,7.25,0,0,,2024-May-25,02:52:02
4714,2024-05-25 02:53:02,51.7443,-9.31424,5.7,7.25,0,0,,2024-May-25,02:53:02
4715,2024-05-25 02:54:02,51.7443,-9.31424,5.7,7.25,0,0,,2024-May-25,02:54:02
4716,2024-05-25 02:55:02,51.7443,-9.31424,5.7,7.25,0,0,,2024-May-25,02:55:02
4717,2024-05-25 02:56:02,51.7443,-9.31424,5.7,7.25,0,0,,2024-May-25,02:56:02
4718,2024-05-25 02:57:02,51.7443,-9.31424,5.7,7.5,0,0,,2024-May-25,02:57:02
4719,2024-05-25 02:58:02,51.7443,-9.31424,5.7,7.5,0,0,,2024-May-25,02:58:02
4720,2024-05-25 02:59:02,51.7443,-9.31424,5.7,7.5,0,0,,2024-May-25,02:59:02
4721,2024-05-25 03:00:02,51.7443,-9.31424,5.7,7.25,0,0,,2024-May-25,03:00:02
4722,2024-05-25 03:01:02,51.7443,-9.31424,5.7,7.25,0,0,,2024-May-25,03:01:02
4723,2024-05-25 03:02:02,51.7443,-9.31424,5.7,7.5,0,0,,2024-May-25,03:02:02
4724,2024-05-25 03:03:02,51.7443,-9.31424,5.7,7.5,0,0,,2024-May-25,03:03:02
4725,2024-05-25 03:04:02,51.7443,-9.31424,5.7,7.5,0,0,,2024-May-25,03:04:02
4726,2024-05-25 03:05:02,51.7443,-9.31424,5.7,7.5,0,0,,2024-May-25,03:05:02
4727,2024-05-25 03:06:02,51.7443,-9.31424,5.7,7.5,0,0,,2024-May-25,03:06:02
4728,2024-05-25 03:07:02,51.7443,-9.31424,5.7,7.5,0,0,,2024-May-25,03:07:02
4729,2024-05-25 03:08:02,51.7443,-9.31424,5.7,7.5,0,0,,2024-May-25,03:08:02
4730,2024-05-25 03:09:02,51.7443,-9.31424,5.7,7.5,0,0,,2024-May-25,03:09:02
4731,2024-05-25 03:10:02,51.7443,-9.31424,5.7,7.5,0,0,,2024-May-25,03:10:02
4732,2024-05-25 03:11:02,51.7443,-9.31424,5.7,7.5,0,0,,2024-May-25,03:11:02
4733,2024-05-25 03:12:02,51.7443,-9.31424,5.7,7.5,0,0,,2024-May-25,03:12:02
4734,2024-05-25 03:13:02,51.7443,-9.31424,5.7,7.5,0,0,,2024-May-25,03:13:02
4735,2024-05-25 03:14:02,51.7443,-9.31424,5.7,7.75,0,0,,2024-May-25,03:14:02
4736,2024-05-25 03:15:02,51.7443,-9.31424,5.7,7.75,0,0,,2024-May-25,03:15:02
4737,2024-05-25 03:16:02,51.7443,-9.31424,5.7,7.75,0,0,,2024-May-25,03:16:02
4738,2024-05-25 03:17:02,51.7443,-9.31424,5.7,7.75,0,0,,2024-May-25,03:17:02
4739,2024-05-25 03:18:02,51.7443,-9.31424,5.7,7.75,0,0,,2024-May-25,03:18:02
4740,2024-05-25 03:19:02,51.7443,-9.31424,5.7,7.75,0,0,,2024-May-25,03:19:02
4741,2024-05-25 03:20:02,51.7443,-9.31424,5.7,7.75,0,0,,2024-May-25,03:20:02
4742,2024-05-25 03:21:02,51.7443,-9.31424,5.7,7.75,0,0,,2024-May-25,03:21:02
4743,2024-05-25 03:22:02,51.7443,-9.31424,5.7,7.75,0,0,,2024-May-25,03:22:02
4744,2024-05-25 03:23:02,51.7443,-9.31424,5.7,7.75,0,0,,2024-May-25,03:23:02
4745,2024-05-25 03:24:02,51.7443,-9.31424,5.7,7.75,0,0,,2024-May-25,03:24:02
4746,2024-05-25 03:25:02,51.7443,-9.31424,5.7,7.75,0,0,,2024-May-25,03:25:02
4747,2024-05-25 03:26:02,51.7443,-9.31424,5.7,7.75,0,0,,2024-May-25,03:26:02
4748,2024-05-25 03:27:02,51.7443,-9.31424,5.7,8,0,0,,2024-May-25,03:27:02
4749,2024-05-25 03:28:02,51.7443,-9.31424,5.7,8,0,0,,2024-May-25,03:28:02
4750,2024-05-25 03:29:02,51.7443,-9.31424,5.7,8,0,0,,2024-May-25,03:29:02
4751,2024-05-25 03:30:02,51.7443,-9.31424,5.7,8,0,0,,2024-May-25,03:30:02
4752,2024-05-25 03:31:02,51.7443,-9.31424,5.7,8,0,0,,2024-May-25,03:31:02
4753,2024-05-25 03:32:02,51.7443,-9.31424,5.7,8,0,0,,2024-May-25,03:32:02
4754,2024-05-25 03:33:02,51.7443,-9.31424,5.7,8,0,0,,2024-May-25,03:33:02
4755,2024-05-25 03:34:02,51.7443,-9.31424,5.7,8,0,0,,2024-May-25,03:34:02
4756,2024-05-25 03:35:02,51.7443,-9.31424,5.7,8,0,0,,2024-May-25,03:35:02
4757,2024-05-25 03:36:02,51.7443,-9.31424,5.7,8,0,0,,2024-May-25,03:36:02
4758,2024-05-25 03:37:02,51.7443,-9.31424,5.7,8,0,0,,2024-May-25,03:37:02
4759,2024-05-25 03:38:02,51.7443,-9.31424,5.7,8,0,0,,2024-May-25,03:38:02
4760,2024-05-25 03:39:02,51.7443,-9.31424,5.7,8,0,0,,2024-May-25,03:39:02
4761,2024-05-25 03:40:02,51.7443,-9.31424,5.7,8,0,1,,2024-May-25,03:40:02
4762,2024-05-25 03:41:02,51.7443,-9.31424,5.7,8,0,0,,2024-May-25,03:41:02
4763,2024-05-25 03:42:02,51.7443,-9.31424,5.7,8,0,0,,2024-May-25,03:42:02
4764,2024-05-25 03:43:02,51.7443,-9.31424,5.7,8.25,0,0,,2024-May-25,03:43:02
4765,2024-05-25 03:44:02,51.7443,-9.31424,5.7,8,0,0,,2024-May-25,03:44:02
4766,2024-05-25 03:45:02,51.7443,-9.31424,5.7,8,0,0,,2024-May-25,03:45:02
4767,2024-05-25 03:46:02,51.7443,-9.31424,5.7,8,0,0,,2024-May-25,03:46:02
4768,2024-05-25 03:47:02,51.7443,-9.31424,5.7,8.25,0,0,,2024-May-25,03:47:02
4769,2024-05-25 03:48:02,51.7443,-9.31424,5.7,8,0,0,,2024-May-25,03:48:02
4770,2024-05-25 03:49:02,51.7443,-9.31424,5.7,8,0,0,,2024-May-25,03:49:02
4771,2024-05-25 03:50:02,51.7443,-9.31424,5.7,8.25,0,0,,2024-May-25,03:50:02
4772,2024-05-25 03:51:02,51.7443,-9.31424,5.7,8.25,0,0,,2024-May-25,03:51:02
4773,2024-05-25 03:52:02,51.7443,-9.31424,5.7,8,1,0,,2024-May-25,03:52:02
4774,2024-05-25 03:53:02,51.7443,-9.31424,5.7,8,0,0,,2024-May-25,03:53:02
4775,2024-05-25 03:54:02,51.7443,-9.31424,5.7,8.25,0,0,,2024-May-25,03:54:02
4776,2024-05-25 03:55:02,51.7443,-9.31424,5.7,8,0,0,,2024-May-25,03:55:02
4777,2024-05-25 03:56:02,51.7443,-9.31424,5.7,8.25,0,0,,2024-May-25,03:56:02
4778,2024-05-25 03:57:02,51.7443,-9.31424,5.6,8.25,2,0,,2024-May-25,03:57:02
4779,2024-05-25 03:58:02,51.7443,-9.31424,5.7,8,0,1,,2024-May-25,03:58:02
4780,2024-05-25 03:59:02,51.7443,-9.31424,5.7,8.5,1,0,,2024-May-25,03:59:02
4781,2024-05-25 04:00:02,51.7443,-9.31424,5.7,8,0,0,,2024-May-25,04:00:02
4782,2024-05-25 04:01:02,51.7443,-9.31424,5.7,8.25,0,0,,2024-May-25,04:01:02
4783,2024-05-25 04:02:02,51.7443,-9.31424,5.7,8.25,1,0,,2024-May-25,04:02:02
4784,2024-05-25 04:03:02,51.7443,-9.31424,5.7,8.25,0,0,,2024-May-25,04:03:02
4785,2024-05-25 04:04:02,51.7443,-9.31424,5.7,8.25,0,0,,2024-May-25,04:04:02
4786,2024-05-25 04:05:02,51.7443,-9.31424,5.7,8.25,0,0,,2024-May-25,04:05:02
4787,2024-05-25 04:06:02,51.7443,-9.31424,5.7,8.25,0,0,,2024-May-25,04:06:02
4788,2024-05-25 04:07:02,51.7443,-9.31424,5.7,8.25,0,0,,2024-May-25,04:07:02
4789,2024-05-25 04:08:02,51.7443,-9.31424,5.7,8.25,0,0,,2024-May-25,04:08:02
4790,2024-05-25 04:09:02,51.7443,-9.31424,5.7,8.25,0,0,,2024-May-25,04:09:02
4791,2024-05-25 04:10:02,51.7443,-9.31424,5.7,8.25,0,0,,2024-May-25,04:10:02
4792,2024-05-25 04:11:02,51.7443,-9.31424,5.7,8.5,0,0,,2024-May-25,04:11:02
4793,2024-05-25 04:12:02,51.7443,-9.31424,5.7,8.25,0,0,,2024-May-25,04:12:02
4794,2024-05-25 04:13:02,51.7443,-9.31424,5.7,8.25,0,0,,2024-May-25,04:13:02
4795,2024-05-25 04:14:02,51.7443,-9.31424,5.7,8.5,0,0,,2024-May-25,04:14:02
4796,2024-05-25 04:15:02,51.7443,-9.31424,5.7,8.25,0,0,,2024-May-25,04:15:02
4797,2024-05-25 04:16:02,51.7443,-9.31424,5.7,8.75,0,0,,2024-May-25,04:16:02
4798,2024-05-25 04:17:02,51.7443,-9.31424,5.7,8.5,0,0,,2024-May-25,04:17:02
4799,2024-05-25 04:18:02,51.7443,-9.31424,5.7,8.5,0,0,,2024-May-25,04:18:02
4800,2024-05-25 04:19:02,51.7443,-9.31424,5.7,8.5,0,0,,2024-May-25,04:19:02
4801,2024-05-25 04:20:02,51.7443,-9.31424,5.7,8.5,0,0,,2024-May-25,04:20:02
4802,2024-05-25 04:21:02,51.7443,-9.31424,5.7,8.5,0,0,,2024-May-25,04:21:02
4803,2024-05-25 04:22:02,51.7443,-9.31424,5.7,8.5,0,0,,2024-May-25,04:22:02
4804,2024-05-25 04:23:02,51.7443,-9.31424,5.7,8.5,0,0,,2024-May-25,04:23:02
4805,2024-05-25 04:24:02,51.7443,-9.31424,5.7,8.5,0,0,,2024-May-25,04:24:02
4806,2024-05-25 04:25:02,51.7443,-9.31424,5.7,8.5,0,0,,2024-May-25,04:25:02
4807,2024-05-25 04:26:02,51.7443,-9.31424,5.7,8.5,0,0,,2024-May-25,04:26:02
4808,2024-05-25 04:27:02,51.7443,-9.31424,5.7,8.75,0,0,,2024-May-25,04:27:02
4809,2024-05-25 04:28:02,51.7443,-9.31424,5.7,8.5,0,0,,2024-May-25,04:28:02
4810,2024-05-25 04:29:02,51.7443,-9.31424,5.7,8.5,0,0,,2024-May-25,04:29:02
4811,2024-05-25 04:30:02,51.7443,-9.31424,5.7,8.75,0,0,,2024-May-25,04:30:02
4812,2024-05-25 04:31:02,51.7443,-9.31424,5.7,8.5,0,0,,2024-May-25,04:31:02
4813,2024-05-25 04:32:02,51.7443,-9.31424,5.7,8.5,0,0,,2024-May-25,04:32:02
4814,2024-05-25 04:33:02,51.7443,-9.31424,5.7,8.5,0,0,,2024-May-25,04:33:02
4815,2024-05-25 04:34:02,51.7443,-9.31424,5.7,8.5,0,0,,2024-May-25,04:34:02
4816,2024-05-25 04:35:02,51.7443,-9.31424,5.7,8.5,0,0,,2024-May-25,04:35:02
4817,2024-05-25 04:36:02,51.7443,-9.31424,5.7,8.5,0,0,,2024-May-25,04:36:02
4818,2024-05-25 04:37:02,51.7443,-9.31424,5.7,8.5,0,0,,2024-May-25,04:37:02
4819,2024-05-25 04:38:02,51.7443,-9.31424,5.7,8.5,0,0,,2024-May-25,04:38:02
4820,2024-05-25 04:39:02,51.7443,-9.31424,5.7,8.75,0,0,,2024-May-25,04:39:02
4821,2024-05-25 04:40:02,51.7443,-9.31424,5.7,9,0,0,,2024-May-25,04:40:02
4822,2024-05-25 04:41:02,51.7443,-9.31424,5.7,8.75,0,0,,2024-May-25,04:41:02
4823,2024-05-25 04:42:02,51.7443,-9.31424,5.7,8.5,0,0,,2024-May-25,04:42:02
4824,2024-05-25 04:43:02,51.7443,-9.31424,5.7,8.75,0,0,,2024-May-25,04:43:02
4825,2024-05-25 04:44:02,51.7443,-9.31424,5.7,8.75,0,0,,2024-May-25,04:44:02
4826,2024-05-25 04:45:02,51.7443,-9.31424,5.7,8.75,0,0,,2024-May-25,04:45:02
4827,2024-05-25 04:46:02,51.7443,-9.31424,5.7,8.75,0,0,,2024-May-25,04:46:02
4828,2024-05-25 04:47:02,51.7443,-9.31424,5.7,8.75,0,0,,2024-May-25,04:47:02
4829,2024-05-25 04:48:02,51.7443,-9.31424,5.7,8.75,0,0,,2024-May-25,04:48:02
4830,2024-05-25 04:49:02,51.7443,-9.31424,5.7,8.75,0,0,,2024-May-25,04:49:02
4831,2024-05-25 04:50:02,51.7443,-9.31424,5.7,8.75,0,0,,2024-May-25,04:50:02
4832,2024-05-25 04:51:02,51.7443,-9.31424,5.7,8.75,0,0,,2024-May-25,04:51:02
4833,2024-05-25 04:52:02,51.7443,-9.31424,5.7,9,0,0,,2024-May-25,04:52:02
4834,2024-05-25 04:53:02,51.7443,-9.31424,5.7,9,0,0,,2024-May-25,04:53:02
4835,2024-05-25 04:54:02,51.7443,-9.31424,5.7,8.75,0,0,,2024-May-25,04:54:02
4836,2024-05-25 04:55:02,51.7443,-9.31424,5.7,9,0,0,,2024-May-25,04:55:02
4837,2024-05-25 04:56:02,51.7443,-9.31424,5.7,9,0,0,,2024-May-25,04:56:02
4838,2024-05-25 04:57:02,51.7443,-9.31424,5.7,8.75,0,0,,2024-May-25,04:57:02
4839,2024-05-25 04:58:02,51.7443,-9.31424,5.7,9,0,0,,2024-May-25,04:58:02
4840,2024-05-25 04:59:02,51.7443,-9.31424,5.7,9.25,0,0,,2024-May-25,04:59:02
4841,2024-05-25 05:00:02,51.7443,-9.31424,5.7,9,0,0,,2024-May-25,05:00:02
4842,2024-05-25 05:01:02,51.7443,-9.31424,5.7,8.75,0,0,,2024-May-25,05:01:02
4843,2024-05-25 05:02:02,51.7443,-9.31424,5.7,9.25,0,0,,2024-May-25,05:02:02
4844,2024-05-25 05:03:02,51.7443,-9.31424,5.7,8.75,0,0,,2024-May-25,05:03:02
4845,2024-05-25 05:04:02,51.7443,-9.31424,5.7,9.25,0,0,,2024-May-25,05:04:02
4846,2024-05-25 05:05:02,51.7443,-9.31424,5.7,9,0,0,,2024-May-25,05:05:02
4847,2024-05-25 05:06:02,51.7443,-9.31424,5.7,9,0,0,,2024-May-25,05:06:02
4848,2024-05-25 05:07:02,51.7443,-9.31424,5.7,9.25,0,0,,2024-May-25,05:07:02
4849,2024-05-25 05:08:02,51.7443,-9.31424,5.7,9,0,0,,2024-May-25,05:08:02
4850,2024-05-25 05:09:02,51.7443,-9.31424,5.7,9,0,0,,2024-May-25,05:09:02
4851,2024-05-25 05:10:02,51.7443,-9.31424,5.7,9.25,0,0,,2024-May-25,05:10:02
4852,2024-05-25 05:11:02,51.7443,-9.31424,5.7,9,0,0,,2024-May-25,05:11:02
4853,2024-05-25 05:12:02,51.7443,-9.31424,5.7,9.25,0,0,,2024-May-25,05:12:02
4854,2024-05-25 05:13:02,51.7443,-9.31424,5.7,9,0,0,,2024-May-25,05:13:02
4855,2024-05-25 05:14:02,51.7443,-9.31424,5.7,9,0,0,,2024-May-25,05:14:02
4856,2024-05-25 05:15:02,51.7443,-9.31424,5.7,9.25,0,0,,2024-May-25,05:15:02
4857,2024-05-25 05:16:02,51.7443,-9.31424,5.6,9.25,0,0,,2024-May-25,05:16:02
4858,2024-05-25 05:17:02,51.7443,-9.31424,5.7,9.25,0,0,,2024-May-25,05:17:02
4859,2024-05-25 05:18:02,51.7443,-9.31424,5.7,9,0,0,,2024-May-25,05:18:02
4860,2024-05-25 05:19:02,51.7443,-9.31424,5.6,9.25,0,0,,2024-May-25,05:19:02
4861,2024-05-25 05:20:02,51.7443,-9.31424,5.7,9,0,0,,2024-May-25,05:20:02
4862,2024-05-25 05:21:02,51.7443,-9.31424,5.7,9.25,0,0,,2024-May-25,05:21:02
4863,2024-05-25 05:22:02,51.7443,-9.31424,5.7,9.25,0,0,,2024-May-25,05:22:02
4864,2024-05-25 05:23:02,51.7443,-9.31424,5.6,9,0,0,,2024-May-25,05:23:02
4865,2024-05-25 05:24:02,51.7443,-9.31424,5.6,9,0,0,,2024-May-25,05:24:02
4866,2024-05-25 05:25:02,51.7443,-9.31424,5.7,9,0,0,,2024-May-25,05:25:02
4867,2024-05-25 05:26:02,51.7443,-9.31424,5.7,9,0,0,,2024-May-25,05:26:02
4868,2024-05-25 05:27:02,51.7443,-9.31424,5.7,9,0,0,,2024-May-25,05:27:02
4869,2024-05-25 05:28:02,51.7443,-9.31424,5.7,9,0,0,,2024-May-25,05:28:02
4870,2024-05-25 05:29:02,51.7443,-9.31424,5.7,9,0,0,,2024-May-25,05:29:02
4871,2024-05-25 05:30:02,51.7443,-9.31424,5.7,9.25,0,0,,2024-May-25,05:30:02
4872,2024-05-25 05:31:02,51.7443,-9.31424,5.7,9.25,0,0,,2024-May-25,05:31:02
4873,2024-05-25 05:32:02,51.7443,-9.31424,5.7,9,0,0,,2024-May-25,05:32:02
4874,2024-05-25 05:33:02,51.7443,-9.31424,5.7,9.5,0,0,,2024-May-25,05:33:02
4875,2024-05-25 05:34:02,51.7443,-9.31424,5.6,9.25,0,0,,2024-May-25,05:34:02
4876,2024-05-25 05:35:02,51.7443,-9.31424,5.7,9.25,0,0,,2024-May-25,05:35:02
4877,2024-05-25 05:36:02,51.7443,-9.31424,5.7,9.25,0,0,,2024-May-25,05:36:02
4878,2024-05-25 05:37:02,51.7443,-9.31424,5.7,9.25,0,0,,2024-May-25,05:37:02
4879,2024-05-25 05:38:02,51.7443,-9.31424,5.7,9,0,0,,2024-May-25,05:38:02
4880,2024-05-25 05:39:02,51.7443,-9.31424,5.7,9.5,0,0,,2024-May-25,05:39:02
4881,2024-05-25 05:40:02,51.7443,-9.31424,5.7,9.25,0,0,,2024-May-25,05:40:02
4882,2024-05-25 05:41:02,51.7443,-9.31424,5.7,9.25,0,0,,2024-May-25,05:41:02
4883,2024-05-25 05:42:02,51.7443,-9.31424,5.7,9.25,0,0,,2024-May-25,05:42:02
4884,2024-05-25 05:43:02,51.7443,-9.31424,5.7,9.5,0,0,,2024-May-25,05:43:02
4885,2024-05-25 05:44:02,51.7443,-9.31424,5.7,9.5,0,0,,2024-May-25,05:44:02
4886,2024-05-25 05:45:02,51.7443,-9.31424,5.7,9.5,0,0,,2024-May-25,05:45:02
4887,2024-05-25 05:46:02,51.7443,-9.31424,5.7,9.5,0,0,,2024-May-25,05:46:02
4888,2024-05-25 05:47:02,51.7443,-9.31424,5.6,9.25,0,0,,2024-May-25,05:47:02
4889,2024-05-25 05:48:02,51.7443,-9.31424,5.7,9.25,0,0,,2024-May-25,05:48:02
4890,2024-05-25 05:49:02,51.7443,-9.31424,5.7,9.5,0,0,,2024-May-25,05:49:02
4891,2024-05-25 05:50:02,51.7443,-9.31424,5.7,9.5,0,0,,2024-May-25,05:50:02
4892,2024-05-25 05:51:02,51.7443,-9.31424,5.6,9.75,0,0,,2024-May-25,05:51:02
4893,2024-05-25 05:52:02,51.7443,-9.31424,5.6,9.5,0,0,,2024-May-25,05:52:02
4894,2024-05-25 05:53:02,51.7443,-9.31424,5.6,9.5,0,0,,2024-May-25,05:53:02
4895,2024-05-25 05:54:02,51.7443,-9.31424,5.6,9.75,0,0,,2024-May-25,05:54:02
4896,2024-05-25 05:55:02,51.7443,-9.31424,5.6,9.75,0,0,,2024-May-25,05:55:02
4897,2024-05-25 05:56:02,51.7443,-9.31424,5.6,9.75,0,0,,2024-May-25,05:56:02
4898,2024-05-25 05:57:02,51.7443,-9.31424,5.6,9.5,0,0,,2024-May-25,05:57:02
4899,2024-05-25 05:58:02,51.7443,-9.31424,5.6,9.75,0,0,,2024-May-25,05:58:02
4900,2024-05-25 05:59:02,51.7443,-9.31424,5.6,9.75,0,0,,2024-May-25,05:59:02
4901,2024-05-25 06:00:02,51.7443,-9.31424,5.7,9.75,0,0,,2024-May-25,06:00:02
4902,2024-05-25 06:01:00,51.7443,-9.31424,5.7,9.75,0,0,,2024-May-25,06:01:00
4903,2024-05-25 21:08:59,51.7443,-9.31424,5.7,11.75,0,0,,2024-May-25,21:08:59
4904,2024-05-25 21:09:59,51.7443,-9.31424,5.7,11.5,0,0,,2024-May-25,21:09:59
4905,2024-05-25 21:10:59,51.7443,-9.31424,5.7,11.75,0,0,,2024-May-25,21:10:59
4906,2024-05-25 21:11:59,51.7443,-9.31424,5.7,12,0,0,,2024-May-25,21:11:59
4907,2024-05-25 21:12:59,51.7443,-9.31424,5.7,11.75,0,0,,2024-May-25,21:12:59
4908,2024-05-25 21:13:59,51.7443,-9.31424,5.7,12,0,0,,2024-May-25,21:13:59
4909,2024-05-25 21:14:59,51.7443,-9.31424,5.7,11.75,0,0,,2024-May-25,21:14:59
4910,2024-05-25 21:15:59,51.7443,-9.31424,5.7,12,0,0,,2024-May-25,21:15:59
4911,2024-05-25 21:16:59,51.7443,-9.31424,5.7,12,0,1,,2024-May-25,21:16:59
4912,2024-05-25 21:17:59,51.7443,-9.31424,5.7,12,0,0,,2024-May-25,21:17:59
4913,2024-05-25 21:18:59,51.7443,-9.31424,5.7,12,0,0,,2024-May-25,21:18:59
4914,2024-05-25 21:19:59,51.7443,-9.31424,5.8,12,0,1,,2024-May-25,21:19:59
4915,2024-05-25 21:20:59,51.7443,-9.31424,5.7,12,0,0,,2024-May-25,21:20:59
4916,2024-05-25 21:21:59,51.7443,-9.31424,5.7,12,0,2,,2024-May-25,21:21:59
4917,2024-05-25 21:22:59,51.7443,-9.31424,5.7,12.25,0,0,,2024-May-25,21:22:59
4918,2024-05-25 21:23:59,51.7443,-9.31424,5.7,12,0,1,,2024-May-25,21:23:59
4919,2024-05-25 21:24:59,51.7443,-9.31424,5.7,12,0,0,,2024-May-25,21:24:59
4920,2024-05-25 21:25:59,51.7443,-9.31424,5.7,12,0,1,,2024-May-25,21:25:59
4921,2024-05-25 21:26:59,51.7443,-9.31424,5.7,12,0,1,,2024-May-25,21:26:59
4922,2024-05-25 21:27:59,51.7443,-9.31424,5.7,12,0,0,,2024-May-25,21:27:59
4923,2024-05-25 21:28:59,51.7443,-9.31424,5.7,12.25,0,1,,2024-May-25,21:28:59
4924,2024-05-25 21:29:59,51.7443,-9.31424,5.7,12.25,0,2,,2024-May-25,21:29:59
4925,2024-05-25 21:30:59,51.7443,-9.31424,5.7,12.25,0,0,,2024-May-25,21:30:59
4926,2024-05-25 21:31:59,51.7443,-9.31424,5.7,12.25,0,1,,2024-May-25,21:31:59
4927,2024-05-25 21:32:59,51.7443,-9.31424,5.7,12.25,0,2,,2024-May-25,21:32:59
4928,2024-05-25 21:33:59,51.7443,-9.31424,5.7,12.25,0,1,,2024-May-25,21:33:59
4929,2024-05-25 21:34:59,51.7443,-9.31424,5.7,12.25,0,1,,2024-May-25,21:34:59
4930,2024-05-25 21:35:59,51.7443,-9.31424,5.7,12.25,0,0,,2024-May-25,21:35:59
4931,2024-05-25 21:36:59,51.7443,-9.31424,5.7,12.25,0,2,,2024-May-25,21:36:59
4932,2024-05-25 21:37:59,51.7443,-9.31424,5.7,12.25,0,1,,2024-May-25,21:37:59
4933,2024-05-25 21:38:59,51.7443,-9.31424,5.6,12.25,0,1,,2024-May-25,21:38:59
4934,2024-05-25 21:39:59,51.7443,-9.31424,5.7,12.25,0,2,,2024-May-25,21:39:59
4935,2024-05-25 21:40:59,51.7443,-9.31424,5.7,12.25,0,2,,2024-May-25,21:40:59
4936,2024-05-25 21:41:59,51.7443,-9.31424,5.6,12.25,0,3,,2024-May-25,21:41:59
4937,2024-05-25 21:42:59,51.7443,-9.31424,5.7,12.25,0,2,,2024-May-25,21:42:59
4938,2024-05-25 21:43:59,51.7443,-9.31424,5.7,12.25,0,0,,2024-May-25,21:43:59
4939,2024-05-25 21:44:59,51.7443,-9.31424,5.7,12.25,0,1,,2024-May-25,21:44:59
4940,2024-05-25 21:45:59,51.7443,-9.31424,5.7,12.25,0,0,,2024-May-25,21:45:59
4941,2024-05-25 21:46:59,51.7443,-9.31424,5.7,12.25,0,0,,2024-May-25,21:46:59
4942,2024-05-25 21:47:59,51.7443,-9.31424,5.7,12.25,0,0,,2024-May-25,21:47:59
4943,2024-05-25 21:48:59,51.7443,-9.31424,5.7,12.25,0,1,,2024-May-25,21:48:59
4944,2024-05-25 21:49:59,51.7443,-9.31424,5.7,12.25,0,0,,2024-May-25,21:49:59
4945,2024-05-25 21:50:59,51.7443,-9.31424,5.7,12.25,0,2,,2024-May-25,21:50:59
4946,2024-05-25 21:51:59,51.7443,-9.31424,5.7,12.25,0,0,,2024-May-25,21:51:59
4947,2024-05-25 21:52:59,51.7443,-9.31424,5.7,12.25,0,0,,2024-May-25,21:52:59
4948,2024-05-25 21:53:59,51.7443,-9.31424,5.7,12.25,0,1,,2024-May-25,21:53:59
4949,2024-05-25 21:54:59,51.7443,-9.31424,5.7,12.25,0,0,,2024-May-25,21:54:59
4950,2024-05-25 21:55:59,51.7443,-9.31424,5.7,12.25,0,0,,2024-May-25,21:55:59
4951,2024-05-25 21:56:59,51.7443,-9.31424,5.7,12.25,0,1,,2024-May-25,21:56:59
4952,2024-05-25 21:57:59,51.7443,-9.31424,5.7,12.25,0,0,,2024-May-25,21:57:59
4953,2024-05-25 21:58:59,51.7443,-9.31424,5.7,12.25,0,1,,2024-May-25,21:58:59
4954,2024-05-25 21:59:59,51.7443,-9.31424,5.7,12.25,0,3,,2024-May-25,21:59:59
4955,2024-05-25 22:00:59,51.7443,-9.31424,5.7,12.25,0,0,,2024-May-25,22:00:59
4956,2024-05-25 22:01:59,51.7443,-9.31424,5.7,12.25,0,0,,2024-May-25,22:01:59
4957,2024-05-25 22:02:59,51.7443,-9.31424,5.6,12,0,1,,2024-May-25,22:02:59
4958,2024-05-25 22:03:59,51.7443,-9.31424,5.7,12.25,0,1,,2024-May-25,22:03:59
4959,2024-05-25 22:04:59,51.7443,-9.31424,5.7,12.25,0,3,,2024-May-25,22:04:59
4960,2024-05-25 22:05:59,51.7443,-9.31424,5.7,12.25,0,0,,2024-May-25,22:05:59
4961,2024-05-25 22:06:59,51.7443,-9.31424,5.7,12.25,0,0,,2024-May-25,22:06:59
4962,2024-05-25 22:07:59,51.7443,-9.31424,5.7,12.25,0,1,,2024-May-25,22:07:59
4963,2024-05-25 22:08:59,51.7443,-9.31424,5.7,12.25,0,0,,2024-May-25,22:08:59
4964,2024-05-25 22:09:59,51.7443,-9.31424,5.7,12.25,0,1,,2024-May-25,22:09:59
4965,2024-05-25 22:10:59,51.7443,-9.31424,5.7,12.25,0,2,,2024-May-25,22:10:59
4966,2024-05-25 22:11:59,51.7443,-9.31424,5.7,12.25,0,0,,2024-May-25,22:11:59
4967,2024-05-25 22:12:59,51.7443,-9.31424,5.7,12.25,0,0,,2024-May-25,22:12:59
4968,2024-05-25 22:13:59,51.7443,-9.31424,5.7,12.25,0,0,,2024-May-25,22:13:59
4969,2024-05-25 22:14:59,51.7443,-9.31424,5.7,12.25,0,2,,2024-May-25,22:14:59
4970,2024-05-25 22:15:59,51.7443,-9.31424,5.7,12.25,0,1,,2024-May-25,22:15:59
4971,2024-05-25 22:16:59,51.7443,-9.31424,5.7,12.25,0,2,,2024-May-25,22:16:59
4972,2024-05-25 22:17:59,51.7443,-9.31424,5.7,12.25,0,0,,2024-May-25,22:17:59
4973,2024-05-25 22:18:59,51.7443,-9.31424,5.7,12.25,0,0,,2024-May-25,22:18:59
4974,2024-05-25 22:19:59,51.7443,-9.31424,5.7,12.25,0,0,,2024-May-25,22:19:59
4975,2024-05-25 22:20:59,51.7443,-9.31424,5.7,12.25,0,0,,2024-May-25,22:20:59
4976,2024-05-25 22:21:59,51.7443,-9.31424,5.7,12.25,0,0,,2024-May-25,22:21:59
4977,2024-05-25 22:22:59,51.7443,-9.31424,5.7,12.25,0,1,,2024-May-25,22:22:59
4978,2024-05-25 22:23:59,51.7443,-9.31424,5.7,12.25,0,0,,2024-May-25,22:23:59
4979,2024-05-25 22:24:59,51.7443,-9.31424,5.6,12,0,1,,2024-May-25,22:24:59
4980,2024-05-25 22:25:59,51.7443,-9.31424,5.7,12.25,0,1,,2024-May-25,22:25:59
4981,2024-05-25 22:26:59,51.7443,-9.31424,5.6,12.25,0,0,,2024-May-25,22:26:59
4982,2024-05-25 22:27:59,51.7443,-9.31424,5.7,12.25,0,1,,2024-May-25,22:27:59
4983,2024-05-25 22:28:59,51.7443,-9.31424,5.7,12.25,0,0,,2024-May-25,22:28:59
4984,2024-05-25 22:29:59,51.7443,-9.31424,5.7,12.25,0,0,,2024-May-25,22:29:59
4985,2024-05-25 22:30:59,51.7443,-9.31424,5.7,12.25,0,0,,2024-May-25,22:30:59
4986,2024-05-25 22:31:59,51.7443,-9.31424,5.7,12.25,0,0,,2024-May-25,22:31:59
4987,2024-05-25 22:32:59,51.7443,-9.31424,5.7,12,0,0,,2024-May-25,22:32:59
4988,2024-05-25 22:33:59,51.7443,-9.31424,5.7,12.25,0,1,,2024-May-25,22:33:59
4989,2024-05-25 22:34:59,51.7443,-9.31424,5.7,12.25,0,0,,2024-May-25,22:34:59
4990,2024-05-25 22:35:59,51.7443,-9.31424,5.7,12,0,0,,2024-May-25,22:35:59
4991,2024-05-25 22:36:59,51.7443,-9.31424,5.7,12,0,0,,2024-May-25,22:36:59
4992,2024-05-25 22:37:59,51.7443,-9.31424,5.7,12.25,0,0,,2024-May-25,22:37:59
4993,2024-05-25 22:38:59,51.7443,-9.31424,5.7,12.25,0,0,,2024-May-25,22:38:59
4994,2024-05-25 22:39:59,51.7443,-9.31424,5.7,12,0,0,,2024-May-25,22:39:59
4995,2024-05-25 22:40:59,51.7443,-9.31424,5.7,12.25,0,0,,2024-May-25,22:40:59
4996,2024-05-25 22:41:59,51.7443,-9.31424,5.7,12.25,0,0,,2024-May-25,22:41:59
4997,2024-05-25 22:42:59,51.7443,-9.31424,5.7,12.25,0,0,,2024-May-25,22:42:59
4998,2024-05-25 22:43:59,51.7443,-9.31424,5.7,12,0,2,,2024-May-25,22:43:59
4999,2024-05-25 22:44:59,51.7443,-9.31424,5.7,12,0,1,,2024-May-25,22:44:59
5000,2024-05-25 22:45:59,51.7443,-9.31424,5.7,12,0,0,,2024-May-25,22:45:59
5001,2024-05-25 22:46:59,51.7443,-9.31424,5.7,12.25,0,0,,2024-May-25,22:46:59
5002,2024-05-25 22:47:59,51.7443,-9.31424,5.7,12,0,2,,2024-May-25,22:47:59
5003,2024-05-25 22:48:59,51.7443,-9.31424,5.7,12,0,2,,2024-May-25,22:48:59
5004,2024-05-25 22:49:59,51.7443,-9.31424,5.7,12,0,0,,2024-May-25,22:49:59
5005,2024-05-25 22:50:59,51.7443,-9.31424,5.7,12,0,0,,2024-May-25,22:50:59
5006,2024-05-25 22:51:59,51.7443,-9.31424,5.7,12,0,0,,2024-May-25,22:51:59
5007,2024-05-25 22:52:59,51.7443,-9.31424,5.7,12.25,0,0,,2024-May-25,22:52:59
5008,2024-05-25 22:53:59,51.7443,-9.31424,5.7,12,0,0,,2024-May-25,22:53:59
5009,2024-05-25 22:54:59,51.7443,-9.31424,5.7,12.25,0,0,,2024-May-25,22:54:59
5010,2024-05-25 22:55:59,51.7443,-9.31424,5.7,12.25,0,0,,2024-May-25,22:55:59
5011,2024-05-25 22:56:59,51.7443,-9.31424,5.7,12,0,1,,2024-May-25,22:56:59
5012,2024-05-25 22:57:59,51.7443,-9.31424,5.7,12,0,0,,2024-May-25,22:57:59
5013,2024-05-25 22:58:59,51.7443,-9.31424,5.7,12,0,1,,2024-May-25,22:58:59
5014,2024-05-25 22:59:59,51.7443,-9.31424,5.7,12,0,0,,2024-May-25,22:59:59
5015,2024-05-25 23:00:59,51.7443,-9.31424,5.7,12,0,0,,2024-May-25,23:00:59
5016,2024-05-25 23:01:59,51.7443,-9.31424,5.7,12,0,0,,2024-May-25,23:01:59
5017,2024-05-25 23:02:59,51.7443,-9.31424,5.7,12,0,1,,2024-May-25,23:02:59
5018,2024-05-25 23:03:59,51.7443,-9.31424,5.7,12,0,2,,2024-May-25,23:03:59
5019,2024-05-25 23:04:59,51.7443,-9.31424,5.7,12,0,2,,2024-May-25,23:04:59
5020,2024-05-25 23:05:59,51.7443,-9.31424,5.7,12,0,1,,2024-May-25,23:05:59
5021,2024-05-25 23:06:59,51.7443,-9.31424,5.7,12,0,1,,2024-May-25,23:06:59
5022,2024-05-25 23:07:59,51.7443,-9.31424,5.7,12,0,0,,2024-May-25,23:07:59
5023,2024-05-25 23:08:59,51.7443,-9.31424,5.7,12,0,0,,2024-May-25,23:08:59
5024,2024-05-25 23:09:59,51.7443,-9.31424,5.7,12,0,0,,2024-May-25,23:09:59
5025,2024-05-25 23:10:59,51.7443,-9.31424,5.7,12,0,0,,2024-May-25,23:10:59
5026,2024-05-25 23:11:59,51.7443,-9.31424,5.7,12,0,0,,2024-May-25,23:11:59
5027,2024-05-25 23:12:59,51.7443,-9.31424,5.7,12,0,0,,2024-May-25,23:12:59
5028,2024-05-25 23:13:59,51.7443,-9.31424,5.7,12,0,0,,2024-May-25,23:13:59
5029,2024-05-25 23:14:59,51.7443,-9.31424,5.7,12,0,0,,2024-May-25,23:14:59
5030,2024-05-25 23:15:59,51.7443,-9.31424,5.7,12,0,0,,2024-May-25,23:15:59
5031,2024-05-25 23:16:59,51.7443,-9.31424,5.7,12,0,0,,2024-May-25,23:16:59
5032,2024-05-25 23:17:59,51.7443,-9.31424,5.7,12,0,0,,2024-May-25,23:17:59
5033,2024-05-25 23:18:59,51.7443,-9.31424,5.7,12,0,0,,2024-May-25,23:18:59
5034,2024-05-25 23:19:59,51.7443,-9.31424,5.7,12,0,0,,2024-May-25,23:19:59
5035,2024-05-25 23:20:59,51.7443,-9.31424,5.7,12,0,0,,2024-May-25,23:20:59
5036,2024-05-25 23:21:59,51.7443,-9.31424,5.7,12,0,0,,2024-May-25,23:21:59
5037,2024-05-25 23:22:59,51.7443,-9.31424,5.7,11.75,0,0,,2024-May-25,23:22:59
5038,2024-05-25 23:23:59,51.7443,-9.31424,5.7,11.75,0,0,,2024-May-25,23:23:59
5039,2024-05-25 23:24:59,51.7443,-9.31424,5.7,12,0,0,,2024-May-25,23:24:59
5040,2024-05-25 23:25:59,51.7443,-9.31424,5.7,12,0,0,,2024-May-25,23:25:59
5041,2024-05-25 23:26:59,51.7443,-9.31424,5.7,11.75,0,0,,2024-May-25,23:26:59
5042,2024-05-25 23:27:59,51.7443,-9.31424,5.7,12,0,0,,2024-May-25,23:27:59
5043,2024-05-25 23:28:59,51.7443,-9.31424,5.7,12,0,0,,2024-May-25,23:28:59
5044,2024-05-25 23:29:59,51.7443,-9.31424,5.7,12,0,0,,2024-May-25,23:29:59
5045,2024-05-25 23:30:59,51.7443,-9.31424,5.7,11.75,0,0,,2024-May-25,23:30:59
5046,2024-05-25 23:31:59,51.7443,-9.31424,5.7,12,0,0,,2024-May-25,23:31:59
5047,2024-05-25 23:32:59,51.7443,-9.31424,5.7,12,0,0,,2024-May-25,23:32:59
5048,2024-05-25 23:33:59,51.7443,-9.31424,5.7,12,0,0,,2024-May-25,23:33:59
5049,2024-05-25 23:34:59,51.7443,-9.31424,5.7,12,0,0,,2024-May-25,23:34:59
5050,2024-05-25 23:35:59,51.7443,-9.31424,5.7,12,0,0,,2024-May-25,23:35:59
5051,2024-05-25 23:36:59,51.7443,-9.31424,5.7,12,0,0,,2024-May-25,23:36:59
5052,2024-05-25 23:37:59,51.7443,-9.31424,5.7,12,0,0,,2024-May-25,23:37:59
5053,2024-05-25 23:38:59,51.7443,-9.31424,5.7,11.75,0,0,,2024-May-25,23:38:59
5054,2024-05-25 23:39:59,51.7443,-9.31424,5.7,12,0,0,,2024-May-25,23:39:59
5055,2024-05-25 23:40:59,51.7443,-9.31424,5.7,12,0,0,,2024-May-25,23:40:59
5056,2024-05-25 23:41:59,51.7443,-9.31424,5.7,12,0,0,,2024-May-25,23:41:59
5057,2024-05-25 23:42:59,51.7443,-9.31424,5.7,12,0,0,,2024-May-25,23:42:59
5058,2024-05-25 23:43:59,51.7443,-9.31424,5.7,12,0,0,,2024-May-25,23:43:59
5059,2024-05-25 23:44:59,51.7443,-9.31424,5.7,12,0,0,,2024-May-25,23:44:59
5060,2024-05-25 23:45:59,51.7443,-9.31424,5.7,12,0,0,,2024-May-25,23:45:59
5061,2024-05-25 23:46:59,51.7443,-9.31424,5.7,12,0,0,,2024-May-25,23:46:59
5062,2024-05-25 23:47:59,51.7443,-9.31424,5.7,12,0,0,,2024-May-25,23:47:59
5063,2024-05-25 23:48:59,51.7443,-9.31424,5.7,12,0,0,,2024-May-25,23:48:59
5064,2024-05-25 23:49:59,51.7443,-9.31424,5.7,11.75,0,0,,2024-May-25,23:49:59
5065,2024-05-25 23:50:59,51.7443,-9.31424,5.7,11.75,0,0,,2024-May-25,23:50:59
5066,2024-05-25 23:51:59,51.7443,-9.31424,5.7,12,0,0,,2024-May-25,23:51:59
5067,2024-05-25 23:52:59,51.7443,-9.31424,5.7,12,0,0,,2024-May-25,23:52:59
5068,2024-05-25 23:53:59,51.7443,-9.31424,5.7,11.75,0,0,,2024-May-25,23:53:59
5069,2024-05-25 23:54:59,51.7443,-9.31424,5.7,11.75,0,0,,2024-May-25,23:54:59
5070,2024-05-25 23:55:59,51.7443,-9.31424,5.7,12,0,0,,2024-May-25,23:55:59
5071,2024-05-25 23:56:59,51.7443,-9.31424,5.7,12,0,0,,2024-May-25,23:56:59
5072,2024-05-25 23:57:59,51.7443,-9.31424,5.7,12,0,0,,2024-May-25,23:57:59
5073,2024-05-25 23:58:59,51.7443,-9.31424,5.7,11.75,0,0,,2024-May-25,23:58:59
5074,2024-05-25 23:59:59,51.7443,-9.31424,5.7,12,0,0,,2024-May-25,23:59:59
5075,2024-05-26 00:00:59,51.7443,-9.31424,5.7,11.75,0,0,,2024-May-26,00:00:59
5076,2024-05-26 00:01:59,51.7443,-9.31424,5.7,12,0,0,,2024-May-26,00:01:59
5077,2024-05-26 00:02:59,51.7443,-9.31424,5.7,11.75,0,0,,2024-May-26,00:02:59
5078,2024-05-26 00:03:59,51.7443,-9.31424,5.7,11.75,0,0,,2024-May-26,00:03:59
5079,2024-05-26 00:04:59,51.7443,-9.31424,5.7,12,0,0,,2024-May-26,00:04:59
5080,2024-05-26 00:05:59,51.7443,-9.31424,5.7,11.75,0,0,,2024-May-26,00:05:59
5081,2024-05-26 00:06:59,51.7443,-9.31424,5.7,11.75,0,0,,2024-May-26,00:06:59
5082,2024-05-26 00:07:59,51.7443,-9.31424,5.7,11.75,0,0,,2024-May-26,00:07:59
5083,2024-05-26 00:08:59,51.7443,-9.31424,5.7,12,0,0,,2024-May-26,00:08:59
5084,2024-05-26 00:09:59,51.7443,-9.31424,5.7,11.75,0,0,,2024-May-26,00:09:59
5085,2024-05-26 00:10:59,51.7443,-9.31424,5.7,11.75,0,0,,2024-May-26,00:10:59
5086,2024-05-26 00:11:59,51.7443,-9.31424,5.7,11.75,0,0,,2024-May-26,00:11:59
5087,2024-05-26 00:12:59,51.7443,-9.31424,5.7,12,0,0,,2024-May-26,00:12:59
5088,2024-05-26 00:13:59,51.7443,-9.31424,5.7,11.75,0,0,,2024-May-26,00:13:59
5089,2024-05-26 00:14:59,51.7443,-9.31424,5.7,11.75,0,0,,2024-May-26,00:14:59
5090,2024-05-26 00:15:59,51.7443,-9.31424,5.7,11.75,0,0,,2024-May-26,00:15:59
5091,2024-05-26 00:16:59,51.7443,-9.31424,5.7,11.75,0,0,,2024-May-26,00:16:59
5092,2024-05-26 00:17:59,51.7443,-9.31424,5.7,11.75,0,0,,2024-May-26,00:17:59
5093,2024-05-26 00:18:59,51.7443,-9.31424,5.7,11.75,0,0,,2024-May-26,00:18:59
5094,2024-05-26 00:19:59,51.7443,-9.31424,5.7,11.75,0,0,,2024-May-26,00:19:59
5095,2024-05-26 00:20:59,51.7443,-9.31424,5.7,11.75,0,0,,2024-May-26,00:20:59
5096,2024-05-26 00:21:59,51.7443,-9.31424,5.7,11.75,0,0,,2024-May-26,00:21:59
5097,2024-05-26 00:22:59,51.7443,-9.31424,5.7,11.75,0,0,,2024-May-26,00:22:59
5098,2024-05-26 00:23:59,51.7443,-9.31424,5.7,11.75,0,0,,2024-May-26,00:23:59
5099,2024-05-26 00:24:59,51.7443,-9.31424,5.7,11.75,0,0,,2024-May-26,00:24:59
5100,2024-05-26 00:25:59,51.7443,-9.31424,5.7,11.75,0,0,,2024-May-26,00:25:59
5101,2024-05-26 00:26:59,51.7443,-9.31424,5.7,12,0,0,,2024-May-26,00:26:59
5102,2024-05-26 00:27:59,51.7443,-9.31424,5.7,11.75,0,0,,2024-May-26,00:27:59
5103,2024-05-26 00:28:59,51.7443,-9.31424,5.7,12,0,0,,2024-May-26,00:28:59
5104,2024-05-26 00:29:59,51.7443,-9.31424,5.7,11.75,0,0,,2024-May-26,00:29:59
5105,2024-05-26 00:30:59,51.7443,-9.31424,5.7,11.75,0,0,,2024-May-26,00:30:59
5106,2024-05-26 00:31:59,51.7443,-9.31424,5.7,11.75,0,0,,2024-May-26,00:31:59
5107,2024-05-26 00:32:59,51.7443,-9.31424,5.7,11.75,0,0,,2024-May-26,00:32:59
5108,2024-05-26 00:33:59,51.7443,-9.31424,5.7,11.75,0,0,,2024-May-26,00:33:59
5109,2024-05-26 00:34:59,51.7443,-9.31424,5.7,11.75,0,0,,2024-May-26,00:34:59
5110,2024-05-26 00:35:59,51.7443,-9.31424,5.7,11.75,0,0,,2024-May-26,00:35:59
5111,2024-05-26 00:36:59,51.7443,-9.31424,5.7,11.75,0,0,,2024-May-26,00:36:59
5112,2024-05-26 00:37:59,51.7443,-9.31424,5.7,11.75,0,1,,2024-May-26,00:37:59
5113,2024-05-26 00:38:59,51.7443,-9.31424,5.7,11.75,0,0,,2024-May-26,00:38:59
5114,2024-05-26 00:39:59,51.7443,-9.31424,5.7,11.75,0,0,,2024-May-26,00:39:59
5115,2024-05-26 00:40:59,51.7443,-9.31424,5.7,11.75,0,0,,2024-May-26,00:40:59
5116,2024-05-26 00:41:59,51.7443,-9.31424,5.7,11.75,0,0,,2024-May-26,00:41:59
5117,2024-05-26 00:42:59,51.7443,-9.31424,5.7,11.75,0,1,,2024-May-26,00:42:59
5118,2024-05-26 00:43:59,51.7443,-9.31424,5.7,11.75,0,2,,2024-May-26,00:43:59
5119,2024-05-26 00:44:59,51.7443,-9.31424,5.7,11.75,0,1,,2024-May-26,00:44:59
5120,2024-05-26 00:45:59,51.7443,-9.31424,5.7,11.75,0,1,,2024-May-26,00:45:59
5121,2024-05-26 00:46:59,51.7443,-9.31424,5.7,11.75,0,0,,2024-May-26,00:46:59
5122,2024-05-26 00:47:59,51.7443,-9.31424,5.7,11.75,0,0,,2024-May-26,00:47:59
5123,2024-05-26 00:48:59,51.7443,-9.31424,5.7,11.75,0,2,,2024-May-26,00:48:59
5124,2024-05-26 00:49:59,51.7443,-9.31424,5.7,11.75,0,2,,2024-May-26,00:49:59
5125,2024-05-26 00:50:59,51.7443,-9.31424,5.7,11.75,0,1,,2024-May-26,00:50:59
5126,2024-05-26 00:51:59,51.7443,-9.31424,5.7,11.75,0,1,,2024-May-26,00:51:59
5127,2024-05-26 00:52:59,51.7443,-9.31424,5.7,11.75,0,1,,2024-May-26,00:52:59
5128,2024-05-26 00:53:59,51.7443,-9.31424,5.7,11.75,0,1,,2024-May-26,00:53:59
5129,2024-05-26 00:54:59,51.7443,-9.31424,5.7,11.75,0,0,,2024-May-26,00:54:59
5130,2024-05-26 00:55:59,51.7443,-9.31424,5.7,11.75,0,0,,2024-May-26,00:55:59
5131,2024-05-26 00:56:59,51.7443,-9.31424,5.7,11.5,0,0,,2024-May-26,00:56:59
5132,2024-05-26 00:57:59,51.7443,-9.31424,5.7,11.5,0,0,,2024-May-26,00:57:59
5133,2024-05-26 00:58:59,51.7443,-9.31424,5.7,11.5,1,0,,2024-May-26,00:58:59
5134,2024-05-26 00:59:59,51.7443,-9.31424,5.7,11.5,0,0,,2024-May-26,00:59:59
5135,2024-05-26 01:00:59,51.7443,-9.31424,5.7,11.5,0,0,,2024-May-26,01:00:59
5136,2024-05-26 01:01:59,51.7443,-9.31424,5.7,11.5,0,0,,2024-May-26,01:01:59
5137,2024-05-26 01:02:59,51.7443,-9.31424,5.7,11.5,0,0,,2024-May-26,01:02:59
5138,2024-05-26 01:03:59,51.7443,-9.31424,5.7,11.5,0,0,,2024-May-26,01:03:59
5139,2024-05-26 01:04:59,51.7443,-9.31424,5.7,11.5,0,0,,2024-May-26,01:04:59
5140,2024-05-26 01:05:59,51.7443,-9.31424,5.7,11.25,0,0,,2024-May-26,01:05:59
5141,2024-05-26 01:06:59,51.7443,-9.31424,5.7,11.5,0,0,,2024-May-26,01:06:59
5142,2024-05-26 01:07:59,51.7443,-9.31424,5.7,11.25,0,0,,2024-May-26,01:07:59
5143,2024-05-26 01:08:59,51.7443,-9.31424,5.7,11.5,0,0,,2024-May-26,01:08:59
5144,2024-05-26 01:09:59,51.7443,-9.31424,5.7,11.25,0,0,,2024-May-26,01:09:59
5145,2024-05-26 01:10:59,51.7443,-9.31424,5.7,11.5,0,0,,2024-May-26,01:10:59
5146,2024-05-26 01:11:59,51.7443,-9.31424,5.7,11.25,0,0,,2024-May-26,01:11:59
5147,2024-05-26 01:12:59,51.7443,-9.31424,5.7,11.5,1,0,,2024-May-26,01:12:59
5148,2024-05-26 01:13:59,51.7443,-9.31424,5.7,11.5,0,0,,2024-May-26,01:13:59
5149,2024-05-26 01:14:59,51.7443,-9.31424,5.7,11.5,0,0,,2024-May-26,01:14:59
5150,2024-05-26 01:15:59,51.7443,-9.31424,5.7,11.5,0,0,,2024-May-26,01:15:59
5151,2024-05-26 01:16:59,51.7443,-9.31424,5.7,11.5,0,0,,2024-May-26,01:16:59
5152,2024-05-26 01:17:59,51.7443,-9.31424,5.7,11.25,0,0,,2024-May-26,01:17:59
5153,2024-05-26 01:18:59,51.7443,-9.31424,5.7,11.25,0,0,,2024-May-26,01:18:59
5154,2024-05-26 01:19:59,51.7443,-9.31424,5.7,11.5,0,0,,2024-May-26,01:19:59
5155,2024-05-26 01:20:59,51.7443,-9.31424,5.7,11.5,0,0,,2024-May-26,01:20:59
5156,2024-05-26 01:21:59,51.7443,-9.31424,5.7,11.25,0,0,,2024-May-26,01:21:59
5157,2024-05-26 01:22:59,51.7443,-9.31424,5.7,11.25,0,0,,2024-May-26,01:22:59
5158,2024-05-26 01:23:59,51.7443,-9.31424,5.7,11.25,0,0,,2024-May-26,01:23:59
5159,2024-05-26 01:24:59,51.7443,-9.31424,5.7,11.25,0,0,,2024-May-26,01:24:59
5160,2024-05-26 01:25:59,51.7443,-9.31424,5.7,11.25,0,0,,2024-May-26,01:25:59
5161,2024-05-26 01:26:59,51.7443,-9.31424,5.7,11.5,0,0,,2024-May-26,01:26:59
5162,2024-05-26 01:27:59,51.7443,-9.31424,5.7,11.25,0,0,,2024-May-26,01:27:59
5163,2024-05-26 01:28:59,51.7443,-9.31424,5.7,11.5,0,0,,2024-May-26,01:28:59
5164,2024-05-26 01:29:59,51.7443,-9.31424,5.7,11.5,0,0,,2024-May-26,01:29:59
5165,2024-05-26 01:30:59,51.7443,-9.31424,5.7,11.25,0,0,,2024-May-26,01:30:59
5166,2024-05-26 01:31:59,51.7443,-9.31424,5.7,11.25,0,0,,2024-May-26,01:31:59
5167,2024-05-26 01:32:59,51.7443,-9.31424,5.7,11.25,0,0,,2024-May-26,01:32:59
5168,2024-05-26 01:33:59,51.7443,-9.31424,5.7,11.5,0,0,,2024-May-26,01:33:59
5169,2024-05-26 01:34:59,51.7443,-9.31424,5.7,11.25,0,0,,2024-May-26,01:34:59
5170,2024-05-26 01:35:59,51.7443,-9.31424,5.7,11.5,0,0,,2024-May-26,01:35:59
5171,2024-05-26 01:36:59,51.7443,-9.31424,5.7,11.25,0,0,,2024-May-26,01:36:59
5172,2024-05-26 01:37:59,51.7443,-9.31424,5.7,11.5,0,0,,2024-May-26,01:37:59
5173,2024-05-26 01:38:59,51.7443,-9.31424,5.7,11.25,0,0,,2024-May-26,01:38:59
5174,2024-05-26 01:39:59,51.7443,-9.31424,5.7,11.5,0,0,,2024-May-26,01:39:59
5175,2024-05-26 01:40:59,51.7443,-9.31424,5.7,11.25,0,0,,2024-May-26,01:40:59
5176,2024-05-26 01:41:59,51.7443,-9.31424,5.7,11.5,0,0,,2024-May-26,01:41:59
5177,2024-05-26 01:42:59,51.7443,-9.31424,5.7,11.5,0,0,,2024-May-26,01:42:59
5178,2024-05-26 01:43:59,51.7443,-9.31424,5.7,11.5,0,0,,2024-May-26,01:43:59
5179,2024-05-26 01:44:59,51.7443,-9.31424,5.7,11.25,0,0,,2024-May-26,01:44:59
5180,2024-05-26 01:45:59,51.7443,-9.31424,5.7,11.5,0,0,,2024-May-26,01:45:59
5181,2024-05-26 01:46:59,51.7443,-9.31424,5.7,11.5,0,0,,2024-May-26,01:46:59
5182,2024-05-26 01:47:59,51.7443,-9.31424,5.7,11.25,0,0,,2024-May-26,01:47:59
5183,2024-05-26 01:48:59,51.7443,-9.31424,5.7,11.25,0,0,,2024-May-26,01:48:59
5184,2024-05-26 01:49:59,51.7443,-9.31424,5.7,11.25,0,0,,2024-May-26,01:49:59
5185,2024-05-26 01:50:59,51.7443,-9.31424,5.7,11.25,0,0,,2024-May-26,01:50:59
5186,2024-05-26 01:51:59,51.7443,-9.31424,5.7,11.5,0,0,,2024-May-26,01:51:59
5187,2024-05-26 01:52:59,51.7443,-9.31424,5.7,11.25,0,0,,2024-May-26,01:52:59
5188,2024-05-26 01:53:59,51.7443,-9.31424,5.7,11.25,0,0,,2024-May-26,01:53:59
5189,2024-05-26 01:54:59,51.7443,-9.31424,5.7,11.5,0,0,,2024-May-26,01:54:59
5190,2024-05-26 01:55:59,51.7443,-9.31424,5.7,11.5,0,0,,2024-May-26,01:55:59
5191,2024-05-26 01:56:59,51.7443,-9.31424,5.7,11.5,0,0,,2024-May-26,01:56:59
5192,2024-05-26 01:57:59,51.7443,-9.31424,5.7,11.5,0,0,,2024-May-26,01:57:59
5193,2024-05-26 01:58:59,51.7443,-9.31424,5.7,11.5,0,0,,2024-May-26,01:58:59
5194,2024-05-26 01:59:59,51.7443,-9.31424,5.7,11.25,0,0,,2024-May-26,01:59:59
5195,2024-05-26 02:00:59,51.7443,-9.31424,5.7,11.5,0,0,,2024-May-26,02:00:59
5196,2024-05-26 02:01:59,51.7443,-9.31424,5.7,11.5,0,0,,2024-May-26,02:01:59
5197,2024-05-26 02:02:59,51.7443,-9.31424,5.7,11.25,0,0,,2024-May-26,02:02:59
5198,2024-05-26 02:03:59,51.7443,-9.31424,5.7,11.5,0,0,,2024-May-26,02:03:59
5199,2024-05-26 02:04:59,51.7443,-9.31424,5.7,11.25,0,0,,2024-May-26,02:04:59
5200,2024-05-26 02:05:59,51.7443,-9.31424,5.7,11.25,0,0,,2024-May-26,02:05:59
5201,2024-05-26 02:06:59,51.7443,-9.31424,5.7,11.5,0,0,,2024-May-26,02:06:59
5202,2024-05-26 02:07:59,51.7443,-9.31424,5.7,11.25,0,0,,2024-May-26,02:07:59
5203,2024-05-26 02:08:59,51.7443,-9.31424,5.7,11.5,0,0,,2024-May-26,02:08:59
5204,2024-05-26 02:09:59,51.7443,-9.31424,5.7,11.25,0,0,,2024-May-26,02:09:59
5205,2024-05-26 02:10:59,51.7443,-9.31424,5.7,11.5,0,0,,2024-May-26,02:10:59
5206,2024-05-26 02:11:59,51.7443,-9.31424,5.7,11.5,0,0,,2024-May-26,02:11:59
5207,2024-05-26 02:12:59,51.7443,-9.31424,5.7,11.5,0,0,,2024-May-26,02:12:59
5208,2024-05-26 02:13:59,51.7443,-9.31424,5.7,11.25,0,0,,2024-May-26,02:13:59
5209,2024-05-26 02:14:59,51.7443,-9.31424,5.7,11.25,0,0,,2024-May-26,02:14:59
5210,2024-05-26 02:15:59,51.7443,-9.31424,5.7,11.5,0,0,,2024-May-26,02:15:59
5211,2024-05-26 02:16:59,51.7443,-9.31424,5.7,11.5,0,0,,2024-May-26,02:16:59
5212,2024-05-26 02:17:59,51.7443,-9.31424,5.7,11.5,0,0,,2024-May-26,02:17:59
5213,2024-05-26 02:18:59,51.7443,-9.31424,5.7,11.5,0,0,,2024-May-26,02:18:59
5214,2024-05-26 02:19:59,51.7443,-9.31424,5.7,11.5,0,0,,2024-May-26,02:19:59
5215,2024-05-26 02:20:59,51.7443,-9.31424,5.7,11.25,0,0,,2024-May-26,02:20:59
5216,2024-05-26 02:21:59,51.7443,-9.31424,5.7,11.5,0,0,,2024-May-26,02:21:59
5217,2024-05-26 02:22:59,51.7443,-9.31424,5.7,11.25,0,0,,2024-May-26,02:22:59
5218,2024-05-26 02:23:59,51.7443,-9.31424,5.6,11.25,0,0,,2024-May-26,02:23:59
5219,2024-05-26 02:24:59,51.7443,-9.31424,5.7,11.5,0,0,,2024-May-26,02:24:59
5220,2024-05-26 02:25:59,51.7443,-9.31424,5.7,11.5,0,0,,2024-May-26,02:25:59
5221,2024-05-26 02:26:59,51.7443,-9.31424,5.7,11.25,0,0,,2024-May-26,02:26:59
5222,2024-05-26 02:27:59,51.7443,-9.31424,5.7,11.5,0,0,,2024-May-26,02:27:59
5223,2024-05-26 02:28:59,51.7443,-9.31424,5.7,11.5,0,0,,2024-May-26,02:28:59
5224,2024-05-26 02:29:59,51.7443,-9.31424,5.6,11.5,0,0,,2024-May-26,02:29:59
5225,2024-05-26 02:30:59,51.7443,-9.31424,5.7,11.25,0,0,,2024-May-26,02:30:59
5226,2024-05-26 02:31:59,51.7443,-9.31424,5.7,11.5,0,0,,2024-May-26,02:31:59
5227,2024-05-26 02:32:59,51.7443,-9.31424,5.7,11.5,0,0,,2024-May-26,02:32:59
5228,2024-05-26 02:33:59,51.7443,-9.31424,5.6,11.5,0,0,,2024-May-26,02:33:59
5229,2024-05-26 02:34:59,51.7443,-9.31424,5.7,11.5,0,0,,2024-May-26,02:34:59
5230,2024-05-26 02:35:59,51.7443,-9.31424,5.6,11.5,0,0,,2024-May-26,02:35:59
5231,2024-05-26 02:36:59,51.7443,-9.31424,5.7,11.5,0,0,,2024-May-26,02:36:59
5232,2024-05-26 02:37:59,51.7443,-9.31424,5.7,11.25,0,0,,2024-May-26,02:37:59
5233,2024-05-26 02:38:59,51.7443,-9.31424,5.7,11.5,0,0,,2024-May-26,02:38:59
5234,2024-05-26 02:39:59,51.7443,-9.31424,5.7,11.25,0,0,,2024-May-26,02:39:59
5235,2024-05-26 02:40:59,51.7443,-9.31424,5.6,11.5,0,0,,2024-May-26,02:40:59
5236,2024-05-26 02:41:59,51.7443,-9.31424,5.6,11.5,0,0,,2024-May-26,02:41:59
5237,2024-05-26 02:42:59,51.7443,-9.31424,5.7,11.5,0,0,,2024-May-26,02:42:59
5238,2024-05-26 02:43:59,51.7443,-9.31424,5.6,11.5,0,0,,2024-May-26,02:43:59
5239,2024-05-26 02:44:59,51.7443,-9.31424,5.6,11.5,0,0,,2024-May-26,02:44:59
5240,2024-05-26 02:45:59,51.7443,-9.31424,5.6,11.25,0,0,,2024-May-26,02:45:59
5241,2024-05-26 02:47:01,51.7443,-9.31424,5.6,11.5,0,0,,2024-May-26,02:47:01
5242,2024-05-26 02:48:01,51.7443,-9.31424,5.6,11.5,0,0,,2024-May-26,02:48:01
5243,2024-05-26 02:49:01,51.7443,-9.31424,5.6,11.5,0,0,,2024-May-26,02:49:01
5244,2024-05-26 02:50:01,51.7443,-9.31424,5.7,11.5,0,0,,2024-May-26,02:50:01
5245,2024-05-26 02:51:01,51.7443,-9.31424,5.6,11.5,0,0,,2024-May-26,02:51:01
5246,2024-05-26 02:52:01,51.7443,-9.31424,5.7,11.25,0,0,,2024-May-26,02:52:01
5247,2024-05-26 02:53:01,51.7443,-9.31424,5.6,11.5,0,0,,2024-May-26,02:53:01
5248,2024-05-26 02:54:01,51.7443,-9.31424,5.6,11.25,0,0,,2024-May-26,02:54:01
5249,2024-05-26 02:55:01,51.7443,-9.31424,5.7,11.5,0,0,,2024-May-26,02:55:01
5250,2024-05-26 02:56:01,51.7443,-9.31424,5.7,11.5,0,0,,2024-May-26,02:56:01
5251,2024-05-26 02:57:01,51.7443,-9.31424,5.6,11.5,0,0,,2024-May-26,02:57:01
5252,2024-05-26 02:58:01,51.7443,-9.31424,5.6,11.25,0,0,,2024-May-26,02:58:01
5253,2024-05-26 02:59:01,51.7443,-9.31424,5.6,11.25,0,0,,2024-May-26,02:59:01
5254,2024-05-26 03:00:01,51.7443,-9.31424,5.7,11.25,0,0,,2024-May-26,03:00:01
5255,2024-05-26 03:01:01,51.7443,-9.31424,5.6,11.5,0,0,,2024-May-26,03:01:01
5256,2024-05-26 03:02:01,51.7443,-9.31424,5.6,11.5,0,0,,2024-May-26,03:02:01
5257,2024-05-26 03:03:01,51.7443,-9.31424,5.6,11.25,0,0,,2024-May-26,03:03:01
5258,2024-05-26 03:04:01,51.7443,-9.31424,5.6,11.5,0,0,,2024-May-26,03:04:01
5259,2024-05-26 03:05:01,51.7443,-9.31424,5.6,11.25,0,0,,2024-May-26,03:05:01
5260,2024-05-26 03:06:01,51.7443,-9.31424,5.6,11.25,0,0,,2024-May-26,03:06:01
5261,2024-05-26 03:07:01,51.7443,-9.31424,5.6,11.5,0,0,,2024-May-26,03:07:01
5262,2024-05-26 03:08:01,51.7443,-9.31424,5.6,11.25,0,0,,2024-May-26,03:08:01
5263,2024-05-26 03:09:01,51.7443,-9.31424,5.6,11.5,0,0,,2024-May-26,03:09:01
5264,2024-05-26 03:10:01,51.7443,-9.31424,5.7,11.25,0,0,,2024-May-26,03:10:01
5265,2024-05-26 03:11:01,51.7443,-9.31424,5.6,11.25,0,0,,2024-May-26,03:11:01
5266,2024-05-26 03:12:01,51.7443,-9.31424,5.6,11.25,0,0,,2024-May-26,03:12:01
5267,2024-05-26 03:13:01,51.7443,-9.31424,5.6,11.25,0,0,,2024-May-26,03:13:01
5268,2024-05-26 03:14:01,51.7443,-9.31424,5.6,11.25,0,0,,2024-May-26,03:14:01
5269,2024-05-26 03:15:01,51.7443,-9.31424,5.6,11.25,0,0,,2024-May-26,03:15:01
5270,2024-05-26 03:16:01,51.7443,-9.31424,5.6,11.25,0,0,,2024-May-26,03:16:01
5271,2024-05-26 03:17:01,51.7443,-9.31424,5.6,11.25,0,0,,2024-May-26,03:17:01
5272,2024-05-26 03:18:01,51.7443,-9.31424,5.6,11.25,0,0,,2024-May-26,03:18:01
5273,2024-05-26 03:19:01,51.7443,-9.31424,5.6,11.25,0,0,,2024-May-26,03:19:01
5274,2024-05-26 03:20:01,51.7443,-9.31424,5.6,11.25,0,0,,2024-May-26,03:20:01
5275,2024-05-26 03:21:01,51.7443,-9.31424,5.6,11.25,0,0,,2024-May-26,03:21:01
5276,2024-05-26 03:22:01,51.7443,-9.31424,5.6,11.25,0,0,,2024-May-26,03:22:01
5277,2024-05-26 03:23:01,51.7443,-9.31424,5.6,11.25,0,0,,2024-May-26,03:23:01
5278,2024-05-26 03:24:01,51.7443,-9.31424,5.6,11.25,0,0,,2024-May-26,03:24:01
5279,2024-05-26 03:25:01,51.7443,-9.31424,5.6,11.25,0,0,,2024-May-26,03:25:01
5280,2024-05-26 03:26:01,51.7443,-9.31424,5.6,11.25,0,1,,2024-May-26,03:26:01
5281,2024-05-26 03:27:01,51.7443,-9.31424,5.6,11.25,0,0,,2024-May-26,03:27:01
5282,2024-05-26 03:28:01,51.7443,-9.31424,5.6,11.25,0,0,,2024-May-26,03:28:01
5283,2024-05-26 03:29:01,51.7443,-9.31424,5.6,11.25,0,0,,2024-May-26,03:29:01
5284,2024-05-26 03:30:01,51.7443,-9.31424,5.6,11.25,0,0,,2024-May-26,03:30:01
5285,2024-05-26 03:31:01,51.7443,-9.31424,5.6,11.25,0,0,,2024-May-26,03:31:01
5286,2024-05-26 03:32:01,51.7443,-9.31424,5.6,11.25,0,0,,2024-May-26,03:32:01
5287,2024-05-26 03:33:01,51.7443,-9.31424,5.6,11.25,0,0,,2024-May-26,03:33:01
5288,2024-05-26 03:34:01,51.7443,-9.31424,5.6,11.25,0,0,,2024-May-26,03:34:01
5289,2024-05-26 03:35:01,51.7443,-9.31424,5.6,11,0,0,,2024-May-26,03:35:01
5290,2024-05-26 03:36:01,51.7443,-9.31424,5.6,11,0,0,,2024-May-26,03:36:01
5291,2024-05-26 03:37:01,51.7443,-9.31424,5.6,11.25,0,0,,2024-May-26,03:37:01
5292,2024-05-26 03:38:01,51.7443,-9.31424,5.6,11.25,0,0,,2024-May-26,03:38:01
5293,2024-05-26 03:39:01,51.7443,-9.31424,5.6,11.25,0,0,,2024-May-26,03:39:01
5294,2024-05-26 03:40:01,51.7443,-9.31424,5.6,11.25,0,0,,2024-May-26,03:40:01
5295,2024-05-26 03:41:01,51.7443,-9.31424,5.6,11.25,0,0,,2024-May-26,03:41:01
5296,2024-05-26 03:42:01,51.7443,-9.31424,5.6,11.25,0,0,,2024-May-26,03:42:01
5297,2024-05-26 03:43:01,51.7443,-9.31424,5.6,11.25,0,0,,2024-May-26,03:43:01
5298,2024-05-26 03:44:01,51.7443,-9.31424,5.6,11.25,0,0,,2024-May-26,03:44:01
5299,2024-05-26 03:45:01,51.7443,-9.31424,5.6,11.25,0,0,,2024-May-26,03:45:01
5300,2024-05-26 03:46:01,51.7443,-9.31424,5.6,11,0,0,,2024-May-26,03:46:01
5301,2024-05-26 03:47:01,51.7443,-9.31424,5.6,11.25,0,0,,2024-May-26,03:47:01
5302,2024-05-26 03:48:01,51.7443,-9.31424,5.6,11,0,0,,2024-May-26,03:48:01
5303,2024-05-26 03:49:01,51.7443,-9.31424,5.6,11.25,0,0,,2024-May-26,03:49:01
5304,2024-05-26 03:50:01,51.7443,-9.31424,5.6,11.25,0,0,,2024-May-26,03:50:01
5305,2024-05-26 03:51:01,51.7443,-9.31424,5.6,11,0,0,,2024-May-26,03:51:01
5306,2024-05-26 03:52:01,51.7443,-9.31424,5.6,11.25,0,0,,2024-May-26,03:52:01
5307,2024-05-26 03:53:01,51.7443,-9.31424,5.6,11,0,0,,2024-May-26,03:53:01
5308,2024-05-26 03:54:01,51.7443,-9.31424,5.6,11,0,0,,2024-May-26,03:54:01
5309,2024-05-26 03:55:01,51.7443,-9.31424,5.6,11.25,0,0,,2024-May-26,03:55:01
5310,2024-05-26 03:56:01,51.7443,-9.31424,5.6,11,0,0,,2024-May-26,03:56:01
5311,2024-05-26 03:57:01,51.7443,-9.31424,5.6,11.25,0,0,,2024-May-26,03:57:01
5312,2024-05-26 03:58:01,51.7443,-9.31424,5.6,11.25,0,0,,2024-May-26,03:58:01
5313,2024-05-26 03:59:01,51.7443,-9.31424,5.6,11,0,0,,2024-May-26,03:59:01
5314,2024-05-26 04:00:01,51.7443,-9.31424,5.6,11.25,0,0,,2024-May-26,04:00:01
5315,2024-05-26 04:01:01,51.7443,-9.31424,5.6,11,0,0,,2024-May-26,04:01:01
5316,2024-05-26 04:02:01,51.7443,-9.31424,5.6,11.25,0,0,,2024-May-26,04:02:01
5317,2024-05-26 04:03:01,51.7443,-9.31424,5.6,11,0,0,,2024-May-26,04:03:01
5318,2024-05-26 04:04:01,51.7443,-9.31424,5.6,11.25,0,0,,2024-May-26,04:04:01
5319,2024-05-26 04:05:01,51.7443,-9.31424,5.6,11,0,0,,2024-May-26,04:05:01
5320,2024-05-26 04:06:01,51.7443,-9.31424,5.6,11.25,0,0,,2024-May-26,04:06:01
5321,2024-05-26 04:07:01,51.7443,-9.31424,5.6,11.25,0,0,,2024-May-26,04:07:01
5322,2024-05-26 04:08:01,51.7443,-9.31424,5.6,11.25,0,0,,2024-May-26,04:08:01
5323,2024-05-26 04:09:01,51.7443,-9.31424,5.6,11.25,0,0,,2024-May-26,04:09:01
5324,2024-05-26 04:10:01,51.7443,-9.31424,5.6,11.25,0,0,,2024-May-26,04:10:01
5325,2024-05-26 04:11:01,51.7443,-9.31424,5.6,11.25,0,0,,2024-May-26,04:11:01
5326,2024-05-26 04:12:01,51.7443,-9.31424,5.6,11.25,0,0,,2024-May-26,04:12:01
5327,2024-05-26 04:13:01,51.7443,-9.31424,5.6,11,0,0,,2024-May-26,04:13:01
5328,2024-05-26 04:14:01,51.7443,-9.31424,5.6,11.25,0,0,,2024-May-26,04:14:01
5329,2024-05-26 04:15:01,51.7443,-9.31424,5.6,11.25,0,0,,2024-May-26,04:15:01
5330,2024-05-26 04:16:01,51.7443,-9.31424,5.6,11.25,0,0,,2024-May-26,04:16:01
5331,2024-05-26 04:17:01,51.7443,-9.31424,5.6,11.25,0,0,,2024-May-26,04:17:01
5332,2024-05-26 04:18:01,51.7443,-9.31424,5.6,11.25,0,0,,2024-May-26,04:18:01
5333,2024-05-26 04:19:01,51.7443,-9.31424,5.6,11,0,0,,2024-May-26,04:19:01
5334,2024-05-26 04:20:01,51.7443,-9.31424,5.6,11.25,0,0,,2024-May-26,04:20:01
5335,2024-05-26 04:21:01,51.7443,-9.31424,5.6,11.25,0,0,,2024-May-26,04:21:01
5336,2024-05-26 04:22:01,51.7443,-9.31424,5.6,11.25,0,0,,2024-May-26,04:22:01
5337,2024-05-26 04:23:01,51.7443,-9.31424,5.6,11,0,0,,2024-May-26,04:23:01
5338,2024-05-26 04:24:01,51.7443,-9.31424,5.6,11.25,0,0,,2024-May-26,04:24:01
5339,2024-05-26 04:25:01,51.7443,-9.31424,5.6,11.25,0,0,,2024-May-26,04:25:01
5340,2024-05-26 04:26:01,51.7443,-9.31424,5.6,11.25,0,0,,2024-May-26,04:26:01
5341,2024-05-26 04:27:01,51.7443,-9.31424,5.6,11.25,0,0,,2024-May-26,04:27:01
5342,2024-05-26 04:28:01,51.7443,-9.31424,5.6,11.25,0,0,,2024-May-26,04:28:01
5343,2024-05-26 04:29:01,51.7443,-9.31424,5.6,11.25,0,0,,2024-May-26,04:29:01
5344,2024-05-26 04:30:01,51.7443,-9.31424,5.6,11.25,0,0,,2024-May-26,04:30:01
5345,2024-05-26 04:31:01,51.7443,-9.31424,5.6,11.25,0,0,,2024-May-26,04:31:01
5346,2024-05-26 04:32:01,51.7443,-9.31424,5.6,11.25,0,0,,2024-May-26,04:32:01
5347,2024-05-26 04:33:01,51.7443,-9.31424,5.6,11.25,0,0,,2024-May-26,04:33:01
5348,2024-05-26 04:34:01,51.7443,-9.31424,5.6,11.25,0,0,,2024-May-26,04:34:01
5349,2024-05-26 04:35:01,51.7443,-9.31424,5.6,11.25,0,0,,2024-May-26,04:35:01
5350,2024-05-26 04:36:01,51.7443,-9.31424,5.6,11.25,0,0,,2024-May-26,04:36:01
5351,2024-05-26 04:37:01,51.7443,-9.31424,5.6,11.25,0,0,,2024-May-26,04:37:01
5352,2024-05-26 04:38:01,51.7443,-9.31424,5.6,11.25,0,0,,2024-May-26,04:38:01
5353,2024-05-26 04:39:01,51.7443,-9.31424,5.6,11.25,0,0,,2024-May-26,04:39:01
5354,2024-05-26 04:40:01,51.7443,-9.31424,5.6,11,0,0,,2024-May-26,04:40:01
5355,2024-05-26 04:41:01,51.7443,-9.31424,5.6,11.25,0,0,,2024-May-26,04:41:01
5356,2024-05-26 04:42:01,51.7443,-9.31424,5.6,11.25,0,0,,2024-May-26,04:42:01
5357,2024-05-26 04:43:01,51.7443,-9.31424,5.6,11.25,0,0,,2024-May-26,04:43:01
5358,2024-05-26 04:44:01,51.7443,-9.31424,5.6,11.25,0,0,,2024-May-26,04:44:01
5359,2024-05-26 04:45:01,51.7443,-9.31424,5.6,11.25,0,0,,2024-May-26,04:45:01
5360,2024-05-26 04:46:01,51.7443,-9.31424,5.6,11.25,0,0,,2024-May-26,04:46:01
5361,2024-05-26 04:47:01,51.7443,-9.31424,5.6,11.25,0,0,,2024-May-26,04:47:01
5362,2024-05-26 04:48:01,51.7443,-9.31424,5.6,11.25,0,0,,2024-May-26,04:48:01
5363,2024-05-26 04:49:01,51.7443,-9.31424,5.6,11.5,0,0,,2024-May-26,04:49:01
5364,2024-05-26 04:50:01,51.7443,-9.31424,5.6,11.25,0,0,,2024-May-26,04:50:01
5365,2024-05-26 04:51:01,51.7443,-9.31424,5.6,11.25,0,0,,2024-May-26,04:51:01
5366,2024-05-26 04:52:01,51.7443,-9.31424,5.6,11.25,0,0,,2024-May-26,04:52:01
5367,2024-05-26 04:53:01,51.7443,-9.31424,5.6,11.25,0,0,,2024-May-26,04:53:01
5368,2024-05-26 04:54:01,51.7443,-9.31424,5.6,11.25,0,0,,2024-May-26,04:54:01
5369,2024-05-26 04:55:01,51.7443,-9.31424,5.6,11.25,0,0,,2024-May-26,04:55:01
5370,2024-05-26 04:56:01,51.7443,-9.31424,5.6,11.25,0,0,,2024-May-26,04:56:01
5371,2024-05-26 04:57:01,51.7443,-9.31424,5.6,11.25,0,0,,2024-May-26,04:57:01
5372,2024-05-26 04:58:01,51.7443,-9.31424,5.6,11.25,0,0,,2024-May-26,04:58:01
5373,2024-05-26 04:59:01,51.7443,-9.31424,5.6,11.25,0,0,,2024-May-26,04:59:01
5374,2024-05-26 05:00:01,51.7443,-9.31424,5.6,11.25,0,0,,2024-May-26,05:00:01
5375,2024-05-26 05:01:01,51.7443,-9.31424,5.6,11.25,0,0,,2024-May-26,05:01:01
5376,2024-05-26 05:02:01,51.7443,-9.31424,5.6,11.25,0,0,,2024-May-26,05:02:01
5377,2024-05-26 05:03:01,51.7443,-9.31424,5.6,11.25,0,0,,2024-May-26,05:03:01
5378,2024-05-26 05:04:01,51.7443,-9.31424,5.6,11,0,0,,2024-May-26,05:04:01
5379,2024-05-26 05:05:01,51.7443,-9.31424,5.6,11.25,0,0,,2024-May-26,05:05:01
5380,2024-05-26 05:06:01,51.7443,-9.31424,5.6,11.25,0,0,,2024-May-26,05:06:01
5381,2024-05-26 05:07:01,51.7443,-9.31424,5.6,11.25,0,0,,2024-May-26,05:07:01
5382,2024-05-26 05:08:01,51.7443,-9.31424,5.6,11.25,0,0,,2024-May-26,05:08:01
5383,2024-05-26 05:09:01,51.7443,-9.31424,5.6,11.25,0,0,,2024-May-26,05:09:01
5384,2024-05-26 05:10:01,51.7443,-9.31424,5.6,11.25,0,0,,2024-May-26,05:10:01
5385,2024-05-26 05:11:01,51.7443,-9.31424,5.6,11.25,0,0,,2024-May-26,05:11:01
5386,2024-05-26 05:12:01,51.7443,-9.31424,5.6,11,0,0,,2024-May-26,05:12:01
5387,2024-05-26 05:13:01,51.7443,-9.31424,5.6,11.25,0,0,,2024-May-26,05:13:01
5388,2024-05-26 05:14:01,51.7443,-9.31424,5.6,11.25,0,0,,2024-May-26,05:14:01
5389,2024-05-26 05:15:01,51.7443,-9.31424,5.6,11.25,0,0,,2024-May-26,05:15:01
5390,2024-05-26 05:16:01,51.7443,-9.31424,5.6,11.25,0,0,,2024-May-26,05:16:01
5391,2024-05-26 05:17:01,51.7443,-9.31424,5.6,11.25,0,0,,2024-May-26,05:17:01
5392,2024-05-26 05:18:01,51.7443,-9.31424,5.6,11.25,0,0,,2024-May-26,05:18:01
5393,2024-05-26 05:19:01,51.7443,-9.31424,5.6,11.25,0,0,,2024-May-26,05:19:01
5394,2024-05-26 05:20:01,51.7443,-9.31424,5.6,11.25,0,0,,2024-May-26,05:20:01
5395,2024-05-26 05:21:01,51.7443,-9.31424,5.6,11.25,0,0,,2024-May-26,05:21:01
5396,2024-05-26 05:22:01,51.7443,-9.31424,5.6,11.25,0,0,,2024-May-26,05:22:01
5397,2024-05-26 05:23:01,51.7443,-9.31424,5.6,11,0,0,,2024-May-26,05:23:01
5398,2024-05-26 05:24:01,51.7443,-9.31424,5.6,11.25,0,0,,2024-May-26,05:24:01
5399,2024-05-26 05:25:01,51.7443,-9.31424,5.6,11.25,0,1,,2024-May-26,05:25:01
5400,2024-05-26 05:26:01,51.7443,-9.31424,5.6,11.25,0,0,,2024-May-26,05:26:01
5401,2024-05-26 05:27:01,51.7443,-9.31424,5.6,11.25,0,0,,2024-May-26,05:27:01
5402,2024-05-26 05:28:01,51.7443,-9.31424,5.6,11.25,0,0,,2024-May-26,05:28:01
5403,2024-05-26 05:29:01,51.7443,-9.31424,5.6,11.25,0,2,,2024-May-26,05:29:01
5404,2024-05-26 05:30:01,51.7443,-9.31424,5.6,11.25,0,0,,2024-May-26,05:30:01
5405,2024-05-26 05:31:01,51.7443,-9.31424,5.6,11.25,0,0,,2024-May-26,05:31:01
5406,2024-05-26 05:32:01,51.7443,-9.31424,5.6,11.25,0,0,,2024-May-26,05:32:01
5407,2024-05-26 05:33:01,51.7443,-9.31424,5.6,11.25,0,1,,2024-May-26,05:33:01
5408,2024-05-26 05:34:01,51.7443,-9.31424,5.6,11.25,0,0,,2024-May-26,05:34:01
5409,2024-05-26 05:35:01,51.7443,-9.31424,5.6,11.25,0,0,,2024-May-26,05:35:01
5410,2024-05-26 05:36:01,51.7443,-9.31424,5.6,11.25,0,0,,2024-May-26,05:36:01
5411,2024-05-26 05:37:01,51.7443,-9.31424,5.6,11.25,0,0,,2024-May-26,05:37:01
5412,2024-05-26 05:38:01,51.7443,-9.31424,5.6,11.25,0,0,,2024-May-26,05:38:01
5413,2024-05-26 05:39:01,51.7443,-9.31424,5.6,11.25,0,2,,2024-May-26,05:39:01
5414,2024-05-26 05:40:01,51.7443,-9.31424,5.6,11.25,0,0,,2024-May-26,05:40:01
5415,2024-05-26 05:41:01,51.7443,-9.31424,5.6,11,0,1,,2024-May-26,05:41:01
5416,2024-05-26 05:42:01,51.7443,-9.31424,5.6,11,0,0,,2024-May-26,05:42:01
5417,2024-05-26 05:43:01,51.7443,-9.31424,5.6,11.25,0,1,,2024-May-26,05:43:01
5418,2024-05-26 05:44:01,51.7443,-9.31424,5.6,11.25,0,2,,2024-May-26,05:44:01
5419,2024-05-26 05:45:01,51.7443,-9.31424,5.6,11.25,0,1,,2024-May-26,05:45:01
5420,2024-05-26 05:46:01,51.7443,-9.31424,5.6,11.25,0,3,,2024-May-26,05:46:01
5421,2024-05-26 05:47:01,51.7443,-9.31424,5.6,11,0,0,,2024-May-26,05:47:01
5422,2024-05-26 05:48:01,51.7443,-9.31424,5.6,11,0,0,,2024-May-26,05:48:01
5423,2024-05-26 05:49:01,51.7443,-9.31424,5.6,11,0,0,,2024-May-26,05:49:01
5424,2024-05-26 05:50:01,51.7443,-9.31424,5.6,11.25,0,0,,2024-May-26,05:50:01
5425,2024-05-26 05:51:01,51.7443,-9.31424,5.6,11.25,0,0,,2024-May-26,05:51:01
5426,2024-05-26 05:52:01,51.7443,-9.31424,5.6,11,0,0,,2024-May-26,05:52:01
5427,2024-05-26 05:53:01,51.7443,-9.31424,5.6,11.25,0,0,,2024-May-26,05:53:01
5428,2024-05-26 05:54:01,51.7443,-9.31424,5.6,11.25,0,0,,2024-May-26,05:54:01
5429,2024-05-26 05:55:01,51.7443,-9.31424,5.6,11,0,0,,2024-May-26,05:55:01
5430,2024-05-26 05:56:01,51.7443,-9.31424,5.6,11,0,0,,2024-May-26,05:56:01
5431,2024-05-26 05:57:01,51.7443,-9.31424,5.6,11,0,0,,2024-May-26,05:57:01
5432,2024-05-26 05:58:01,51.7443,-9.31424,5.6,11,0,0,,2024-May-26,05:58:01
5433,2024-05-26 05:59:01,51.7443,-9.31424,5.6,11,0,0,,2024-May-26,05:59:01
5434,2024-05-26 06:00:00,51.7443,-9.31424,5.6,11,0,0,,2024-May-26,06:00:00
5435,2024-05-26 21:09:59,51.7443,-9.31424,5.7,9.25,0,0,,2024-May-26,21:09:59
5436,2024-05-26 21:10:59,51.7443,-9.31424,5.7,9.25,0,0,,2024-May-26,21:10:59
5437,2024-05-26 21:11:59,51.7443,-9.31424,5.7,9.5,0,0,,2024-May-26,21:11:59
5438,2024-05-26 21:12:59,51.7443,-9.31424,5.7,9.25,0,0,,2024-May-26,21:12:59
5439,2024-05-26 21:13:59,51.7443,-9.31424,5.7,9.25,0,0,,2024-May-26,21:13:59
5440,2024-05-26 21:14:59,51.7443,-9.31424,5.7,9.25,0,0,,2024-May-26,21:14:59
5441,2024-05-26 21:15:59,51.7443,-9.31424,5.7,9.5,0,0,,2024-May-26,21:15:59
5442,2024-05-26 21:16:59,51.7443,-9.31424,5.7,9.5,0,0,,2024-May-26,21:16:59
5443,2024-05-26 21:17:59,51.7443,-9.31424,5.7,9.5,0,0,,2024-May-26,21:17:59
5444,2024-05-26 21:18:59,51.7443,-9.31424,5.7,9.5,0,0,,2024-May-26,21:18:59
5445,2024-05-26 21:19:59,51.7443,-9.31424,5.7,9.25,0,0,,2024-May-26,21:19:59
5446,2024-05-26 21:20:59,51.7443,-9.31424,5.7,9.5,0,0,,2024-May-26,21:20:59
5447,2024-05-26 21:21:59,51.7443,-9.31424,5.7,9.5,0,0,,2024-May-26,21:21:59
5448,2024-05-26 21:22:59,51.7443,-9.31424,5.7,9.5,0,0,,2024-May-26,21:22:59
5449,2024-05-26 21:23:59,51.7443,-9.31424,5.7,9.5,0,0,,2024-May-26,21:23:59
5450,2024-05-26 21:24:59,51.7443,-9.31424,5.7,9.5,0,0,,2024-May-26,21:24:59
5451,2024-05-26 21:25:59,51.7443,-9.31424,5.7,9.5,0,0,,2024-May-26,21:25:59
5452,2024-05-26 21:26:59,51.7443,-9.31424,5.7,9.5,0,0,,2024-May-26,21:26:59
5453,2024-05-26 21:27:59,51.7443,-9.31424,5.7,9.5,0,0,,2024-May-26,21:27:59
5454,2024-05-26 21:28:59,51.7443,-9.31424,5.7,9,0,0,,2024-May-26,21:28:59
5455,2024-05-26 21:29:59,51.7443,-9.31424,5.7,9.5,0,0,,2024-May-26,21:29:59
5456,2024-05-26 21:30:59,51.7443,-9.31424,5.7,9.5,0,0,,2024-May-26,21:30:59
5457,2024-05-26 21:31:59,51.7443,-9.31424,5.7,9.25,0,0,,2024-May-26,21:31:59
5458,2024-05-26 21:32:59,51.7443,-9.31424,5.7,9.5,0,0,,2024-May-26,21:32:59
5459,2024-05-26 21:33:59,51.7443,-9.31424,5.7,9.25,0,0,,2024-May-26,21:33:59
5460,2024-05-26 21:34:59,51.7443,-9.31424,5.7,9.25,0,0,,2024-May-26,21:34:59
5461,2024-05-26 21:35:59,51.7443,-9.31424,5.7,9.25,0,0,,2024-May-26,21:35:59
5462,2024-05-26 21:36:59,51.7443,-9.31424,5.7,9.25,0,0,,2024-May-26,21:36:59
5463,2024-05-26 21:37:59,51.7443,-9.31424,5.7,9,0,0,,2024-May-26,21:37:59
5464,2024-05-26 21:38:59,51.7443,-9.31424,5.7,9.25,0,0,,2024-May-26,21:38:59
5465,2024-05-26 21:39:59,51.7443,-9.31424,5.7,9,0,0,,2024-May-26,21:39:59
5466,2024-05-26 21:40:59,51.7443,-9.31424,5.7,9,0,0,,2024-May-26,21:40:59
5467,2024-05-26 21:41:59,51.7443,-9.31424,5.7,9.25,0,0,,2024-May-26,21:41:59
5468,2024-05-26 21:42:59,51.7443,-9.31424,5.7,9,0,0,,2024-May-26,21:42:59
5469,2024-05-26 21:43:59,51.7443,-9.31424,5.7,9.25,0,0,,2024-May-26,21:43:59
5470,2024-05-26 21:44:59,51.7443,-9.31424,5.7,9,0,0,,2024-May-26,21:44:59
5471,2024-05-26 21:45:59,51.7443,-9.31424,5.7,9,0,0,,2024-May-26,21:45:59
5472,2024-05-26 21:46:59,51.7443,-9.31424,5.7,9.25,0,0,,2024-May-26,21:46:59
5473,2024-05-26 21:47:59,51.7443,-9.31424,5.7,9.25,0,0,,2024-May-26,21:47:59
5474,2024-05-26 21:48:59,51.7443,-9.31424,5.7,9,0,0,,2024-May-26,21:48:59
5475,2024-05-26 21:49:59,51.7443,-9.31424,5.7,9.25,0,0,,2024-May-26,21:49:59
5476,2024-05-26 21:50:59,51.7443,-9.31424,5.7,9.25,0,0,,2024-May-26,21:50:59
5477,2024-05-26 21:51:59,51.7443,-9.31424,5.7,9,0,0,,2024-May-26,21:51:59
5478,2024-05-26 21:52:59,51.7443,-9.31424,5.7,9,0,0,,2024-May-26,21:52:59
5479,2024-05-26 21:53:59,51.7443,-9.31424,5.7,9,0,0,,2024-May-26,21:53:59
5480,2024-05-26 21:54:59,51.7443,-9.31424,5.7,8.75,0,0,,2024-May-26,21:54:59
5481,2024-05-26 21:55:59,51.7443,-9.31424,5.7,9,0,0,,2024-May-26,21:55:59
5482,2024-05-26 21:56:59,51.7443,-9.31424,5.7,8.75,0,0,,2024-May-26,21:56:59
5483,2024-05-26 21:57:59,51.7443,-9.31424,5.7,9,0,0,,2024-May-26,21:57:59
5484,2024-05-26 21:58:59,51.7443,-9.31424,5.7,9,0,0,,2024-May-26,21:58:59
5485,2024-05-26 21:59:59,51.7443,-9.31424,5.7,9,0,0,,2024-May-26,21:59:59
5486,2024-05-26 22:00:59,51.7443,-9.31424,5.7,8.75,0,0,,2024-May-26,22:00:59
5487,2024-05-26 22:01:59,51.7443,-9.31424,5.7,8.75,0,0,,2024-May-26,22:01:59
5488,2024-05-26 22:02:59,51.7443,-9.31424,5.7,8.75,0,0,,2024-May-26,22:02:59
5489,2024-05-26 22:03:59,51.7443,-9.31424,5.7,8.75,0,0,,2024-May-26,22:03:59
5490,2024-05-26 22:04:59,51.7443,-9.31424,5.7,8.75,0,0,,2024-May-26,22:04:59
5491,2024-05-26 22:05:59,51.7443,-9.31424,5.7,8.75,0,0,,2024-May-26,22:05:59
5492,2024-05-26 22:06:59,51.7443,-9.31424,5.7,8.75,0,0,,2024-May-26,22:06:59
5493,2024-05-26 22:07:59,51.7443,-9.31424,5.7,8.75,0,0,,2024-May-26,22:07:59
5494,2024-05-26 22:08:59,51.7443,-9.31424,5.7,8.5,0,0,,2024-May-26,22:08:59
5495,2024-05-26 22:09:59,51.7443,-9.31424,5.7,8.5,0,0,,2024-May-26,22:09:59
5496,2024-05-26 22:10:59,51.7443,-9.31424,5.7,8.75,0,0,,2024-May-26,22:10:59
5497,2024-05-26 22:11:59,51.7443,-9.31424,5.7,8.5,0,0,,2024-May-26,22:11:59
5498,2024-05-26 22:12:59,51.7443,-9.31424,5.7,8.5,0,0,,2024-May-26,22:12:59
5499,2024-05-26 22:13:59,51.7443,-9.31424,5.7,8.5,0,0,,2024-May-26,22:13:59
5500,2024-05-26 22:14:59,51.7443,-9.31424,5.7,8.5,0,0,,2024-May-26,22:14:59
5501,2024-05-26 22:15:59,51.7443,-9.31424,5.7,8.75,0,0,,2024-May-26,22:15:59
5502,2024-05-26 22:16:59,51.7443,-9.31424,5.7,8.5,0,0,,2024-May-26,22:16:59
5503,2024-05-26 22:17:59,51.7443,-9.31424,5.7,8.5,0,0,,2024-May-26,22:17:59
5504,2024-05-26 22:18:59,51.7443,-9.31424,5.7,8.5,0,0,,2024-May-26,22:18:59
5505,2024-05-26 22:19:59,51.7443,-9.31424,5.7,8.5,0,0,,2024-May-26,22:19:59
5506,2024-05-26 22:20:59,51.7443,-9.31424,5.7,8.5,0,0,,2024-May-26,22:20:59
5507,2024-05-26 22:21:59,51.7443,-9.31424,5.7,8.5,0,0,,2024-May-26,22:21:59
5508,2024-05-26 22:22:59,51.7443,-9.31424,5.7,8.5,0,0,,2024-May-26,22:22:59
5509,2024-05-26 22:23:59,51.7443,-9.31424,5.7,8.5,0,0,,2024-May-26,22:23:59
5510,2024-05-26 22:24:59,51.7443,-9.31424,5.7,8.75,0,0,,2024-May-26,22:24:59
5511,2024-05-26 22:25:59,51.7443,-9.31424,5.7,8.5,0,0,,2024-May-26,22:25:59
5512,2024-05-26 22:26:59,51.7443,-9.31424,5.7,8.25,0,0,,2024-May-26,22:26:59
5513,2024-05-26 22:27:59,51.7443,-9.31424,5.7,8.5,0,0,,2024-May-26,22:27:59
5514,2024-05-26 22:28:59,51.7443,-9.31424,5.7,8.25,0,0,,2024-May-26,22:28:59
5515,2024-05-26 22:29:59,51.7443,-9.31424,5.7,8.25,0,0,,2024-May-26,22:29:59
5516,2024-05-26 22:30:59,51.7443,-9.31424,5.7,8.5,0,0,,2024-May-26,22:30:59
5517,2024-05-26 22:31:59,51.7443,-9.31424,5.7,8.5,0,0,,2024-May-26,22:31:59
5518,2024-05-26 22:32:59,51.7443,-9.31424,5.7,8.25,0,0,,2024-May-26,22:32:59
5519,2024-05-26 22:33:59,51.7443,-9.31424,5.7,8.25,0,0,,2024-May-26,22:33:59
5520,2024-05-26 22:34:59,51.7443,-9.31424,5.7,8.25,0,0,,2024-May-26,22:34:59
5521,2024-05-26 22:35:59,51.7443,-9.31424,5.7,8.25,0,0,,2024-May-26,22:35:59
5522,2024-05-26 22:36:59,51.7443,-9.31424,5.7,8.5,0,0,,2024-May-26,22:36:59
5523,2024-05-26 22:37:59,51.7443,-9.31424,5.7,8.25,0,0,,2024-May-26,22:37:59
5524,2024-05-26 22:38:59,51.7443,-9.31424,5.7,8.25,0,0,,2024-May-26,22:38:59
5525,2024-05-26 22:39:59,51.7443,-9.31424,5.7,8.25,0,0,,2024-May-26,22:39:59
5526,2024-05-26 22:40:59,51.7443,-9.31424,5.7,8.25,0,0,,2024-May-26,22:40:59
5527,2024-05-26 22:41:59,51.7443,-9.31424,5.7,8.25,0,0,,2024-May-26,22:41:59
5528,2024-05-26 22:42:59,51.7443,-9.31424,5.7,8.25,0,0,,2024-May-26,22:42:59
5529,2024-05-26 22:43:59,51.7443,-9.31424,5.7,8.25,0,0,,2024-May-26,22:43:59
5530,2024-05-26 22:44:59,51.7443,-9.31424,5.7,8.25,0,0,,2024-May-26,22:44:59
5531,2024-05-26 22:45:59,51.7443,-9.31424,5.7,8.25,0,0,,2024-May-26,22:45:59
5532,2024-05-26 22:46:59,51.7443,-9.31424,5.7,8.25,0,0,,2024-May-26,22:46:59
5533,2024-05-26 22:47:59,51.7443,-9.31424,5.7,8.25,0,0,,2024-May-26,22:47:59
5534,2024-05-26 22:48:59,51.7443,-9.31424,5.7,8.25,0,0,,2024-May-26,22:48:59
5535,2024-05-26 22:49:59,51.7443,-9.31424,5.7,8.25,0,0,,2024-May-26,22:49:59
5536,2024-05-26 22:50:59,51.7443,-9.31424,5.7,8.25,0,0,,2024-May-26,22:50:59
5537,2024-05-26 22:51:59,51.7443,-9.31424,5.7,8.25,0,0,,2024-May-26,22:51:59
5538,2024-05-26 22:52:59,51.7443,-9.31424,5.7,8.25,0,0,,2024-May-26,22:52:59
5539,2024-05-26 22:53:59,51.7443,-9.31424,5.7,8.25,0,0,,2024-May-26,22:53:59
5540,2024-05-26 22:54:59,51.7443,-9.31424,5.7,8.25,0,1,,2024-May-26,22:54:59
5541,2024-05-26 22:55:59,51.7443,-9.31424,5.7,8.25,0,0,,2024-May-26,22:55:59
5542,2024-05-26 22:56:59,51.7443,-9.31424,5.7,8.25,0,0,,2024-May-26,22:56:59
5543,2024-05-26 22:57:59,51.7443,-9.31424,5.7,8.25,0,0,,2024-May-26,22:57:59
5544,2024-05-26 22:58:59,51.7443,-9.31424,5.7,8.25,0,0,,2024-May-26,22:58:59
5545,2024-05-26 22:59:59,51.7443,-9.31424,5.7,8.25,0,0,,2024-May-26,22:59:59
5546,2024-05-26 23:00:59,51.7443,-9.31424,5.7,8.25,0,0,,2024-May-26,23:00:59
5547,2024-05-26 23:01:59,51.7443,-9.31424,5.7,8.25,0,0,,2024-May-26,23:01:59
5548,2024-05-26 23:02:59,51.7443,-9.31424,5.7,8.25,0,0,,2024-May-26,23:02:59
5549,2024-05-26 23:03:59,51.7443,-9.31424,5.7,8.25,0,0,,2024-May-26,23:03:59
5550,2024-05-26 23:04:59,51.7443,-9.31424,5.7,8.25,0,0,,2024-May-26,23:04:59
5551,2024-05-26 23:05:59,51.7443,-9.31424,5.7,8.25,0,0,,2024-May-26,23:05:59
5552,2024-05-26 23:06:59,51.7443,-9.31424,5.7,8.25,0,0,,2024-May-26,23:06:59
5553,2024-05-26 23:07:59,51.7443,-9.31424,5.7,8.25,0,0,,2024-May-26,23:07:59
5554,2024-05-26 23:08:59,51.7443,-9.31424,5.7,8.25,0,0,,2024-May-26,23:08:59
5555,2024-05-26 23:09:59,51.7443,-9.31424,5.7,8.25,0,0,,2024-May-26,23:09:59
5556,2024-05-26 23:10:59,51.7443,-9.31424,5.7,8.25,0,0,,2024-May-26,23:10:59
5557,2024-05-26 23:11:59,51.7443,-9.31424,5.7,8.25,0,0,,2024-May-26,23:11:59
5558,2024-05-26 23:12:59,51.7443,-9.31424,5.7,8.25,0,0,,2024-May-26,23:12:59
5559,2024-05-26 23:13:59,51.7443,-9.31424,5.7,8.25,0,0,,2024-May-26,23:13:59
5560,2024-05-26 23:14:59,51.7443,-9.31424,5.7,8.25,0,0,,2024-May-26,23:14:59
5561,2024-05-26 23:15:59,51.7443,-9.31424,5.7,8.25,0,0,,2024-May-26,23:15:59
5562,2024-05-26 23:16:59,51.7443,-9.31424,5.7,8.25,0,0,,2024-May-26,23:16:59
5563,2024-05-26 23:17:59,51.7443,-9.31424,5.7,8.25,0,0,,2024-May-26,23:17:59
5564,2024-05-26 23:18:59,51.7443,-9.31424,5.7,8.25,0,0,,2024-May-26,23:18:59
5565,2024-05-26 23:19:59,51.7443,-9.31424,5.7,8.25,0,0,,2024-May-26,23:19:59
5566,2024-05-26 23:20:59,51.7443,-9.31424,5.7,8.25,0,0,,2024-May-26,23:20:59
5567,2024-05-26 23:21:59,51.7443,-9.31424,5.7,8.25,0,0,,2024-May-26,23:21:59
5568,2024-05-26 23:22:59,51.7443,-9.31424,5.7,8.25,0,0,,2024-May-26,23:22:59
5569,2024-05-26 23:23:59,51.7443,-9.31424,5.7,8.25,0,0,,2024-May-26,23:23:59
5570,2024-05-26 23:24:59,51.7443,-9.31424,5.7,8.25,0,0,,2024-May-26,23:24:59
5571,2024-05-26 23:25:59,51.7443,-9.31424,5.7,8.25,0,0,,2024-May-26,23:25:59
5572,2024-05-26 23:26:59,51.7443,-9.31424,5.7,8.25,0,0,,2024-May-26,23:26:59
5573,2024-05-26 23:27:59,51.7443,-9.31424,5.7,8.25,0,0,,2024-May-26,23:27:59
5574,2024-05-26 23:28:59,51.7443,-9.31424,5.7,8.25,0,2,,2024-May-26,23:28:59
5575,2024-05-26 23:29:59,51.7443,-9.31424,5.7,8.25,0,1,,2024-May-26,23:29:59
5576,2024-05-26 23:30:59,51.7443,-9.31424,5.7,8.25,0,1,,2024-May-26,23:30:59
5577,2024-05-26 23:31:59,51.7443,-9.31424,5.7,8.25,0,0,,2024-May-26,23:31:59
5578,2024-05-26 23:32:59,51.7443,-9.31424,5.7,8.25,0,0,,2024-May-26,23:32:59
5579,2024-05-26 23:33:59,51.7443,-9.31424,5.7,8.25,0,0,,2024-May-26,23:33:59
5580,2024-05-26 23:34:59,51.7443,-9.31424,5.7,8.25,0,0,,2024-May-26,23:34:59
5581,2024-05-26 23:35:59,51.7443,-9.31424,5.7,8.25,0,0,,2024-May-26,23:35:59
5582,2024-05-26 23:36:59,51.7443,-9.31424,5.7,8.25,0,0,,2024-May-26,23:36:59
5583,2024-05-26 23:37:59,51.7443,-9.31424,5.7,8.25,0,0,,2024-May-26,23:37:59
5584,2024-05-26 23:38:59,51.7443,-9.31424,5.7,8.25,0,0,,2024-May-26,23:38:59
5585,2024-05-26 23:39:59,51.7443,-9.31424,5.7,8.25,0,0,,2024-May-26,23:39:59
5586,2024-05-26 23:40:59,51.7443,-9.31424,5.7,8.25,1,0,,2024-May-26,23:40:59
5587,2024-05-26 23:41:59,51.7443,-9.31424,5.7,8.25,0,0,,2024-May-26,23:41:59
5588,2024-05-26 23:42:59,51.7443,-9.31424,5.7,8.25,1,0,,2024-May-26,23:42:59
5589,2024-05-26 23:43:59,51.7443,-9.31424,5.7,8.25,0,0,,2024-May-26,23:43:59
5590,2024-05-26 23:44:59,51.7443,-9.31424,5.7,8.25,0,0,,2024-May-26,23:44:59
5591,2024-05-26 23:45:59,51.7443,-9.31424,5.7,8.25,0,0,,2024-May-26,23:45:59
5592,2024-05-26 23:46:59,51.7443,-9.31424,5.7,8.25,0,0,,2024-May-26,23:46:59
5593,2024-05-26 23:47:59,51.7443,-9.31424,5.7,8.25,0,0,,2024-May-26,23:47:59
5594,2024-05-26 23:48:59,51.7443,-9.31424,5.7,8.25,0,0,,2024-May-26,23:48:59
5595,2024-05-26 23:49:59,51.7443,-9.31424,5.7,8.25,0,0,,2024-May-26,23:49:59
5596,2024-05-26 23:50:59,51.7443,-9.31424,5.7,8.25,0,0,,2024-May-26,23:50:59
5597,2024-05-26 23:51:59,51.7443,-9.31424,5.7,8.25,0,0,,2024-May-26,23:51:59
5598,2024-05-26 23:52:59,51.7443,-9.31424,5.7,8.25,0,0,,2024-May-26,23:52:59
5599,2024-05-26 23:53:59,51.7443,-9.31424,5.7,8.25,0,0,,2024-May-26,23:53:59
5600,2024-05-26 23:54:59,51.7443,-9.31424,5.7,8.25,0,0,,2024-May-26,23:54:59
5601,2024-05-26 23:55:59,51.7443,-9.31424,5.7,8.25,0,0,,2024-May-26,23:55:59
5602,2024-05-26 23:56:59,51.7443,-9.31424,5.7,8.25,0,0,,2024-May-26,23:56:59
5603,2024-05-26 23:57:59,51.7443,-9.31424,5.7,8.25,0,0,,2024-May-26,23:57:59
5604,2024-05-26 23:58:59,51.7443,-9.31424,5.7,8.25,0,0,,2024-May-26,23:58:59
5605,2024-05-26 23:59:59,51.7443,-9.31424,5.7,8.25,0,0,,2024-May-26,23:59:59
5606,2024-05-27 00:00:59,51.7443,-9.31424,5.7,8.25,0,0,,2024-May-27,00:00:59
5607,2024-05-27 00:01:59,51.7443,-9.31424,5.7,8.25,0,0,,2024-May-27,00:01:59
5608,2024-05-27 00:02:59,51.7443,-9.31424,5.6,8.25,0,0,,2024-May-27,00:02:59
5609,2024-05-27 00:03:59,51.7443,-9.31424,5.7,8.25,0,0,,2024-May-27,00:03:59
5610,2024-05-27 00:04:59,51.7443,-9.31424,5.6,8.25,0,0,,2024-May-27,00:04:59
5611,2024-05-27 00:05:59,51.7443,-9.31424,5.7,8.25,0,0,,2024-May-27,00:05:59
5612,2024-05-27 00:06:59,51.7443,-9.31424,5.7,8,0,0,,2024-May-27,00:06:59
5613,2024-05-27 00:07:59,51.7443,-9.31424,5.7,8.25,0,1,,2024-May-27,00:07:59
5614,2024-05-27 00:08:59,51.7443,-9.31424,5.7,8.25,0,0,,2024-May-27,00:08:59
5615,2024-05-27 00:09:59,51.7443,-9.31424,5.7,8.25,0,0,,2024-May-27,00:09:59
5616,2024-05-27 00:10:59,51.7443,-9.31424,5.7,8.25,0,0,,2024-May-27,00:10:59
5617,2024-05-27 00:11:59,51.7443,-9.31424,5.7,8.25,0,0,,2024-May-27,00:11:59
5618,2024-05-27 00:12:59,51.7443,-9.31424,5.7,8.5,0,0,,2024-May-27,00:12:59
5619,2024-05-27 00:13:59,51.7443,-9.31424,5.7,8.25,0,0,,2024-May-27,00:13:59
5620,2024-05-27 00:14:59,51.7443,-9.31424,5.7,8.25,0,1,,2024-May-27,00:14:59
5621,2024-05-27 00:15:59,51.7443,-9.31424,5.7,8,0,1,,2024-May-27,00:15:59
5622,2024-05-27 00:16:59,51.7443,-9.31424,5.7,8.25,0,0,,2024-May-27,00:16:59
5623,2024-05-27 00:17:59,51.7443,-9.31424,5.7,8.25,0,0,,2024-May-27,00:17:59
5624,2024-05-27 00:18:59,51.7443,-9.31424,5.6,8.25,0,0,,2024-May-27,00:18:59
5625,2024-05-27 00:19:59,51.7443,-9.31424,5.7,8.25,0,0,,2024-May-27,00:19:59
5626,2024-05-27 00:20:59,51.7443,-9.31424,5.7,8.25,0,0,,2024-May-27,00:20:59
5627,2024-05-27 00:21:59,51.7443,-9.31424,5.7,8.25,0,0,,2024-May-27,00:21:59
5628,2024-05-27 00:22:59,51.7443,-9.31424,5.6,8.25,0,1,,2024-May-27,00:22:59
5629,2024-05-27 00:23:59,51.7443,-9.31424,5.7,8.25,0,0,,2024-May-27,00:23:59
5630,2024-05-27 00:24:59,51.7443,-9.31424,5.7,8.25,0,0,,2024-May-27,00:24:59
5631,2024-05-27 00:25:59,51.7443,-9.31424,5.6,8.25,0,0,,2024-May-27,00:25:59
5632,2024-05-27 00:26:59,51.7443,-9.31424,5.6,8.25,0,0,,2024-May-27,00:26:59
5633,2024-05-27 00:27:59,51.7443,-9.31424,5.6,8.25,0,0,,2024-May-27,00:27:59
5634,2024-05-27 00:28:59,51.7443,-9.31424,5.6,8.25,0,0,,2024-May-27,00:28:59
5635,2024-05-27 00:29:59,51.7443,-9.31424,5.6,8.25,0,0,,2024-May-27,00:29:59
5636,2024-05-27 00:30:59,51.7443,-9.31424,5.7,8.25,0,0,,2024-May-27,00:30:59
5637,2024-05-27 00:31:59,51.7443,-9.31424,5.6,8.25,0,0,,2024-May-27,00:31:59
5638,2024-05-27 00:32:59,51.7443,-9.31424,5.7,8.25,0,1,,2024-May-27,00:32:59
5639,2024-05-27 00:33:59,51.7443,-9.31424,5.6,8.25,0,0,,2024-May-27,00:33:59
5640,2024-05-27 00:34:59,51.7443,-9.31424,5.6,8.25,0,0,,2024-May-27,00:34:59
5641,2024-05-27 00:35:59,51.7443,-9.31424,5.6,8.25,0,0,,2024-May-27,00:35:59
5642,2024-05-27 00:36:59,51.7443,-9.31424,5.6,8.25,0,0,,2024-May-27,00:36:59
5643,2024-05-27 00:37:59,51.7443,-9.31424,5.6,8.25,0,0,,2024-May-27,00:37:59
5644,2024-05-27 00:38:59,51.7443,-9.31424,5.6,8.25,0,0,,2024-May-27,00:38:59
5645,2024-05-27 00:39:59,51.7443,-9.31424,5.6,8.25,0,0,,2024-May-27,00:39:59
5646,2024-05-27 00:40:59,51.7443,-9.31424,5.6,8.25,0,1,,2024-May-27,00:40:59
5647,2024-05-27 00:41:59,51.7443,-9.31424,5.6,8.25,0,1,,2024-May-27,00:41:59
5648,2024-05-27 00:42:59,51.7443,-9.31424,5.6,8.25,0,0,,2024-May-27,00:42:59
5649,2024-05-27 00:43:59,51.7443,-9.31424,5.6,8.25,0,0,,2024-May-27,00:43:59
5650,2024-05-27 00:44:59,51.7443,-9.31424,5.6,8.25,0,0,,2024-May-27,00:44:59
5651,2024-05-27 00:45:59,51.7443,-9.31424,5.6,8.25,0,0,,2024-May-27,00:45:59
5652,2024-05-27 00:46:59,51.7443,-9.31424,5.6,8.25,0,0,,2024-May-27,00:46:59
5653,2024-05-27 00:47:59,51.7443,-9.31424,5.5,8.25,0,0,,2024-May-27,00:47:59
5654,2024-05-27 00:48:59,51.7443,-9.31424,5.6,8.25,0,1,,2024-May-27,00:48:59
5655,2024-05-27 00:49:59,51.7443,-9.31424,5.6,8.25,0,0,,2024-May-27,00:49:59
5656,2024-05-27 00:50:59,51.7443,-9.31424,5.6,8.25,0,2,,2024-May-27,00:50:59
5657,2024-05-27 00:51:59,51.7443,-9.31424,5.6,8.25,0,0,,2024-May-27,00:51:59
5658,2024-05-27 00:52:59,51.7443,-9.31424,5.6,8.25,0,0,,2024-May-27,00:52:59
5659,2024-05-27 00:53:59,51.7443,-9.31424,5.6,8.25,0,0,,2024-May-27,00:53:59
5660,2024-05-27 00:54:59,51.7443,-9.31424,5.6,8.25,0,1,,2024-May-27,00:54:59
5661,2024-05-27 00:55:59,51.7443,-9.31424,5.6,8.25,0,0,,2024-May-27,00:55:59
5662,2024-05-27 00:56:59,51.7443,-9.31424,5.6,8.25,0,0,,2024-May-27,00:56:59
5663,2024-05-27 00:57:59,51.7443,-9.31424,5.6,8.25,0,0,,2024-May-27,00:57:59
5664,2024-05-27 00:58:59,51.7443,-9.31424,5.6,8.25,0,0,,2024-May-27,00:58:59
5665,2024-05-27 00:59:59,51.7443,-9.31424,5.6,8.25,0,0,,2024-May-27,00:59:59
5666,2024-05-27 01:00:59,51.7443,-9.31424,5.6,8.25,0,0,,2024-May-27,01:00:59
5667,2024-05-27 01:01:59,51.7443,-9.31424,5.6,8.25,0,0,,2024-May-27,01:01:59
5668,2024-05-27 01:02:59,51.7443,-9.31424,5.5,8.25,0,2,,2024-May-27,01:02:59
5669,2024-05-27 01:03:59,51.7443,-9.31424,5.6,8.25,0,2,,2024-May-27,01:03:59
5670,2024-05-27 01:04:59,51.7443,-9.31424,5.6,8.25,0,2,,2024-May-27,01:04:59
5671,2024-05-27 01:05:59,51.7443,-9.31424,5.6,8.25,0,2,,2024-May-27,01:05:59
5672,2024-05-27 01:06:59,51.7443,-9.31424,5.6,8.25,0,1,,2024-May-27,01:06:59
5673,2024-05-27 01:07:59,51.7443,-9.31424,5.6,8.25,0,2,,2024-May-27,01:07:59
5674,2024-05-27 01:08:59,51.7443,-9.31424,5.6,8.25,0,0,,2024-May-27,01:08:59
5675,2024-05-27 01:09:59,51.7443,-9.31424,5.6,8.25,0,0,,2024-May-27,01:09:59
5676,2024-05-27 01:10:59,51.7443,-9.31424,5.6,8.25,0,0,,2024-May-27,01:10:59
5677,2024-05-27 01:11:59,51.7443,-9.31424,5.6,8.25,0,1,,2024-May-27,01:11:59
5678,2024-05-27 01:12:59,51.7443,-9.31424,5.6,8.5,0,0,,2024-May-27,01:12:59
5679,2024-05-27 01:13:59,51.7443,-9.31424,5.6,8.25,0,2,,2024-May-27,01:13:59
5680,2024-05-27 01:14:59,51.7443,-9.31424,5.6,8.25,0,3,,2024-May-27,01:14:59
5681,2024-05-27 01:15:59,51.7443,-9.31424,5.6,8.25,0,1,,2024-May-27,01:15:59
5682,2024-05-27 01:16:59,51.7443,-9.31424,5.6,8.25,0,1,,2024-May-27,01:16:59
5683,2024-05-27 01:17:59,51.7443,-9.31424,5.6,8.25,0,0,,2024-May-27,01:17:59
5684,2024-05-27 01:18:59,51.7443,-9.31424,5.6,8.25,0,0,,2024-May-27,01:18:59
5685,2024-05-27 01:19:59,51.7443,-9.31424,5.6,8.25,0,0,,2024-May-27,01:19:59
5686,2024-05-27 01:20:59,51.7443,-9.31424,5.6,8.25,0,0,,2024-May-27,01:20:59
5687,2024-05-27 01:21:59,51.7443,-9.31424,5.6,8.5,0,1,,2024-May-27,01:21:59
5688,2024-05-27 01:22:59,51.7443,-9.31424,5.6,8,0,1,,2024-May-27,01:22:59
5689,2024-05-27 01:23:59,51.7443,-9.31424,5.6,8.25,0,0,,2024-May-27,01:23:59
5690,2024-05-27 01:24:59,51.7443,-9.31424,5.6,8.25,0,1,,2024-May-27,01:24:59
5691,2024-05-27 01:25:59,51.7443,-9.31424,5.6,8.25,0,0,,2024-May-27,01:25:59
5692,2024-05-27 01:26:59,51.7443,-9.31424,5.6,8.25,0,0,,2024-May-27,01:26:59
5693,2024-05-27 01:27:59,51.7443,-9.31424,5.6,8.25,0,1,,2024-May-27,01:27:59
5694,2024-05-27 01:28:59,51.7443,-9.31424,5.6,8.25,0,1,,2024-May-27,01:28:59
5695,2024-05-27 01:29:59,51.7443,-9.31424,5.6,8.25,0,0,,2024-May-27,01:29:59
5696,2024-05-27 01:30:59,51.7443,-9.31424,5.6,8.25,0,0,,2024-May-27,01:30:59
5697,2024-05-27 01:31:59,51.7443,-9.31424,5.6,8.25,0,0,,2024-May-27,01:31:59
5698,2024-05-27 01:32:59,51.7443,-9.31424,5.6,8.25,0,0,,2024-May-27,01:32:59
5699,2024-05-27 01:33:59,51.7443,-9.31424,5.6,8.25,0,1,,2024-May-27,01:33:59
5700,2024-05-27 01:34:59,51.7443,-9.31424,5.6,8.25,0,1,,2024-May-27,01:34:59
5701,2024-05-27 01:35:59,51.7443,-9.31424,5.6,8,0,0,,2024-May-27,01:35:59
5702,2024-05-27 01:36:59,51.7443,-9.31424,5.6,8.25,0,0,,2024-May-27,01:36:59
5703,2024-05-27 01:37:59,51.7443,-9.31424,5.6,8.25,0,0,,2024-May-27,01:37:59
5704,2024-05-27 01:38:59,51.7443,-9.31424,5.6,8.25,0,0,,2024-May-27,01:38:59
5705,2024-05-27 01:39:59,51.7443,-9.31424,5.6,8.25,0,0,,2024-May-27,01:39:59
5706,2024-05-27 01:40:59,51.7443,-9.31424,5.6,8,0,0,,2024-May-27,01:40:59
5707,2024-05-27 01:41:59,51.7443,-9.31424,5.6,8.25,0,0,,2024-May-27,01:41:59
5708,2024-05-27 01:42:59,51.7443,-9.31424,5.6,8.25,0,0,,2024-May-27,01:42:59
5709,2024-05-27 01:43:59,51.7443,-9.31424,5.6,8.25,0,0,,2024-May-27,01:43:59
5710,2024-05-27 01:44:59,51.7443,-9.31424,5.6,8.25,0,0,,2024-May-27,01:44:59
5711,2024-05-27 01:45:59,51.7443,-9.31424,5.6,8.25,0,1,,2024-May-27,01:45:59
5712,2024-05-27 01:46:59,51.7443,-9.31424,5.6,8,0,1,,2024-May-27,01:46:59
5713,2024-05-27 01:47:59,51.7443,-9.31424,5.6,8,0,1,,2024-May-27,01:47:59
5714,2024-05-27 01:48:59,51.7443,-9.31424,5.6,8,0,0,,2024-May-27,01:48:59
5715,2024-05-27 01:49:59,51.7443,-9.31424,5.6,8.25,0,0,,2024-May-27,01:49:59
5716,2024-05-27 01:50:59,51.7443,-9.31424,5.6,8.25,0,0,,2024-May-27,01:50:59
5717,2024-05-27 01:51:59,51.7443,-9.31424,5.6,8,0,0,,2024-May-27,01:51:59
5718,2024-05-27 01:52:59,51.7443,-9.31424,5.6,8,0,0,,2024-May-27,01:52:59
5719,2024-05-27 01:53:59,51.7443,-9.31424,5.6,8,0,1,,2024-May-27,01:53:59
5720,2024-05-27 01:54:59,51.7443,-9.31424,5.6,8,0,1,,2024-May-27,01:54:59
5721,2024-05-27 01:55:59,51.7443,-9.31424,5.6,8.25,0,1,,2024-May-27,01:55:59
5722,2024-05-27 01:56:59,51.7443,-9.31424,5.6,8,0,1,,2024-May-27,01:56:59
5723,2024-05-27 01:57:59,51.7443,-9.31424,5.6,8,0,0,,2024-May-27,01:57:59
5724,2024-05-27 01:58:59,51.7443,-9.31424,5.6,8.25,0,0,,2024-May-27,01:58:59
5725,2024-05-27 01:59:59,51.7443,-9.31424,5.6,8,0,1,,2024-May-27,01:59:59
5726,2024-05-27 02:00:59,51.7443,-9.31424,5.6,8,0,2,,2024-May-27,02:00:59
5727,2024-05-27 02:01:59,51.7443,-9.31424,5.6,8,0,0,,2024-May-27,02:01:59
5728,2024-05-27 02:02:59,51.7443,-9.31424,5.6,8,0,0,,2024-May-27,02:02:59
5729,2024-05-27 02:03:59,51.7443,-9.31424,5.6,8,0,0,,2024-May-27,02:03:59
5730,2024-05-27 02:04:59,51.7443,-9.31424,5.6,8.25,0,0,,2024-May-27,02:04:59
5731,2024-05-27 02:05:59,51.7443,-9.31424,5.6,8,0,0,,2024-May-27,02:05:59
5732,2024-05-27 02:06:59,51.7443,-9.31424,5.6,8,0,0,,2024-May-27,02:06:59
5733,2024-05-27 02:07:59,51.7443,-9.31424,5.6,8,0,0,,2024-May-27,02:07:59
5734,2024-05-27 02:08:59,51.7443,-9.31424,5.6,8,0,0,,2024-May-27,02:08:59
5735,2024-05-27 02:09:59,51.7443,-9.31424,5.6,8,0,0,,2024-May-27,02:09:59
5736,2024-05-27 02:11:01,51.7443,-9.31424,5.6,8,0,1,,2024-May-27,02:11:01
5737,2024-05-27 02:12:01,51.7443,-9.31424,5.6,8,0,0,,2024-May-27,02:12:01
5738,2024-05-27 02:13:01,51.7443,-9.31424,5.6,8.25,0,1,,2024-May-27,02:13:01
5739,2024-05-27 02:14:01,51.7443,-9.31424,5.6,8,0,1,,2024-May-27,02:14:01
5740,2024-05-27 02:15:01,51.7443,-9.31424,5.6,8,0,0,,2024-May-27,02:15:01
5741,2024-05-27 02:16:01,51.7443,-9.31424,5.6,8,0,1,,2024-May-27,02:16:01
5742,2024-05-27 02:17:01,51.7443,-9.31424,5.6,8,0,1,,2024-May-27,02:17:01
5743,2024-05-27 02:18:01,51.7443,-9.31424,5.6,8,0,0,,2024-May-27,02:18:01
5744,2024-05-27 02:19:01,51.7443,-9.31424,5.6,8,0,0,,2024-May-27,02:19:01
5745,2024-05-27 02:20:01,51.7443,-9.31424,5.6,8,0,1,,2024-May-27,02:20:01
5746,2024-05-27 02:21:01,51.7443,-9.31424,5.6,8,0,0,,2024-May-27,02:21:01
5747,2024-05-27 02:22:01,51.7443,-9.31424,5.6,8,0,0,,2024-May-27,02:22:01
5748,2024-05-27 02:23:01,51.7443,-9.31424,5.6,8,0,0,,2024-May-27,02:23:01
5749,2024-05-27 02:24:01,51.7443,-9.31424,5.6,8,0,0,,2024-May-27,02:24:01
5750,2024-05-27 02:25:01,51.7443,-9.31424,5.6,8,0,0,,2024-May-27,02:25:01
5751,2024-05-27 02:26:01,51.7443,-9.31424,5.6,8,0,0,,2024-May-27,02:26:01
5752,2024-05-27 02:27:01,51.7443,-9.31424,5.6,8,0,0,,2024-May-27,02:27:01
5753,2024-05-27 02:28:01,51.7443,-9.31424,5.6,8,0,0,,2024-May-27,02:28:01
5754,2024-05-27 02:29:01,51.7443,-9.31424,5.6,8,0,0,,2024-May-27,02:29:01
5755,2024-05-27 02:30:01,51.7443,-9.31424,5.6,8,0,0,,2024-May-27,02:30:01
5756,2024-05-27 02:31:01,51.7443,-9.31424,5.6,8,0,0,,2024-May-27,02:31:01
5757,2024-05-27 02:32:01,51.7443,-9.31424,5.6,8,0,0,,2024-May-27,02:32:01
5758,2024-05-27 02:33:01,51.7443,-9.31424,5.6,8,0,0,,2024-May-27,02:33:01
5759,2024-05-27 02:34:01,51.7443,-9.31424,5.6,7.75,0,0,,2024-May-27,02:34:01
5760,2024-05-27 02:35:01,51.7443,-9.31424,5.6,8,0,0,,2024-May-27,02:35:01
5761,2024-05-27 02:36:01,51.7443,-9.31424,5.6,8,0,0,,2024-May-27,02:36:01
5762,2024-05-27 02:37:01,51.7443,-9.31424,5.6,8,0,0,,2024-May-27,02:37:01
5763,2024-05-27 02:38:01,51.7443,-9.31424,5.6,8,0,0,,2024-May-27,02:38:01
5764,2024-05-27 02:39:01,51.7443,-9.31424,5.6,7.75,0,0,,2024-May-27,02:39:01
5765,2024-05-27 02:40:01,51.7443,-9.31424,5.6,8,0,0,,2024-May-27,02:40:01
5766,2024-05-27 02:41:01,51.7443,-9.31424,5.6,8,0,0,,2024-May-27,02:41:01
5767,2024-05-27 02:42:01,51.7443,-9.31424,5.6,8,0,0,,2024-May-27,02:42:01
5768,2024-05-27 02:43:01,51.7443,-9.31424,5.6,8,0,0,,2024-May-27,02:43:01
5769,2024-05-27 02:44:01,51.7443,-9.31424,5.6,8,0,0,,2024-May-27,02:44:01
5770,2024-05-27 02:45:01,51.7443,-9.31424,5.6,8,0,0,,2024-May-27,02:45:01
5771,2024-05-27 02:46:01,51.7443,-9.31424,5.6,8,0,0,,2024-May-27,02:46:01
5772,2024-05-27 02:47:01,51.7443,-9.31424,5.6,8,0,0,,2024-May-27,02:47:01
5773,2024-05-27 02:48:01,51.7443,-9.31424,5.6,7.75,0,0,,2024-May-27,02:48:01
5774,2024-05-27 02:49:01,51.7443,-9.31424,5.6,7.75,0,0,,2024-May-27,02:49:01
5775,2024-05-27 02:50:01,51.7443,-9.31424,5.6,8,0,0,,2024-May-27,02:50:01
5776,2024-05-27 02:51:01,51.7443,-9.31424,5.6,8,0,0,,2024-May-27,02:51:01
5777,2024-05-27 02:52:01,51.7443,-9.31424,5.6,8,0,0,,2024-May-27,02:52:01
5778,2024-05-27 02:53:01,51.7443,-9.31424,5.6,8,0,0,,2024-May-27,02:53:01
5779,2024-05-27 02:54:01,51.7443,-9.31424,5.6,8,0,0,,2024-May-27,02:54:01
5780,2024-05-27 02:55:01,51.7443,-9.31424,5.6,8,0,0,,2024-May-27,02:55:01
5781,2024-05-27 02:56:01,51.7443,-9.31424,5.6,7.75,0,0,,2024-May-27,02:56:01
5782,2024-05-27 02:57:01,51.7443,-9.31424,5.6,8,0,0,,2024-May-27,02:57:01
5783,2024-05-27 02:58:01,51.7443,-9.31424,5.6,8,0,0,,2024-May-27,02:58:01
5784,2024-05-27 02:59:01,51.7443,-9.31424,5.6,7.75,0,0,,2024-May-27,02:59:01
5785,2024-05-27 03:00:01,51.7443,-9.31424,5.6,7.75,0,0,,2024-May-27,03:00:01
5786,2024-05-27 03:01:01,51.7443,-9.31424,5.6,8,0,0,,2024-May-27,03:01:01
5787,2024-05-27 03:02:01,51.7443,-9.31424,5.6,8,0,0,,2024-May-27,03:02:01
5788,2024-05-27 03:03:01,51.7443,-9.31424,5.6,7.75,0,0,,2024-May-27,03:03:01
5789,2024-05-27 03:04:01,51.7443,-9.31424,5.6,7.75,0,0,,2024-May-27,03:04:01
5790,2024-05-27 03:05:01,51.7443,-9.31424,5.6,8,0,0,,2024-May-27,03:05:01
5791,2024-05-27 03:06:01,51.7443,-9.31424,5.6,8,0,0,,2024-May-27,03:06:01
5792,2024-05-27 03:07:01,51.7443,-9.31424,5.6,7.75,0,0,,2024-May-27,03:07:01
5793,2024-05-27 03:08:01,51.7443,-9.31424,5.6,7.75,0,0,,2024-May-27,03:08:01
5794,2024-05-27 03:09:01,51.7443,-9.31424,5.6,8,0,0,,2024-May-27,03:09:01
5795,2024-05-27 03:10:01,51.7443,-9.31424,5.6,8,0,0,,2024-May-27,03:10:01
5796,2024-05-27 03:11:01,51.7443,-9.31424,5.6,7.75,0,0,,2024-May-27,03:11:01
5797,2024-05-27 03:12:01,51.7443,-9.31424,5.6,7.75,0,0,,2024-May-27,03:12:01
5798,2024-05-27 03:13:01,51.7443,-9.31424,5.6,8,0,0,,2024-May-27,03:13:01
5799,2024-05-27 03:14:01,51.7443,-9.31424,5.6,7.75,0,0,,2024-May-27,03:14:01
5800,2024-05-27 03:15:01,51.7443,-9.31424,5.6,7.75,0,0,,2024-May-27,03:15:01
5801,2024-05-27 03:16:01,51.7443,-9.31424,5.6,7.75,0,0,,2024-May-27,03:16:01
5802,2024-05-27 03:17:01,51.7443,-9.31424,5.6,7.75,0,0,,2024-May-27,03:17:01
5803,2024-05-27 03:18:01,51.7443,-9.31424,5.6,7.75,0,0,,2024-May-27,03:18:01
5804,2024-05-27 03:19:01,51.7443,-9.31424,5.6,7.75,0,0,,2024-May-27,03:19:01
5805,2024-05-27 03:20:01,51.7443,-9.31424,5.6,7.75,0,0,,2024-May-27,03:20:01
5806,2024-05-27 03:21:01,51.7443,-9.31424,5.6,7.75,0,0,,2024-May-27,03:21:01
5807,2024-05-27 03:22:01,51.7443,-9.31424,5.6,7.75,0,0,,2024-May-27,03:22:01
5808,2024-05-27 03:23:01,51.7443,-9.31424,5.6,7.75,0,0,,2024-May-27,03:23:01
5809,2024-05-27 03:24:01,51.7443,-9.31424,5.6,7.75,0,0,,2024-May-27,03:24:01
5810,2024-05-27 03:25:01,51.7443,-9.31424,5.6,7.75,0,0,,2024-May-27,03:25:01
5811,2024-05-27 03:26:01,51.7443,-9.31424,5.6,7.75,0,0,,2024-May-27,03:26:01
5812,2024-05-27 03:27:01,51.7443,-9.31424,5.6,7.75,0,0,,2024-May-27,03:27:01
5813,2024-05-27 03:28:01,51.7443,-9.31424,5.6,7.75,0,0,,2024-May-27,03:28:01
5814,2024-05-27 03:29:01,51.7443,-9.31424,5.6,7.75,0,1,,2024-May-27,03:29:01
5815,2024-05-27 03:30:01,51.7443,-9.31424,5.6,7.75,0,0,,2024-May-27,03:30:01
5816,2024-05-27 03:31:01,51.7443,-9.31424,5.6,7.5,0,0,,2024-May-27,03:31:01
5817,2024-05-27 03:32:01,51.7443,-9.31424,5.6,7.75,0,0,,2024-May-27,03:32:01
5818,2024-05-27 03:33:01,51.7443,-9.31424,5.6,7.75,0,0,,2024-May-27,03:33:01
5819,2024-05-27 03:34:01,51.7443,-9.31424,5.6,7.75,0,0,,2024-May-27,03:34:01
5820,2024-05-27 03:35:01,51.7443,-9.31424,5.6,7.75,0,2,,2024-May-27,03:35:01
5821,2024-05-27 03:36:01,51.7443,-9.31424,5.6,7.5,0,0,,2024-May-27,03:36:01
5822,2024-05-27 03:37:01,51.7443,-9.31424,5.6,7.75,0,1,,2024-May-27,03:37:01
5823,2024-05-27 03:38:01,51.7443,-9.31424,5.6,7.75,0,2,,2024-May-27,03:38:01
5824,2024-05-27 03:39:01,51.7443,-9.31424,5.6,7.75,0,0,,2024-May-27,03:39:01
5825,2024-05-27 03:40:01,51.7443,-9.31424,5.6,7.75,0,0,,2024-May-27,03:40:01
5826,2024-05-27 03:41:01,51.7443,-9.31424,5.6,7.75,0,0,,2024-May-27,03:41:01
5827,2024-05-27 03:42:01,51.7443,-9.31424,5.6,7.75,0,0,,2024-May-27,03:42:01
5828,2024-05-27 03:43:01,51.7443,-9.31424,5.6,7.75,0,0,,2024-May-27,03:43:01
5829,2024-05-27 03:44:01,51.7443,-9.31424,5.6,7.75,0,0,,2024-May-27,03:44:01
5830,2024-05-27 03:45:01,51.7443,-9.31424,5.6,7.75,0,0,,2024-May-27,03:45:01
5831,2024-05-27 03:46:01,51.7443,-9.31424,5.6,7.75,0,0,,2024-May-27,03:46:01
5832,2024-05-27 03:47:01,51.7443,-9.31424,5.6,7.5,0,0,,2024-May-27,03:47:01
5833,2024-05-27 03:48:01,51.7443,-9.31424,5.6,7.75,0,0,,2024-May-27,03:48:01
5834,2024-05-27 03:49:01,51.7443,-9.31424,5.6,7.75,0,0,,2024-May-27,03:49:01
5835,2024-05-27 03:50:01,51.7443,-9.31424,5.6,7.75,0,0,,2024-May-27,03:50:01
5836,2024-05-27 03:51:01,51.7443,-9.31424,5.6,7.75,0,0,,2024-May-27,03:51:01
5837,2024-05-27 03:52:01,51.7443,-9.31424,5.6,7.75,0,0,,2024-May-27,03:52:01
5838,2024-05-27 03:53:01,51.7443,-9.31424,5.6,7.75,0,0,,2024-May-27,03:53:01
5839,2024-05-27 03:54:01,51.7443,-9.31424,5.6,7.75,0,0,,2024-May-27,03:54:01
5840,2024-05-27 03:55:01,51.7443,-9.31424,5.6,7.75,0,0,,2024-May-27,03:55:01
5841,2024-05-27 03:56:01,51.7443,-9.31424,5.6,7.75,0,0,,2024-May-27,03:56:01
5842,2024-05-27 03:57:01,51.7443,-9.31424,5.6,7.75,0,0,,2024-May-27,03:57:01
5843,2024-05-27 03:58:01,51.7443,-9.31424,5.6,7.75,0,0,,2024-May-27,03:58:01
5844,2024-05-27 03:59:01,51.7443,-9.31424,5.6,7.75,0,0,,2024-May-27,03:59:01
5845,2024-05-27 04:00:01,51.7443,-9.31424,5.6,7.75,0,0,,2024-May-27,04:00:01
5846,2024-05-27 04:01:01,51.7443,-9.31424,5.6,7.75,0,0,,2024-May-27,04:01:01
5847,2024-05-27 04:02:01,51.7443,-9.31424,5.6,7.75,0,0,,2024-May-27,04:02:01
5848,2024-05-27 04:03:01,51.7443,-9.31424,5.6,7.75,0,0,,2024-May-27,04:03:01
5849,2024-05-27 04:04:01,51.7443,-9.31424,5.6,7.75,0,0,,2024-May-27,04:04:01
5850,2024-05-27 04:05:01,51.7443,-9.31424,5.6,7.75,0,0,,2024-May-27,04:05:01
5851,2024-05-27 04:06:01,51.7443,-9.31424,5.6,7.75,0,0,,2024-May-27,04:06:01
5852,2024-05-27 04:07:01,51.7443,-9.31424,5.6,7.75,0,0,,2024-May-27,04:07:01
5853,2024-05-27 04:08:01,51.7443,-9.31424,5.6,7.75,0,0,,2024-May-27,04:08:01
5854,2024-05-27 04:09:01,51.7443,-9.31424,5.6,7.75,0,0,,2024-May-27,04:09:01
5855,2024-05-27 04:10:01,51.7443,-9.31424,5.6,7.75,0,0,,2024-May-27,04:10:01
5856,2024-05-27 04:11:01,51.7443,-9.31424,5.6,7.75,0,0,,2024-May-27,04:11:01
5857,2024-05-27 04:12:01,51.7443,-9.31424,5.6,8,0,0,,2024-May-27,04:12:01
5858,2024-05-27 04:13:01,51.7443,-9.31424,5.6,7.75,0,0,,2024-May-27,04:13:01
5859,2024-05-27 04:14:01,51.7443,-9.31424,5.6,7.75,0,0,,2024-May-27,04:14:01
5860,2024-05-27 04:15:01,51.7443,-9.31424,5.6,7.75,0,0,,2024-May-27,04:15:01
5861,2024-05-27 04:16:01,51.7443,-9.31424,5.6,7.75,0,0,,2024-May-27,04:16:01
5862,2024-05-27 04:17:01,51.7443,-9.31424,5.6,7.75,0,0,,2024-May-27,04:17:01
5863,2024-05-27 04:18:01,51.7443,-9.31424,5.6,7.75,0,0,,2024-May-27,04:18:01
5864,2024-05-27 04:19:01,51.7443,-9.31424,5.6,7.75,0,0,,2024-May-27,04:19:01
5865,2024-05-27 04:20:01,51.7443,-9.31424,5.6,7.75,0,0,,2024-May-27,04:20:01
5866,2024-05-27 04:21:01,51.7443,-9.31424,5.6,8,0,0,,2024-May-27,04:21:01
5867,2024-05-27 04:22:01,51.7443,-9.31424,5.6,7.75,0,0,,2024-May-27,04:22:01
5868,2024-05-27 04:23:01,51.7443,-9.31424,5.6,7.75,0,0,,2024-May-27,04:23:01
5869,2024-05-27 04:24:01,51.7443,-9.31424,5.6,7.75,0,0,,2024-May-27,04:24:01
5870,2024-05-27 04:25:01,51.7443,-9.31424,5.6,7.75,0,0,,2024-May-27,04:25:01
5871,2024-05-27 04:26:01,51.7443,-9.31424,5.6,8,0,0,,2024-May-27,04:26:01
5872,2024-05-27 04:27:01,51.7443,-9.31424,5.6,7.75,0,0,,2024-May-27,04:27:01
5873,2024-05-27 04:28:01,51.7443,-9.31424,5.6,7.75,0,0,,2024-May-27,04:28:01
5874,2024-05-27 04:29:01,51.7443,-9.31424,5.6,7.75,0,0,,2024-May-27,04:29:01
5875,2024-05-27 04:30:01,51.7443,-9.31424,5.6,8,0,0,,2024-May-27,04:30:01
5876,2024-05-27 04:31:01,51.7443,-9.31424,5.6,8,0,0,,2024-May-27,04:31:01
5877,2024-05-27 04:32:01,51.7443,-9.31424,5.6,7.75,0,0,,2024-May-27,04:32:01
5878,2024-05-27 04:33:01,51.7443,-9.31424,5.6,8,0,0,,2024-May-27,04:33:01
5879,2024-05-27 04:34:01,51.7443,-9.31424,5.6,7.75,0,0,,2024-May-27,04:34:01
5880,2024-05-27 04:35:01,51.7443,-9.31424,5.6,7.75,0,0,,2024-May-27,04:35:01
5881,2024-05-27 04:36:01,51.7443,-9.31424,5.6,8,0,0,,2024-May-27,04:36:01
5882,2024-05-27 04:37:01,51.7443,-9.31424,5.6,8,0,0,,2024-May-27,04:37:01
5883,2024-05-27 04:38:01,51.7443,-9.31424,5.6,8,0,0,,2024-May-27,04:38:01
5884,2024-05-27 04:39:01,51.7443,-9.31424,5.6,8,0,0,,2024-May-27,04:39:01
5885,2024-05-27 04:40:01,51.7443,-9.31424,5.6,8,0,1,,2024-May-27,04:40:01
5886,2024-05-27 04:41:01,51.7443,-9.31424,5.6,8,0,1,,2024-May-27,04:41:01
5887,2024-05-27 04:42:01,51.7443,-9.31424,5.6,8,0,0,,2024-May-27,04:42:01
5888,2024-05-27 04:43:01,51.7443,-9.31424,5.6,8,0,0,,2024-May-27,04:43:01
5889,2024-05-27 04:44:01,51.7443,-9.31424,5.6,7.75,0,0,,2024-May-27,04:44:01
5890,2024-05-27 04:45:01,51.7443,-9.31424,5.6,8,0,0,,2024-May-27,04:45:01
5891,2024-05-27 04:46:01,51.7443,-9.31424,5.6,7.75,0,0,,2024-May-27,04:46:01
5892,2024-05-27 04:47:01,51.7443,-9.31424,5.6,8,0,0,,2024-May-27,04:47:01
5893,2024-05-27 04:48:01,51.7443,-9.31424,5.6,7.75,0,0,,2024-May-27,04:48:01
5894,2024-05-27 04:49:01,51.7443,-9.31424,5.6,8,0,0,,2024-May-27,04:49:01
5895,2024-05-27 04:50:01,51.7443,-9.31424,5.6,8,0,0,,2024-May-27,04:50:01
5896,2024-05-27 04:51:01,51.7443,-9.31424,5.6,7.75,0,0,,2024-May-27,04:51:01
5897,2024-05-27 04:52:01,51.7443,-9.31424,5.6,8,0,0,,2024-May-27,04:52:01
5898,2024-05-27 04:53:01,51.7443,-9.31424,5.6,8,0,0,,2024-May-27,04:53:01
5899,2024-05-27 04:54:01,51.7443,-9.31424,5.6,8,0,0,,2024-May-27,04:54:01
5900,2024-05-27 04:55:01,51.7443,-9.31424,5.6,8,0,0,,2024-May-27,04:55:01
5901,2024-05-27 04:56:01,51.7443,-9.31424,5.6,7.75,0,0,,2024-May-27,04:56:01
5902,2024-05-27 04:57:01,51.7443,-9.31424,5.6,8,0,0,,2024-May-27,04:57:01
5903,2024-05-27 04:58:01,51.7443,-9.31424,5.6,8,0,0,,2024-May-27,04:58:01
5904,2024-05-27 04:59:01,51.7443,-9.31424,5.6,8,0,0,,2024-May-27,04:59:01
5905,2024-05-27 05:00:01,51.7443,-9.31424,5.6,8,0,1,,2024-May-27,05:00:01
5906,2024-05-27 05:01:01,51.7443,-9.31424,5.6,8,0,0,,2024-May-27,05:01:01
5907,2024-05-27 05:02:01,51.7443,-9.31424,5.6,7.75,0,0,,2024-May-27,05:02:01
5908,2024-05-27 05:03:01,51.7443,-9.31424,5.6,7.75,0,0,,2024-May-27,05:03:01
5909,2024-05-27 05:04:01,51.7443,-9.31424,5.6,8,0,0,,2024-May-27,05:04:01
5910,2024-05-27 05:05:01,51.7443,-9.31424,5.6,8,0,0,,2024-May-27,05:05:01
5911,2024-05-27 05:06:01,51.7443,-9.31424,5.6,8,0,0,,2024-May-27,05:06:01
5912,2024-05-27 05:07:01,51.7443,-9.31424,5.6,8,0,0,,2024-May-27,05:07:01
5913,2024-05-27 05:08:01,51.7443,-9.31424,5.6,8,0,0,,2024-May-27,05:08:01
5914,2024-05-27 05:09:01,51.7443,-9.31424,5.6,7.75,0,0,,2024-May-27,05:09:01
5915,2024-05-27 05:10:01,51.7443,-9.31424,5.6,8,0,0,,2024-May-27,05:10:01
5916,2024-05-27 05:11:01,51.7443,-9.31424,5.6,8,0,0,,2024-May-27,05:11:01
5917,2024-05-27 05:12:01,51.7443,-9.31424,5.6,8,0,0,,2024-May-27,05:12:01
5918,2024-05-27 05:13:01,51.7443,-9.31424,5.6,8,0,0,,2024-May-27,05:13:01
5919,2024-05-27 05:14:01,51.7443,-9.31424,5.6,8,0,1,,2024-May-27,05:14:01
5920,2024-05-27 05:15:01,51.7443,-9.31424,5.6,8,0,0,,2024-May-27,05:15:01
5921,2024-05-27 05:16:01,51.7443,-9.31424,5.6,8,0,0,,2024-May-27,05:16:01
5922,2024-05-27 05:17:01,51.7443,-9.31424,5.6,8,0,0,,2024-May-27,05:17:01
5923,2024-05-27 05:18:01,51.7443,-9.31424,5.6,8,0,0,,2024-May-27,05:18:01
5924,2024-05-27 05:19:01,51.7443,-9.31424,5.6,8,0,0,,2024-May-27,05:19:01
5925,2024-05-27 05:20:01,51.7443,-9.31424,5.6,8,0,0,,2024-May-27,05:20:01
5926,2024-05-27 05:21:01,51.7443,-9.31424,5.6,8,0,0,,2024-May-27,05:21:01
5927,2024-05-27 05:22:01,51.7443,-9.31424,5.6,8,0,0,,2024-May-27,05:22:01
5928,2024-05-27 05:23:01,51.7443,-9.31424,5.6,8,0,0,,2024-May-27,05:23:01
5929,2024-05-27 05:24:01,51.7443,-9.31424,5.6,8,0,0,,2024-May-27,05:24:01
5930,2024-05-27 05:25:01,51.7443,-9.31424,5.6,8,0,0,,2024-May-27,05:25:01
5931,2024-05-27 05:26:01,51.7443,-9.31424,5.6,8,0,1,,2024-May-27,05:26:01
5932,2024-05-27 05:27:01,51.7443,-9.31424,5.6,8,0,0,,2024-May-27,05:27:01
5933,2024-05-27 05:28:01,51.7443,-9.31424,5.6,8,0,0,,2024-May-27,05:28:01
5934,2024-05-27 05:29:01,51.7443,-9.31424,5.6,8,0,0,,2024-May-27,05:29:01
5935,2024-05-27 05:30:01,51.7443,-9.31424,5.6,8,0,0,,2024-May-27,05:30:01
5936,2024-05-27 05:31:01,51.7443,-9.31424,5.6,8,0,0,,2024-May-27,05:31:01
5937,2024-05-27 05:32:01,51.7443,-9.31424,5.6,8,0,0,,2024-May-27,05:32:01
5938,2024-05-27 05:33:01,51.7443,-9.31424,5.6,8,0,0,,2024-May-27,05:33:01
5939,2024-05-27 05:34:01,51.7443,-9.31424,5.6,8,0,0,,2024-May-27,05:34:01
5940,2024-05-27 05:35:01,51.7443,-9.31424,5.6,8,0,0,,2024-May-27,05:35:01
5941,2024-05-27 05:36:01,51.7443,-9.31424,5.6,8,0,0,,2024-May-27,05:36:01
5942,2024-05-27 05:37:01,51.7443,-9.31424,5.6,8,0,0,,2024-May-27,05:37:01
5943,2024-05-27 05:38:01,51.7443,-9.31424,5.6,8,0,0,,2024-May-27,05:38:01
5944,2024-05-27 05:39:01,51.7443,-9.31424,5.6,8,0,0,,2024-May-27,05:39:01
5945,2024-05-27 05:40:01,51.7443,-9.31424,5.6,8,0,0,,2024-May-27,05:40:01
5946,2024-05-27 05:41:01,51.7443,-9.31424,5.6,8,0,0,,2024-May-27,05:41:01
5947,2024-05-27 05:42:01,51.7443,-9.31424,5.6,8,0,0,,2024-May-27,05:42:01
5948,2024-05-27 05:43:01,51.7443,-9.31424,5.6,8,0,0,,2024-May-27,05:43:01
5949,2024-05-27 05:44:01,51.7443,-9.31424,5.6,8,0,0,,2024-May-27,05:44:01
5950,2024-05-27 05:45:01,51.7443,-9.31424,5.6,8.25,0,0,,2024-May-27,05:45:01
5951,2024-05-27 05:46:01,51.7443,-9.31424,5.6,8,0,0,,2024-May-27,05:46:01
5952,2024-05-27 05:47:01,51.7443,-9.31424,5.6,8,0,0,,2024-May-27,05:47:01
5953,2024-05-27 05:48:01,51.7443,-9.31424,5.6,8,0,0,,2024-May-27,05:48:01
5954,2024-05-27 05:49:01,51.7443,-9.31424,5.6,8,0,0,,2024-May-27,05:49:01
5955,2024-05-27 05:50:01,51.7443,-9.31424,5.6,8,0,0,,2024-May-27,05:50:01
5956,2024-05-27 05:51:01,51.7443,-9.31424,5.6,8.25,0,0,,2024-May-27,05:51:01
5957,2024-05-27 05:52:01,51.7443,-9.31424,5.6,8,0,0,,2024-May-27,05:52:01
5958,2024-05-27 05:53:01,51.7443,-9.31424,5.6,8,0,0,,2024-May-27,05:53:01
5959,2024-05-27 05:54:01,51.7443,-9.31424,5.6,8,0,0,,2024-May-27,05:54:01
5960,2024-05-27 05:55:01,51.7443,-9.31424,5.6,8.25,0,0,,2024-May-27,05:55:01
5961,2024-05-27 05:56:01,51.7443,-9.31424,5.6,8,0,0,,2024-May-27,05:56:01
5962,2024-05-27 05:57:01,51.7443,-9.31424,5.6,8,0,0,,2024-May-27,05:57:01
5963,2024-05-27 05:58:01,51.7443,-9.31424,5.6,8,0,0,,2024-May-27,05:58:01
5964,2024-05-27 05:59:00,51.7443,-9.31424,5.6,8,0,0,,2024-May-27,05:59:00
5965,2024-05-27 21:11:59,51.7443,-9.31424,5.7,12.75,0,6,,2024-May-27,21:11:59
5966,2024-05-27 21:12:59,51.7443,-9.31424,5.6,13,1,5,,2024-May-27,21:12:59
5967,2024-05-27 21:13:59,51.7443,-9.31424,5.7,13,1,4,,2024-May-27,21:13:59
5968,2024-05-27 21:14:59,51.7443,-9.31424,5.7,13,0,5,,2024-May-27,21:14:59
5969,2024-05-27 21:15:59,51.7443,-9.31424,5.7,13,0,5,,2024-May-27,21:15:59
5970,2024-05-27 21:16:59,51.7443,-9.31424,5.7,13.25,0,2,,2024-May-27,21:16:59
5971,2024-05-27 21:17:59,51.7443,-9.31424,5.7,13,1,3,,2024-May-27,21:17:59
5972,2024-05-27 21:18:59,51.7443,-9.31424,5.7,13.25,0,3,,2024-May-27,21:18:59
5973,2024-05-27 21:19:59,51.7443,-9.31424,5.7,13.25,0,2,,2024-May-27,21:19:59
5974,2024-05-27 21:20:59,51.7443,-9.31424,5.7,13.25,0,1,,2024-May-27,21:20:59
5975,2024-05-27 21:21:59,51.7443,-9.31424,5.7,13.25,0,0,,2024-May-27,21:21:59
5976,2024-05-27 21:22:59,51.7443,-9.31424,5.7,13.25,0,0,,2024-May-27,21:22:59
5977,2024-05-27 21:23:59,51.7443,-9.31424,5.7,13.25,0,1,,2024-May-27,21:23:59
5978,2024-05-27 21:24:59,51.7443,-9.31424,5.6,13.25,1,5,,2024-May-27,21:24:59
5979,2024-05-27 21:25:59,51.7443,-9.31424,5.7,13.25,0,7,,2024-May-27,21:25:59
5980,2024-05-27 21:26:59,51.7443,-9.31424,5.7,13.25,0,3,,2024-May-27,21:26:59
5981,2024-05-27 21:27:59,51.7443,-9.31424,5.7,13.5,0,0,,2024-May-27,21:27:59
5982,2024-05-27 21:28:59,51.7443,-9.31424,5.7,13.5,0,0,,2024-May-27,21:28:59
5983,2024-05-27 21:29:59,51.7443,-9.31424,5.7,13.25,0,0,,2024-May-27,21:29:59
5984,2024-05-27 21:30:59,51.7443,-9.31424,5.7,13.5,0,0,,2024-May-27,21:30:59
5985,2024-05-27 21:31:59,51.7443,-9.31424,5.7,13.25,0,2,,2024-May-27,21:31:59
5986,2024-05-27 21:32:59,51.7443,-9.31424,5.6,13.25,0,1,,2024-May-27,21:32:59
5987,2024-05-27 21:33:59,51.7443,-9.31424,5.7,13.25,0,2,,2024-May-27,21:33:59
5988,2024-05-27 21:34:59,51.7443,-9.31424,5.7,13.25,0,1,,2024-May-27,21:34:59
5989,2024-05-27 21:35:59,51.7443,-9.31424,5.7,13.5,0,1,,2024-May-27,21:35:59
5990,2024-05-27 21:36:59,51.7443,-9.31424,5.7,13.25,0,0,,2024-May-27,21:36:59
5991,2024-05-27 21:37:59,51.7443,-9.31424,5.7,13.25,0,0,,2024-May-27,21:37:59
5992,2024-05-27 21:38:59,51.7443,-9.31424,5.7,13.25,0,1,,2024-May-27,21:38:59
5993,2024-05-27 21:39:59,51.7443,-9.31424,5.7,13.25,0,1,,2024-May-27,21:39:59
5994,2024-05-27 21:40:59,51.7443,-9.31424,5.7,13.25,0,2,,2024-May-27,21:40:59
5995,2024-05-27 21:41:59,51.7443,-9.31424,5.7,13.5,0,4,,2024-May-27,21:41:59
5996,2024-05-27 21:42:59,51.7443,-9.31424,5.7,13.25,0,1,,2024-May-27,21:42:59
5997,2024-05-27 21:43:59,51.7443,-9.31424,5.7,13.25,0,0,,2024-May-27,21:43:59
5998,2024-05-27 21:44:59,51.7443,-9.31424,5.6,13.5,0,0,,2024-May-27,21:44:59
5999,2024-05-27 21:45:59,51.7443,-9.31424,5.7,13.25,0,3,,2024-May-27,21:45:59
6000,2024-05-27 21:46:59,51.7443,-9.31424,5.7,13.25,0,2,,2024-May-27,21:46:59
6001,2024-05-27 21:47:59,51.7443,-9.31424,5.7,13.25,0,2,,2024-May-27,21:47:59
6002,2024-05-27 21:48:59,51.7443,-9.31424,5.7,13.5,0,2,,2024-May-27,21:48:59
6003,2024-05-27 21:49:59,51.7443,-9.31424,5.7,13.25,0,2,,2024-May-27,21:49:59
6004,2024-05-27 21:50:59,51.7443,-9.31424,5.6,13.25,0,3,,2024-May-27,21:50:59
6005,2024-05-27 21:51:59,51.7443,-9.31424,5.7,13.25,0,4,,2024-May-27,21:51:59
6006,2024-05-27 21:52:59,51.7443,-9.31424,5.6,13.25,1,5,,2024-May-27,21:52:59
6007,2024-05-27 21:53:59,51.7443,-9.31424,5.7,13.25,0,8,,2024-May-27,21:53:59
6008,2024-05-27 21:54:59,51.7443,-9.31424,5.7,13.25,0,1,,2024-May-27,21:54:59
6009,2024-05-27 21:55:59,51.7443,-9.31424,5.7,13.25,0,3,,2024-May-27,21:55:59
6010,2024-05-27 21:56:59,51.7443,-9.31424,5.7,13.25,0,3,,2024-May-27,21:56:59
6011,2024-05-27 21:57:59,51.7443,-9.31424,5.7,13.25,0,6,,2024-May-27,21:57:59
6012,2024-05-27 21:58:59,51.7443,-9.31424,5.7,13.25,0,4,,2024-May-27,21:58:59
6013,2024-05-27 21:59:59,51.7443,-9.31424,5.7,13.25,0,2,,2024-May-27,21:59:59
6014,2024-05-27 22:00:59,51.7443,-9.31424,5.7,13.25,0,2,,2024-May-27,22:00:59
6015,2024-05-27 22:01:59,51.7443,-9.31424,5.7,13.25,0,4,,2024-May-27,22:01:59
6016,2024-05-27 22:02:59,51.7443,-9.31424,5.7,13.25,0,7,,2024-May-27,22:02:59
6017,2024-05-27 22:03:59,51.7443,-9.31424,5.6,13.5,0,1,,2024-May-27,22:03:59
6018,2024-05-27 22:04:59,51.7443,-9.31424,5.7,13.5,0,2,,2024-May-27,22:04:59
6019,2024-05-27 22:05:59,51.7443,-9.31424,5.7,13.25,1,3,,2024-May-27,22:05:59
6020,2024-05-27 22:06:59,51.7443,-9.31424,5.7,13.25,0,5,,2024-May-27,22:06:59
6021,2024-05-27 22:07:59,51.7443,-9.31424,5.7,13.25,0,4,,2024-May-27,22:07:59
6022,2024-05-27 22:08:59,51.7443,-9.31424,5.7,13.25,0,1,,2024-May-27,22:08:59
6023,2024-05-27 22:09:59,51.7443,-9.31424,5.7,13.25,0,4,,2024-May-27,22:09:59
6024,2024-05-27 22:10:59,51.7443,-9.31424,5.7,13.5,0,1,,2024-May-27,22:10:59
6025,2024-05-27 22:11:59,51.7443,-9.31424,5.7,13.25,0,1,,2024-May-27,22:11:59
6026,2024-05-27 22:12:59,51.7443,-9.31424,5.7,13.25,0,1,,2024-May-27,22:12:59
6027,2024-05-27 22:13:59,51.7443,-9.31424,5.6,13.25,0,1,,2024-May-27,22:13:59
6028,2024-05-27 22:14:59,51.7443,-9.31424,5.7,13.25,0,1,,2024-May-27,22:14:59
6029,2024-05-27 22:15:59,51.7443,-9.31424,5.7,13.25,0,1,,2024-May-27,22:15:59
6030,2024-05-27 22:16:59,51.7443,-9.31424,5.7,13,0,8,,2024-May-27,22:16:59
6031,2024-05-27 22:17:59,51.7443,-9.31424,5.7,13.25,0,4,,2024-May-27,22:17:59
6032,2024-05-27 22:18:59,51.7443,-9.31424,5.7,13.25,0,5,,2024-May-27,22:18:59
6033,2024-05-27 22:19:59,51.7443,-9.31424,5.7,13.25,0,5,,2024-May-27,22:19:59
6034,2024-05-27 22:20:59,51.7443,-9.31424,5.6,13.25,0,1,,2024-May-27,22:20:59
6035,2024-05-27 22:21:59,51.7443,-9.31424,5.7,13.25,0,1,,2024-May-27,22:21:59
6036,2024-05-27 22:22:59,51.7443,-9.31424,5.7,13.25,0,0,,2024-May-27,22:22:59
6037,2024-05-27 22:23:59,51.7443,-9.31424,5.7,13,0,1,,2024-May-27,22:23:59
6038,2024-05-27 22:24:59,51.7443,-9.31424,5.7,13.25,0,0,,2024-May-27,22:24:59
6039,2024-05-27 22:25:59,51.7443,-9.31424,5.7,13,0,1,,2024-May-27,22:25:59
6040,2024-05-27 22:26:59,51.7443,-9.31424,5.7,13.5,0,0,,2024-May-27,22:26:59
6041,2024-05-27 22:27:59,51.7443,-9.31424,5.7,13.25,0,0,,2024-May-27,22:27:59
6042,2024-05-27 22:28:59,51.7443,-9.31424,5.7,13,0,0,,2024-May-27,22:28:59
6043,2024-05-27 22:29:59,51.7443,-9.31424,5.7,13.25,0,2,,2024-May-27,22:29:59
6044,2024-05-27 22:30:59,51.7443,-9.31424,5.7,13,0,1,,2024-May-27,22:30:59
6045,2024-05-27 22:31:59,51.7443,-9.31424,5.7,13.25,0,1,,2024-May-27,22:31:59
6046,2024-05-27 22:32:59,51.7443,-9.31424,5.7,13.25,0,0,,2024-May-27,22:32:59
6047,2024-05-27 22:33:59,51.7443,-9.31424,5.6,13,0,1,,2024-May-27,22:33:59
6048,2024-05-27 22:34:59,51.7443,-9.31424,5.6,13.25,0,0,,2024-May-27,22:34:59
6049,2024-05-27 22:35:59,51.7443,-9.31424,5.6,13.25,0,0,,2024-May-27,22:35:59
6050,2024-05-27 22:36:59,51.7443,-9.31424,5.6,13.25,0,1,,2024-May-27,22:36:59
6051,2024-05-27 22:37:59,51.7443,-9.31424,5.7,13,0,0,,2024-May-27,22:37:59
6052,2024-05-27 22:38:59,51.7443,-9.31424,5.6,13.5,0,0,,2024-May-27,22:38:59
6053,2024-05-27 22:39:59,51.7443,-9.31424,5.6,13,0,0,,2024-May-27,22:39:59
6054,2024-05-27 22:40:59,51.7443,-9.31424,5.6,13,0,1,,2024-May-27,22:40:59
6055,2024-05-27 22:41:59,51.7443,-9.31424,5.6,13.25,0,0,,2024-May-27,22:41:59
6056,2024-05-27 22:42:59,51.7443,-9.31424,5.6,13,0,1,,2024-May-27,22:42:59
6057,2024-05-27 22:43:59,51.7443,-9.31424,5.6,13,0,1,,2024-May-27,22:43:59
6058,2024-05-27 22:44:59,51.7443,-9.31424,5.6,13.25,0,0,,2024-May-27,22:44:59
6059,2024-05-27 22:45:59,51.7443,-9.31424,5.6,13.25,0,0,,2024-May-27,22:45:59
6060,2024-05-27 22:46:59,51.7443,-9.31424,5.6,13.25,0,0,,2024-May-27,22:46:59
6061,2024-05-27 22:47:59,51.7443,-9.31424,5.6,13.25,0,0,,2024-May-27,22:47:59
6062,2024-05-27 22:48:59,51.7443,-9.31424,5.6,13,0,0,,2024-May-27,22:48:59
6063,2024-05-27 22:49:59,51.7443,-9.31424,5.6,13.25,0,0,,2024-May-27,22:49:59
6064,2024-05-27 22:50:59,51.7443,-9.31424,5.6,13,0,0,,2024-May-27,22:50:59
6065,2024-05-27 22:51:59,51.7443,-9.31424,5.6,13,0,0,,2024-May-27,22:51:59
6066,2024-05-27 22:52:59,51.7443,-9.31424,5.6,13.25,0,0,,2024-May-27,22:52:59
6067,2024-05-27 22:53:59,51.7443,-9.31424,5.6,13,0,0,,2024-May-27,22:53:59
6068,2024-05-27 22:54:59,51.7443,-9.31424,5.6,13,0,0,,2024-May-27,22:54:59
6069,2024-05-27 22:55:59,51.7443,-9.31424,5.6,13,0,0,,2024-May-27,22:55:59
6070,2024-05-27 22:56:59,51.7443,-9.31424,5.6,13,0,0,,2024-May-27,22:56:59
6071,2024-05-27 22:57:59,51.7443,-9.31424,5.6,13,0,0,,2024-May-27,22:57:59
6072,2024-05-27 22:58:59,51.7443,-9.31424,5.6,13,0,0,,2024-May-27,22:58:59
6073,2024-05-27 22:59:59,51.7443,-9.31424,5.6,13,0,1,,2024-May-27,22:59:59
6074,2024-05-27 23:00:59,51.7443,-9.31424,5.6,13,0,0,,2024-May-27,23:00:59
6075,2024-05-27 23:01:59,51.7443,-9.31424,5.7,13,0,0,,2024-May-27,23:01:59
6076,2024-05-27 23:02:59,51.7443,-9.31424,5.7,13,0,0,,2024-May-27,23:02:59
6077,2024-05-27 23:03:59,51.7443,-9.31424,5.7,13,0,0,,2024-May-27,23:03:59
6078,2024-05-27 23:04:59,51.7443,-9.31424,5.6,13,0,1,,2024-May-27,23:04:59
6079,2024-05-27 23:05:59,51.7443,-9.31424,5.7,13,0,1,,2024-May-27,23:05:59
6080,2024-05-27 23:06:59,51.7443,-9.31424,5.7,13,0,0,,2024-May-27,23:06:59
6081,2024-05-27 23:07:59,51.7443,-9.31424,5.7,13,0,0,,2024-May-27,23:07:59
6082,2024-05-27 23:08:59,51.7443,-9.31424,5.7,13.25,0,0,,2024-May-27,23:08:59
6083,2024-05-27 23:09:59,51.7443,-9.31424,5.7,13,0,0,,2024-May-27,23:09:59
6084,2024-05-27 23:10:59,51.7443,-9.31424,5.7,13,0,1,,2024-May-27,23:10:59
6085,2024-05-27 23:11:59,51.7443,-9.31424,5.7,13,0,0,,2024-May-27,23:11:59
6086,2024-05-27 23:12:59,51.7443,-9.31424,5.7,13,0,0,,2024-May-27,23:12:59
6087,2024-05-27 23:13:59,51.7443,-9.31424,5.7,13,0,0,,2024-May-27,23:13:59
6088,2024-05-27 23:14:59,51.7443,-9.31424,5.7,13,0,2,,2024-May-27,23:14:59
6089,2024-05-27 23:15:59,51.7443,-9.31424,5.6,13,0,1,,2024-May-27,23:15:59
6090,2024-05-27 23:16:59,51.7443,-9.31424,5.7,13,0,1,,2024-May-27,23:16:59
6091,2024-05-27 23:17:59,51.7443,-9.31424,5.7,13,0,1,,2024-May-27,23:17:59
6092,2024-05-27 23:18:59,51.7443,-9.31424,5.6,13,0,2,,2024-May-27,23:18:59
6093,2024-05-27 23:19:59,51.7443,-9.31424,5.6,13,0,0,,2024-May-27,23:19:59
6094,2024-05-27 23:20:59,51.7443,-9.31424,5.7,13,0,0,,2024-May-27,23:20:59
6095,2024-05-27 23:21:59,51.7443,-9.31424,5.6,13,0,0,,2024-May-27,23:21:59
6096,2024-05-27 23:22:59,51.7443,-9.31424,5.6,13,0,1,,2024-May-27,23:22:59
6097,2024-05-27 23:23:59,51.7443,-9.31424,5.6,13,0,0,,2024-May-27,23:23:59
6098,2024-05-27 23:24:59,51.7443,-9.31424,5.6,13,0,0,,2024-May-27,23:24:59
6099,2024-05-27 23:25:59,51.7443,-9.31424,5.7,13.25,0,0,,2024-May-27,23:25:59
6100,2024-05-27 23:26:59,51.7443,-9.31424,5.6,13,0,0,,2024-May-27,23:26:59
6101,2024-05-27 23:27:59,51.7443,-9.31424,5.6,13,0,0,,2024-May-27,23:27:59
6102,2024-05-27 23:28:59,51.7443,-9.31424,5.6,13.25,0,0,,2024-May-27,23:28:59
6103,2024-05-27 23:29:59,51.7443,-9.31424,5.6,13,0,1,,2024-May-27,23:29:59
6104,2024-05-27 23:30:59,51.7443,-9.31424,5.6,13,0,2,,2024-May-27,23:30:59
6105,2024-05-27 23:31:59,51.7443,-9.31424,5.6,13,0,1,,2024-May-27,23:31:59
6106,2024-05-27 23:32:59,51.7443,-9.31424,5.6,13,0,0,,2024-May-27,23:32:59
6107,2024-05-27 23:33:59,51.7443,-9.31424,5.6,13,0,0,,2024-May-27,23:33:59
6108,2024-05-27 23:34:59,51.7443,-9.31424,5.6,13,0,0,,2024-May-27,23:34:59
6109,2024-05-27 23:35:59,51.7443,-9.31424,5.6,13,0,1,,2024-May-27,23:35:59
6110,2024-05-27 23:36:59,51.7443,-9.31424,5.6,13,0,0,,2024-May-27,23:36:59
6111,2024-05-27 23:37:59,51.7443,-9.31424,5.6,13,0,1,,2024-May-27,23:37:59
6112,2024-05-27 23:38:59,51.7443,-9.31424,5.6,13,0,0,,2024-May-27,23:38:59
6113,2024-05-27 23:39:59,51.7443,-9.31424,5.6,13,0,0,,2024-May-27,23:39:59
6114,2024-05-27 23:40:59,51.7443,-9.31424,5.6,13,0,0,,2024-May-27,23:40:59
6115,2024-05-27 23:41:59,51.7443,-9.31424,5.6,13,0,1,,2024-May-27,23:41:59
6116,2024-05-27 23:42:59,51.7443,-9.31424,5.6,13,0,0,,2024-May-27,23:42:59
6117,2024-05-27 23:43:59,51.7443,-9.31424,5.6,13,0,0,,2024-May-27,23:43:59
6118,2024-05-27 23:44:59,51.7443,-9.31424,5.6,13,0,0,,2024-May-27,23:44:59
6119,2024-05-27 23:45:59,51.7443,-9.31424,5.6,13,0,0,,2024-May-27,23:45:59
6120,2024-05-27 23:46:59,51.7443,-9.31424,5.6,13,0,0,,2024-May-27,23:46:59
6121,2024-05-27 23:47:59,51.7443,-9.31424,5.6,13,0,0,,2024-May-27,23:47:59
6122,2024-05-27 23:48:59,51.7443,-9.31424,5.6,13,0,2,,2024-May-27,23:48:59
6123,2024-05-27 23:49:59,51.7443,-9.31424,5.6,13,0,1,,2024-May-27,23:49:59
6124,2024-05-27 23:50:59,51.7443,-9.31424,5.6,13,0,0,,2024-May-27,23:50:59
6125,2024-05-27 23:51:59,51.7443,-9.31424,5.6,13,0,0,,2024-May-27,23:51:59
6126,2024-05-27 23:52:59,51.7443,-9.31424,5.6,13,0,0,,2024-May-27,23:52:59
6127,2024-05-27 23:53:59,51.7443,-9.31424,5.6,13,0,0,,2024-May-27,23:53:59
6128,2024-05-27 23:54:59,51.7443,-9.31424,5.6,13,0,0,,2024-May-27,23:54:59
6129,2024-05-27 23:55:59,51.7443,-9.31424,5.6,13,0,0,,2024-May-27,23:55:59
6130,2024-05-27 23:56:59,51.7443,-9.31424,5.6,13,0,0,,2024-May-27,23:56:59
6131,2024-05-27 23:57:59,51.7443,-9.31424,5.6,13,0,0,,2024-May-27,23:57:59
6132,2024-05-27 23:58:59,51.7443,-9.31424,5.6,13,0,0,,2024-May-27,23:58:59
6133,2024-05-27 23:59:59,51.7443,-9.31424,5.6,13,0,1,,2024-May-27,23:59:59
6134,2024-05-28 00:00:59,51.7443,-9.31424,5.6,13,0,0,,2024-May-28,00:00:59
6135,2024-05-28 00:01:59,51.7443,-9.31424,5.6,13,0,0,,2024-May-28,00:01:59
6136,2024-05-28 00:02:59,51.7443,-9.31424,5.6,13,0,0,,2024-May-28,00:02:59
6137,2024-05-28 00:03:59,51.7443,-9.31424,5.6,13,0,0,,2024-May-28,00:03:59
6138,2024-05-28 00:04:59,51.7443,-9.31424,5.6,13,0,1,,2024-May-28,00:04:59
6139,2024-05-28 00:05:59,51.7443,-9.31424,5.6,13.25,0,0,,2024-May-28,00:05:59
6140,2024-05-28 00:06:59,51.7443,-9.31424,5.6,13,0,1,,2024-May-28,00:06:59
6141,2024-05-28 00:07:59,51.7443,-9.31424,5.6,13,0,1,,2024-May-28,00:07:59
6142,2024-05-28 00:08:59,51.7443,-9.31424,5.6,13,0,2,,2024-May-28,00:08:59
6143,2024-05-28 00:09:59,51.7443,-9.31424,5.6,13,0,0,,2024-May-28,00:09:59
6144,2024-05-28 00:10:59,51.7443,-9.31424,5.6,13,0,0,,2024-May-28,00:10:59
6145,2024-05-28 00:11:59,51.7443,-9.31424,5.6,13,0,0,,2024-May-28,00:11:59
6146,2024-05-28 00:12:59,51.7443,-9.31424,5.6,13,0,0,,2024-May-28,00:12:59
6147,2024-05-28 00:13:59,51.7443,-9.31424,5.6,13.25,0,0,,2024-May-28,00:13:59
6148,2024-05-28 00:14:59,51.7443,-9.31424,5.6,13.25,0,0,,2024-May-28,00:14:59
6149,2024-05-28 00:15:59,51.7443,-9.31424,5.6,13,0,0,,2024-May-28,00:15:59
6150,2024-05-28 00:16:59,51.7443,-9.31424,5.6,13.25,0,0,,2024-May-28,00:16:59
6151,2024-05-28 00:17:59,51.7443,-9.31424,5.6,13,0,0,,2024-May-28,00:17:59
6152,2024-05-28 00:18:59,51.7443,-9.31424,5.5,13,0,0,,2024-May-28,00:18:59
6153,2024-05-28 00:19:59,51.7443,-9.31424,5.6,13.25,0,3,,2024-May-28,00:19:59
6154,2024-05-28 00:20:59,51.7443,-9.31424,5.6,13,0,2,,2024-May-28,00:20:59
6155,2024-05-28 00:21:59,51.7443,-9.31424,5.6,13,0,1,,2024-May-28,00:21:59
6156,2024-05-28 00:22:59,51.7443,-9.31424,5.6,13.25,0,1,,2024-May-28,00:22:59
6157,2024-05-28 00:23:59,51.7443,-9.31424,5.6,13,0,0,,2024-May-28,00:23:59
6158,2024-05-28 00:24:59,51.7443,-9.31424,5.5,13.25,0,1,,2024-May-28,00:24:59
6159,2024-05-28 00:25:59,51.7443,-9.31424,5.6,13,0,2,,2024-May-28,00:25:59
6160,2024-05-28 00:26:59,51.7443,-9.31424,5.6,13,0,1,,2024-May-28,00:26:59
6161,2024-05-28 00:27:59,51.7443,-9.31424,5.6,13.5,0,0,,2024-May-28,00:27:59
6162,2024-05-28 00:28:59,51.7443,-9.31424,5.6,13.25,0,2,,2024-May-28,00:28:59
6163,2024-05-28 00:29:59,51.7443,-9.31424,5.6,13.25,0,0,,2024-May-28,00:29:59
6164,2024-05-28 00:30:59,51.7443,-9.31424,5.6,13,0,0,,2024-May-28,00:30:59
6165,2024-05-28 00:31:59,51.7443,-9.31424,5.6,13.25,0,1,,2024-May-28,00:31:59
6166,2024-05-28 00:32:59,51.7443,-9.31424,5.6,13.25,0,0,,2024-May-28,00:32:59
6167,2024-05-28 00:33:59,51.7443,-9.31424,5.6,13.25,0,1,,2024-May-28,00:33:59
6168,2024-05-28 00:34:59,51.7443,-9.31424,5.6,13.5,0,1,,2024-May-28,00:34:59
6169,2024-05-28 00:35:59,51.7443,-9.31424,5.6,13.25,0,1,,2024-May-28,00:35:59
6170,2024-05-28 00:36:59,51.7443,-9.31424,5.6,13.25,0,1,,2024-May-28,00:36:59
6171,2024-05-28 00:37:59,51.7443,-9.31424,5.6,13.25,0,2,,2024-May-28,00:37:59
6172,2024-05-28 00:38:59,51.7443,-9.31424,5.6,13.25,0,6,,2024-May-28,00:38:59
6173,2024-05-28 00:39:59,51.7443,-9.31424,5.5,13.5,0,2,,2024-May-28,00:39:59
6174,2024-05-28 00:40:59,51.7443,-9.31424,5.5,13.25,0,5,,2024-May-28,00:40:59
6175,2024-05-28 00:41:59,51.7443,-9.31424,5.6,13.25,0,5,,2024-May-28,00:41:59
6176,2024-05-28 00:42:59,51.7443,-9.31424,5.6,13.25,0,5,,2024-May-28,00:42:59
6177,2024-05-28 00:43:59,51.7443,-9.31424,5.6,13.25,0,2,,2024-May-28,00:43:59
6178,2024-05-28 00:44:59,51.7443,-9.31424,5.6,13.25,0,0,,2024-May-28,00:44:59
6179,2024-05-28 00:45:59,51.7443,-9.31424,5.6,13.25,0,5,,2024-May-28,00:45:59
6180,2024-05-28 00:46:59,51.7443,-9.31424,5.6,13.25,0,2,,2024-May-28,00:46:59
6181,2024-05-28 00:47:59,51.7443,-9.31424,5.6,13.5,0,4,,2024-May-28,00:47:59
6182,2024-05-28 00:48:59,51.7443,-9.31424,5.6,13.25,0,3,,2024-May-28,00:48:59
6183,2024-05-28 00:49:59,51.7443,-9.31424,5.6,13.5,0,1,,2024-May-28,00:49:59
6184,2024-05-28 00:50:59,51.7443,-9.31424,5.6,13.25,0,0,,2024-May-28,00:50:59
6185,2024-05-28 00:51:59,51.7443,-9.31424,5.6,13.25,0,0,,2024-May-28,00:51:59
6186,2024-05-28 00:52:59,51.7443,-9.31424,5.6,13.25,0,3,,2024-May-28,00:52:59
6187,2024-05-28 00:53:59,51.7443,-9.31424,5.6,13.25,0,0,,2024-May-28,00:53:59
6188,2024-05-28 00:54:59,51.7443,-9.31424,5.6,13.25,0,2,,2024-May-28,00:54:59
6189,2024-05-28 00:55:59,51.7443,-9.31424,5.6,13.5,0,6,,2024-May-28,00:55:59
6190,2024-05-28 00:56:59,51.7443,-9.31424,5.6,13.25,0,0,,2024-May-28,00:56:59
6191,2024-05-28 00:57:59,51.7443,-9.31424,5.6,13.5,0,1,,2024-May-28,00:57:59
6192,2024-05-28 00:58:59,51.7443,-9.31424,5.6,13.25,0,0,,2024-May-28,00:58:59
6193,2024-05-28 00:59:59,51.7443,-9.31424,5.6,13.5,0,0,,2024-May-28,00:59:59
6194,2024-05-28 01:00:59,51.7443,-9.31424,5.6,13.5,0,0,,2024-May-28,01:00:59
6195,2024-05-28 01:01:59,51.7443,-9.31424,5.6,13.5,0,0,,2024-May-28,01:01:59
6196,2024-05-28 01:02:59,51.7443,-9.31424,5.6,13.25,0,0,,2024-May-28,01:02:59
6197,2024-05-28 01:03:59,51.7443,-9.31424,5.6,13.25,0,0,,2024-May-28,01:03:59
6198,2024-05-28 01:04:59,51.7443,-9.31424,5.6,13.5,0,0,,2024-May-28,01:04:59
6199,2024-05-28 01:05:59,51.7443,-9.31424,5.6,13.5,0,0,,2024-May-28,01:05:59
6200,2024-05-28 01:06:59,51.7443,-9.31424,5.6,13.5,0,0,,2024-May-28,01:06:59
6201,2024-05-28 01:07:59,51.7443,-9.31424,5.6,13.25,0,1,,2024-May-28,01:07:59
6202,2024-05-28 01:08:59,51.7443,-9.31424,5.6,13.5,0,0,,2024-May-28,01:08:59
6203,2024-05-28 01:09:59,51.7443,-9.31424,5.6,13.25,0,0,,2024-May-28,01:09:59
6204,2024-05-28 01:10:59,51.7443,-9.31424,5.5,13.25,0,1,,2024-May-28,01:10:59
6205,2024-05-28 01:11:59,51.7443,-9.31424,5.6,13.5,0,3,,2024-May-28,01:11:59
6206,2024-05-28 01:12:59,51.7443,-9.31424,5.5,13.5,0,2,,2024-May-28,01:12:59
6207,2024-05-28 01:13:59,51.7443,-9.31424,5.6,13.5,0,2,,2024-May-28,01:13:59
6208,2024-05-28 01:14:59,51.7443,-9.31424,5.6,13.5,0,2,,2024-May-28,01:14:59
6209,2024-05-28 01:15:59,51.7443,-9.31424,5.6,13.5,0,1,,2024-May-28,01:15:59
6210,2024-05-28 01:16:59,51.7443,-9.31424,5.6,13.5,0,1,,2024-May-28,01:16:59
6211,2024-05-28 01:17:59,51.7443,-9.31424,5.6,13.5,0,4,,2024-May-28,01:17:59
6212,2024-05-28 01:18:59,51.7443,-9.31424,5.6,13.5,0,1,,2024-May-28,01:18:59
6213,2024-05-28 01:19:59,51.7443,-9.31424,5.6,13.5,0,0,,2024-May-28,01:19:59
6214,2024-05-28 01:20:59,51.7443,-9.31424,5.6,13.5,0,1,,2024-May-28,01:20:59
6215,2024-05-28 01:21:59,51.7443,-9.31424,5.6,13.25,0,0,,2024-May-28,01:21:59
6216,2024-05-28 01:22:59,51.7443,-9.31424,5.6,13.25,0,1,,2024-May-28,01:22:59
6217,2024-05-28 01:23:59,51.7443,-9.31424,5.6,13.5,0,1,,2024-May-28,01:23:59
6218,2024-05-28 01:24:59,51.7443,-9.31424,5.6,13.75,0,0,,2024-May-28,01:24:59
6219,2024-05-28 01:25:59,51.7443,-9.31424,5.6,13.5,0,0,,2024-May-28,01:25:59
6220,2024-05-28 01:26:59,51.7443,-9.31424,5.6,13.25,0,0,,2024-May-28,01:26:59
6221,2024-05-28 01:27:59,51.7443,-9.31424,5.6,13.5,0,0,,2024-May-28,01:27:59
6222,2024-05-28 01:28:59,51.7443,-9.31424,5.6,13.25,0,0,,2024-May-28,01:28:59
6223,2024-05-28 01:29:59,51.7443,-9.31424,5.6,13.25,0,1,,2024-May-28,01:29:59
6224,2024-05-28 01:30:59,51.7443,-9.31424,5.6,13.5,0,0,,2024-May-28,01:30:59
6225,2024-05-28 01:31:59,51.7443,-9.31424,5.6,13.25,0,2,,2024-May-28,01:31:59
6226,2024-05-28 01:32:59,51.7443,-9.31424,5.6,13.5,0,1,,2024-May-28,01:32:59
6227,2024-05-28 01:33:59,51.7443,-9.31424,5.6,13.75,0,0,,2024-May-28,01:33:59
6228,2024-05-28 01:34:59,51.7443,-9.31424,5.6,13.5,0,0,,2024-May-28,01:34:59
6229,2024-05-28 01:35:59,51.7443,-9.31424,5.6,13.75,0,0,,2024-May-28,01:35:59
6230,2024-05-28 01:36:59,51.7443,-9.31424,5.6,13.5,0,1,,2024-May-28,01:36:59
6231,2024-05-28 01:37:59,51.7443,-9.31424,5.6,13.25,0,0,,2024-May-28,01:37:59
6232,2024-05-28 01:38:59,51.7443,-9.31424,5.6,13.25,0,0,,2024-May-28,01:38:59
6233,2024-05-28 01:39:59,51.7443,-9.31424,5.6,13.5,0,0,,2024-May-28,01:39:59
6234,2024-05-28 01:40:59,51.7443,-9.31424,5.6,13.5,0,0,,2024-May-28,01:40:59
6235,2024-05-28 01:41:59,51.7443,-9.31424,5.6,13.75,0,0,,2024-May-28,01:41:59
6236,2024-05-28 01:42:59,51.7443,-9.31424,5.6,13.5,0,0,,2024-May-28,01:42:59
6237,2024-05-28 01:43:59,51.7443,-9.31424,5.6,13.5,0,1,,2024-May-28,01:43:59
6238,2024-05-28 01:44:59,51.7443,-9.31424,5.6,13.5,0,2,,2024-May-28,01:44:59
6239,2024-05-28 01:45:59,51.7443,-9.31424,5.6,13.25,0,0,,2024-May-28,01:45:59
6240,2024-05-28 01:46:59,51.7443,-9.31424,5.5,13.5,0,0,,2024-May-28,01:46:59
6241,2024-05-28 01:47:59,51.7443,-9.31424,5.6,13.5,0,1,,2024-May-28,01:47:59
6242,2024-05-28 01:48:59,51.7443,-9.31424,5.6,13.5,0,1,,2024-May-28,01:48:59
6243,2024-05-28 01:49:59,51.7443,-9.31424,5.6,13.5,0,2,,2024-May-28,01:49:59
6244,2024-05-28 01:50:59,51.7443,-9.31424,5.6,13.5,0,0,,2024-May-28,01:50:59
6245,2024-05-28 01:51:59,51.7443,-9.31424,5.6,13.5,0,2,,2024-May-28,01:51:59
6246,2024-05-28 01:52:59,51.7443,-9.31424,5.6,13.5,0,2,,2024-May-28,01:52:59
6247,2024-05-28 01:53:59,51.7443,-9.31424,5.6,13.5,0,1,,2024-May-28,01:53:59
6248,2024-05-28 01:54:59,51.7443,-9.31424,5.6,13.5,0,1,,2024-May-28,01:54:59
6249,2024-05-28 01:55:59,51.7443,-9.31424,5.6,13.75,0,0,,2024-May-28,01:55:59
6250,2024-05-28 01:56:59,51.7443,-9.31424,5.6,13.5,0,2,,2024-May-28,01:56:59
6251,2024-05-28 01:57:59,51.7443,-9.31424,5.6,13.75,0,3,,2024-May-28,01:57:59
6252,2024-05-28 01:58:59,51.7443,-9.31424,5.6,13.5,0,5,,2024-May-28,01:58:59
6253,2024-05-28 01:59:59,51.7443,-9.31424,5.6,13.75,0,1,,2024-May-28,01:59:59
6254,2024-05-28 02:00:59,51.7443,-9.31424,5.6,13.75,0,1,,2024-May-28,02:00:59
6255,2024-05-28 02:01:59,51.7443,-9.31424,5.6,13.5,0,1,,2024-May-28,02:01:59
6256,2024-05-28 02:02:59,51.7443,-9.31424,5.6,13.5,0,2,,2024-May-28,02:02:59
6257,2024-05-28 02:03:59,51.7443,-9.31424,5.6,13.5,0,3,,2024-May-28,02:03:59
6258,2024-05-28 02:04:59,51.7443,-9.31424,5.6,13.75,0,0,,2024-May-28,02:04:59
6259,2024-05-28 02:05:59,51.7443,-9.31424,5.6,13.5,0,0,,2024-May-28,02:05:59
6260,2024-05-28 02:06:59,51.7443,-9.31424,5.6,13.5,0,1,,2024-May-28,02:06:59
6261,2024-05-28 02:07:59,51.7443,-9.31424,5.6,13.5,0,0,,2024-May-28,02:07:59
6262,2024-05-28 02:08:59,51.7443,-9.31424,5.6,13.5,0,0,,2024-May-28,02:08:59
6263,2024-05-28 02:09:59,51.7443,-9.31424,5.6,13.5,0,0,,2024-May-28,02:09:59
6264,2024-05-28 02:10:59,51.7443,-9.31424,5.6,13.5,0,1,,2024-May-28,02:10:59
6265,2024-05-28 02:12:01,51.7443,-9.31424,5.6,13.5,0,1,,2024-May-28,02:12:01
6266,2024-05-28 02:13:01,51.7443,-9.31424,5.6,13.5,0,0,,2024-May-28,02:13:01
6267,2024-05-28 02:14:01,51.7443,-9.31424,5.6,13.5,0,0,,2024-May-28,02:14:01
6268,2024-05-28 02:15:01,51.7443,-9.31424,5.6,13.5,0,0,,2024-May-28,02:15:01
6269,2024-05-28 02:16:01,51.7443,-9.31424,5.6,13.75,0,1,,2024-May-28,02:16:01
6270,2024-05-28 02:17:01,51.7443,-9.31424,5.6,13.5,0,0,,2024-May-28,02:17:01
6271,2024-05-28 02:18:01,51.7443,-9.31424,5.6,13.5,0,0,,2024-May-28,02:18:01
6272,2024-05-28 02:19:01,51.7443,-9.31424,5.5,13.5,0,0,,2024-May-28,02:19:01
6273,2024-05-28 02:20:01,51.7443,-9.31424,5.6,13.5,0,3,,2024-May-28,02:20:01
6274,2024-05-28 02:21:01,51.7443,-9.31424,5.5,13.5,0,0,,2024-May-28,02:21:01
6275,2024-05-28 02:22:01,51.7443,-9.31424,5.6,13.5,0,1,,2024-May-28,02:22:01
6276,2024-05-28 02:23:01,51.7443,-9.31424,5.6,13.75,0,2,,2024-May-28,02:23:01
6277,2024-05-28 02:24:01,51.7443,-9.31424,5.6,13.5,0,0,,2024-May-28,02:24:01
6278,2024-05-28 02:25:01,51.7443,-9.31424,5.6,13.5,0,0,,2024-May-28,02:25:01
6279,2024-05-28 02:26:01,51.7443,-9.31424,5.6,13.5,0,0,,2024-May-28,02:26:01
6280,2024-05-28 02:27:01,51.7443,-9.31424,5.6,13.5,0,0,,2024-May-28,02:27:01
6281,2024-05-28 02:28:01,51.7443,-9.31424,5.6,13.5,0,0,,2024-May-28,02:28:01
6282,2024-05-28 02:29:01,51.7443,-9.31424,5.5,13.5,0,0,,2024-May-28,02:29:01
6283,2024-05-28 02:30:01,51.7443,-9.31424,5.6,13.75,0,1,,2024-May-28,02:30:01
6284,2024-05-28 02:31:01,51.7443,-9.31424,5.6,13.5,0,2,,2024-May-28,02:31:01
6285,2024-05-28 02:32:01,51.7443,-9.31424,5.6,13.5,0,4,,2024-May-28,02:32:01
6286,2024-05-28 02:33:01,51.7443,-9.31424,5.5,13.5,0,5,,2024-May-28,02:33:01
6287,2024-05-28 02:34:01,51.7443,-9.31424,5.5,13.75,0,2,,2024-May-28,02:34:01
6288,2024-05-28 02:35:01,51.7443,-9.31424,5.6,13.5,0,5,,2024-May-28,02:35:01
6289,2024-05-28 02:36:01,51.7443,-9.31424,5.6,13.5,0,1,,2024-May-28,02:36:01
6290,2024-05-28 02:37:01,51.7443,-9.31424,5.6,13.75,0,1,,2024-May-28,02:37:01
6291,2024-05-28 02:38:01,51.7443,-9.31424,5.6,13.5,0,2,,2024-May-28,02:38:01
6292,2024-05-28 02:39:01,51.7443,-9.31424,5.6,13.5,0,1,,2024-May-28,02:39:01
6293,2024-05-28 02:40:01,51.7443,-9.31424,5.6,13.75,0,0,,2024-May-28,02:40:01
6294,2024-05-28 02:41:01,51.7443,-9.31424,5.6,13.5,0,1,,2024-May-28,02:41:01
6295,2024-05-28 02:42:01,51.7443,-9.31424,5.6,13.5,0,2,,2024-May-28,02:42:01
6296,2024-05-28 02:43:01,51.7443,-9.31424,5.6,13.5,0,1,,2024-May-28,02:43:01
6297,2024-05-28 02:44:01,51.7443,-9.31424,5.6,13.75,0,0,,2024-May-28,02:44:01
6298,2024-05-28 02:45:01,51.7443,-9.31424,5.6,13.5,0,0,,2024-May-28,02:45:01
6299,2024-05-28 02:46:01,51.7443,-9.31424,5.6,13.5,0,1,,2024-May-28,02:46:01
6300,2024-05-28 02:47:01,51.7443,-9.31424,5.6,13.5,0,0,,2024-May-28,02:47:01
6301,2024-05-28 02:48:01,51.7443,-9.31424,5.6,13.5,0,2,,2024-May-28,02:48:01
6302,2024-05-28 02:49:01,51.7443,-9.31424,5.6,13.5,0,0,,2024-May-28,02:49:01
6303,2024-05-28 02:50:01,51.7443,-9.31424,5.6,13.5,0,0,,2024-May-28,02:50:01
6304,2024-05-28 02:51:01,51.7443,-9.31424,5.6,13.75,0,0,,2024-May-28,02:51:01
6305,2024-05-28 02:52:01,51.7443,-9.31424,5.6,13.5,0,1,,2024-May-28,02:52:01
6306,2024-05-28 02:53:01,51.7443,-9.31424,5.6,13.75,0,0,,2024-May-28,02:53:01
6307,2024-05-28 02:54:01,51.7443,-9.31424,5.6,13.5,0,0,,2024-May-28,02:54:01
6308,2024-05-28 02:55:01,51.7443,-9.31424,5.6,13.5,0,1,,2024-May-28,02:55:01
6309,2024-05-28 02:56:01,51.7443,-9.31424,5.6,13.5,0,1,,2024-May-28,02:56:01
6310,2024-05-28 02:57:01,51.7443,-9.31424,5.6,13.5,0,1,,2024-May-28,02:57:01
6311,2024-05-28 02:58:01,51.7443,-9.31424,5.6,13.5,0,0,,2024-May-28,02:58:01
6312,2024-05-28 02:59:01,51.7443,-9.31424,5.6,13.5,0,0,,2024-May-28,02:59:01
6313,2024-05-28 03:00:01,51.7443,-9.31424,5.6,13.5,0,0,,2024-May-28,03:00:01
6314,2024-05-28 03:01:01,51.7443,-9.31424,5.6,13.75,0,2,,2024-May-28,03:01:01
6315,2024-05-28 03:02:01,51.7443,-9.31424,5.6,13.5,0,0,,2024-May-28,03:02:01
6316,2024-05-28 03:03:01,51.7443,-9.31424,5.6,13.5,0,0,,2024-May-28,03:03:01
6317,2024-05-28 03:04:01,51.7443,-9.31424,5.6,13.75,0,0,,2024-May-28,03:04:01
6318,2024-05-28 03:05:01,51.7443,-9.31424,5.6,13.75,0,0,,2024-May-28,03:05:01
6319,2024-05-28 03:06:01,51.7443,-9.31424,5.6,13.5,0,1,,2024-May-28,03:06:01
6320,2024-05-28 03:07:01,51.7443,-9.31424,5.6,13.5,0,0,,2024-May-28,03:07:01
6321,2024-05-28 03:08:01,51.7443,-9.31424,5.6,13.5,0,0,,2024-May-28,03:08:01
6322,2024-05-28 03:09:01,51.7443,-9.31424,5.6,13.5,0,1,,2024-May-28,03:09:01
6323,2024-05-28 03:10:01,51.7443,-9.31424,5.6,13.5,0,0,,2024-May-28,03:10:01
6324,2024-05-28 03:11:01,51.7443,-9.31424,5.6,13.5,0,0,,2024-May-28,03:11:01
6325,2024-05-28 03:12:01,51.7443,-9.31424,5.6,13.5,0,1,,2024-May-28,03:12:01
6326,2024-05-28 03:13:01,51.7443,-9.31424,5.6,13.75,0,0,,2024-May-28,03:13:01
6327,2024-05-28 03:14:01,51.7443,-9.31424,5.6,13.75,0,0,,2024-May-28,03:14:01
6328,2024-05-28 03:15:01,51.7443,-9.31424,5.6,13.5,0,0,,2024-May-28,03:15:01
6329,2024-05-28 03:16:01,51.7443,-9.31424,5.6,13.5,0,1,,2024-May-28,03:16:01
6330,2024-05-28 03:17:01,51.7443,-9.31424,5.6,13.5,0,0,,2024-May-28,03:17:01
6331,2024-05-28 03:18:01,51.7443,-9.31424,5.5,13.5,0,0,,2024-May-28,03:18:01
6332,2024-05-28 03:19:01,51.7443,-9.31424,5.6,13.75,0,1,,2024-May-28,03:19:01
6333,2024-05-28 03:20:01,51.7443,-9.31424,5.6,13.5,0,2,,2024-May-28,03:20:01
6334,2024-05-28 03:21:01,51.7443,-9.31424,5.6,13.75,0,3,,2024-May-28,03:21:01
6335,2024-05-28 03:22:01,51.7443,-9.31424,5.6,13.5,0,1,,2024-May-28,03:22:01
6336,2024-05-28 03:23:01,51.7443,-9.31424,5.6,13.5,0,0,,2024-May-28,03:23:01
6337,2024-05-28 03:24:01,51.7443,-9.31424,5.6,13.5,0,0,,2024-May-28,03:24:01
6338,2024-05-28 03:25:01,51.7443,-9.31424,5.6,13.75,0,0,,2024-May-28,03:25:01
6339,2024-05-28 03:26:01,51.7443,-9.31424,5.6,13.75,0,1,,2024-May-28,03:26:01
6340,2024-05-28 03:27:01,51.7443,-9.31424,5.6,13.5,0,1,,2024-May-28,03:27:01
6341,2024-05-28 03:28:01,51.7443,-9.31424,5.6,13.5,0,1,,2024-May-28,03:28:01
6342,2024-05-28 03:29:01,51.7443,-9.31424,5.6,13.5,0,1,,2024-May-28,03:29:01
6343,2024-05-28 03:30:01,51.7443,-9.31424,5.6,13.5,0,0,,2024-May-28,03:30:01
6344,2024-05-28 03:31:01,51.7443,-9.31424,5.6,13.75,0,1,,2024-May-28,03:31:01
6345,2024-05-28 03:32:01,51.7443,-9.31424,5.6,13.75,0,0,,2024-May-28,03:32:01
6346,2024-05-28 03:33:01,51.7443,-9.31424,5.6,13.5,0,1,,2024-May-28,03:33:01
6347,2024-05-28 03:34:01,51.7443,-9.31424,5.5,13.5,0,1,,2024-May-28,03:34:01
6348,2024-05-28 03:35:01,51.7443,-9.31424,5.6,13.5,0,1,,2024-May-28,03:35:01
6349,2024-05-28 03:36:01,51.7443,-9.31424,5.6,13.5,0,1,,2024-May-28,03:36:01
6350,2024-05-28 03:37:01,51.7443,-9.31424,5.6,13.5,0,2,,2024-May-28,03:37:01
6351,2024-05-28 03:38:01,51.7443,-9.31424,5.6,13.5,0,3,,2024-May-28,03:38:01
6352,2024-05-28 03:39:01,51.7443,-9.31424,5.6,13.5,0,1,,2024-May-28,03:39:01
6353,2024-05-28 03:40:01,51.7443,-9.31424,5.6,13.75,0,0,,2024-May-28,03:40:01
6354,2024-05-28 03:41:01,51.7443,-9.31424,5.6,13.5,0,1,,2024-May-28,03:41:01
6355,2024-05-28 03:42:01,51.7443,-9.31424,5.6,13.5,0,0,,2024-May-28,03:42:01
6356,2024-05-28 03:43:01,51.7443,-9.31424,5.6,13.75,0,2,,2024-May-28,03:43:01
6357,2024-05-28 03:44:01,51.7443,-9.31424,5.6,13.5,0,1,,2024-May-28,03:44:01
6358,2024-05-28 03:45:01,51.7443,-9.31424,5.6,13.5,0,2,,2024-May-28,03:45:01
6359,2024-05-28 03:46:01,51.7443,-9.31424,5.6,13.5,0,0,,2024-May-28,03:46:01
6360,2024-05-28 03:47:01,51.7443,-9.31424,5.6,13.5,0,1,,2024-May-28,03:47:01
6361,2024-05-28 03:48:01,51.7443,-9.31424,5.6,13.5,0,0,,2024-May-28,03:48:01
6362,2024-05-28 03:49:01,51.7443,-9.31424,5.6,13.5,0,1,,2024-May-28,03:49:01
6363,2024-05-28 03:50:01,51.7443,-9.31424,5.6,13.5,0,1,,2024-May-28,03:50:01
6364,2024-05-28 03:51:01,51.7443,-9.31424,5.6,13.5,0,1,,2024-May-28,03:51:01
6365,2024-05-28 03:52:01,51.7443,-9.31424,5.6,13.5,0,0,,2024-May-28,03:52:01
6366,2024-05-28 03:53:01,51.7443,-9.31424,5.6,13.5,0,0,,2024-May-28,03:53:01
6367,2024-05-28 03:54:01,51.7443,-9.31424,5.6,13.5,0,1,,2024-May-28,03:54:01
6368,2024-05-28 03:55:01,51.7443,-9.31424,5.6,13.5,0,2,,2024-May-28,03:55:01
6369,2024-05-28 03:56:01,51.7443,-9.31424,5.6,13.5,0,1,,2024-May-28,03:56:01
6370,2024-05-28 03:57:01,51.7443,-9.31424,5.6,13.5,0,1,,2024-May-28,03:57:01
6371,2024-05-28 03:58:01,51.7443,-9.31424,5.6,13.75,0,1,,2024-May-28,03:58:01
6372,2024-05-28 03:59:01,51.7443,-9.31424,5.6,13.5,0,1,,2024-May-28,03:59:01
6373,2024-05-28 04:00:01,51.7443,-9.31424,5.6,13.5,0,1,,2024-May-28,04:00:01
6374,2024-05-28 04:01:01,51.7443,-9.31424,5.6,13.5,0,3,,2024-May-28,04:01:01
6375,2024-05-28 04:02:01,51.7443,-9.31424,5.6,13.5,0,0,,2024-May-28,04:02:01
6376,2024-05-28 04:03:01,51.7443,-9.31424,5.6,13.5,0,1,,2024-May-28,04:03:01
6377,2024-05-28 04:04:01,51.7443,-9.31424,5.6,13.75,0,3,,2024-May-28,04:04:01
6378,2024-05-28 04:05:01,51.7443,-9.31424,5.6,13.75,0,0,,2024-May-28,04:05:01
6379,2024-05-28 04:06:01,51.7443,-9.31424,5.6,13.75,0,1,,2024-May-28,04:06:01
6380,2024-05-28 04:07:01,51.7443,-9.31424,5.6,13.75,0,3,,2024-May-28,04:07:01
6381,2024-05-28 04:08:01,51.7443,-9.31424,5.6,13.75,0,0,,2024-May-28,04:08:01
6382,2024-05-28 04:09:01,51.7443,-9.31424,5.6,13.5,0,1,,2024-May-28,04:09:01
6383,2024-05-28 04:10:01,51.7443,-9.31424,5.6,13.5,0,0,,2024-May-28,04:10:01
6384,2024-05-28 04:11:01,51.7443,-9.31424,5.6,13.75,0,1,,2024-May-28,04:11:01
6385,2024-05-28 04:12:01,51.7443,-9.31424,5.6,13.5,0,1,,2024-May-28,04:12:01
6386,2024-05-28 04:13:01,51.7443,-9.31424,5.6,13.5,0,0,,2024-May-28,04:13:01
6387,2024-05-28 04:14:01,51.7443,-9.31424,5.6,13.75,0,1,,2024-May-28,04:14:01
6388,2024-05-28 04:15:01,51.7443,-9.31424,5.6,13.5,0,0,,2024-May-28,04:15:01
6389,2024-05-28 04:16:01,51.7443,-9.31424,5.6,13.5,0,0,,2024-May-28,04:16:01
6390,2024-05-28 04:17:01,51.7443,-9.31424,5.6,13.5,0,1,,2024-May-28,04:17:01
6391,2024-05-28 04:18:01,51.7443,-9.31424,5.6,13.5,0,0,,2024-May-28,04:18:01
6392,2024-05-28 04:19:01,51.7443,-9.31424,5.6,13.5,0,0,,2024-May-28,04:19:01
6393,2024-05-28 04:20:01,51.7443,-9.31424,5.6,13.5,0,0,,2024-May-28,04:20:01
6394,2024-05-28 04:21:01,51.7443,-9.31424,5.5,13.5,0,0,,2024-May-28,04:21:01
6395,2024-05-28 04:22:01,51.7443,-9.31424,5.5,13.5,0,1,,2024-May-28,04:22:01
6396,2024-05-28 04:23:01,51.7443,-9.31424,5.6,13.5,0,1,,2024-May-28,04:23:01
6397,2024-05-28 04:24:01,51.7443,-9.31424,5.6,13.5,0,0,,2024-May-28,04:24:01
6398,2024-05-28 04:25:01,51.7443,-9.31424,5.6,13.5,0,1,,2024-May-28,04:25:01
6399,2024-05-28 04:26:01,51.7443,-9.31424,5.5,13.5,0,1,,2024-May-28,04:26:01
6400,2024-05-28 04:27:01,51.7443,-9.31424,5.6,13.5,0,1,,2024-May-28,04:27:01
6401,2024-05-28 04:28:01,51.7443,-9.31424,5.6,13.75,0,2,,2024-May-28,04:28:01
6402,2024-05-28 04:29:01,51.7443,-9.31424,5.6,13.5,0,0,,2024-May-28,04:29:01
6403,2024-05-28 04:30:01,51.7443,-9.31424,5.6,13.5,0,0,,2024-May-28,04:30:01
6404,2024-05-28 04:31:01,51.7443,-9.31424,5.6,13.5,0,0,,2024-May-28,04:31:01
6405,2024-05-28 04:32:01,51.7443,-9.31424,5.6,13.5,0,0,,2024-May-28,04:32:01
6406,2024-05-28 04:33:01,51.7443,-9.31424,5.6,13.5,0,1,,2024-May-28,04:33:01
6407,2024-05-28 04:34:01,51.7443,-9.31424,5.6,13.75,0,1,,2024-May-28,04:34:01
6408,2024-05-28 04:35:01,51.7443,-9.31424,5.6,13.75,0,1,,2024-May-28,04:35:01
6409,2024-05-28 04:36:01,51.7443,-9.31424,5.6,13.5,0,0,,2024-May-28,04:36:01
6410,2024-05-28 04:37:01,51.7443,-9.31424,5.6,13.5,0,0,,2024-May-28,04:37:01
6411,2024-05-28 04:38:01,51.7443,-9.31424,5.6,13.5,0,1,,2024-May-28,04:38:01
6412,2024-05-28 04:39:01,51.7443,-9.31424,5.6,13.5,0,0,,2024-May-28,04:39:01
6413,2024-05-28 04:40:01,51.7443,-9.31424,5.6,13.75,0,0,,2024-May-28,04:40:01
6414,2024-05-28 04:41:01,51.7443,-9.31424,5.6,13.75,0,0,,2024-May-28,04:41:01
6415,2024-05-28 04:42:01,51.7443,-9.31424,5.6,13.75,0,0,,2024-May-28,04:42:01
6416,2024-05-28 04:43:01,51.7443,-9.31424,5.6,13.5,0,0,,2024-May-28,04:43:01
6417,2024-05-28 04:44:01,51.7443,-9.31424,5.6,13.5,0,0,,2024-May-28,04:44:01
6418,2024-05-28 04:45:01,51.7443,-9.31424,5.5,13.5,0,1,,2024-May-28,04:45:01
6419,2024-05-28 04:46:01,51.7443,-9.31424,5.6,13.75,0,2,,2024-May-28,04:46:01
6420,2024-05-28 04:47:01,51.7443,-9.31424,5.6,13.5,0,1,,2024-May-28,04:47:01
6421,2024-05-28 04:48:01,51.7443,-9.31424,5.6,13.5,0,2,,2024-May-28,04:48:01
6422,2024-05-28 04:49:01,51.7443,-9.31424,5.6,13.75,0,1,,2024-May-28,04:49:01
6423,2024-05-28 04:50:01,51.7443,-9.31424,5.6,13.5,0,0,,2024-May-28,04:50:01
6424,2024-05-28 04:51:01,51.7443,-9.31424,5.6,13.5,0,0,,2024-May-28,04:51:01
6425,2024-05-28 04:52:01,51.7443,-9.31424,5.6,13.5,0,2,,2024-May-28,04:52:01
6426,2024-05-28 04:53:01,51.7443,-9.31424,5.6,13.75,0,1,,2024-May-28,04:53:01
6427,2024-05-28 04:54:01,51.7443,-9.31424,5.6,13.75,0,2,,2024-May-28,04:54:01
6428,2024-05-28 04:55:01,51.7443,-9.31424,5.6,13.5,0,0,,2024-May-28,04:55:01
6429,2024-05-28 04:56:01,51.7443,-9.31424,5.6,13.75,0,1,,2024-May-28,04:56:01
6430,2024-05-28 04:57:01,51.7443,-9.31424,5.6,13.5,0,0,,2024-May-28,04:57:01
6431,2024-05-28 04:58:01,51.7443,-9.31424,5.6,13.75,0,3,,2024-May-28,04:58:01
6432,2024-05-28 04:59:01,51.7443,-9.31424,5.6,13.5,0,0,,2024-May-28,04:59:01
6433,2024-05-28 05:00:01,51.7443,-9.31424,5.6,13.5,0,1,,2024-May-28,05:00:01
6434,2024-05-28 05:01:01,51.7443,-9.31424,5.6,13.5,0,2,,2024-May-28,05:01:01
6435,2024-05-28 05:02:01,51.7443,-9.31424,5.6,13.5,0,0,,2024-May-28,05:02:01
6436,2024-05-28 05:03:01,51.7443,-9.31424,5.6,13.75,0,1,,2024-May-28,05:03:01
6437,2024-05-28 05:04:01,51.7443,-9.31424,5.6,13.5,0,3,,2024-May-28,05:04:01
6438,2024-05-28 05:05:01,51.7443,-9.31424,5.6,13.5,0,1,,2024-May-28,05:05:01
6439,2024-05-28 05:06:01,51.7443,-9.31424,5.6,13.75,0,0,,2024-May-28,05:06:01
6440,2024-05-28 05:07:01,51.7443,-9.31424,5.5,13.5,0,1,,2024-May-28,05:07:01
6441,2024-05-28 05:08:01,51.7443,-9.31424,5.6,13.75,0,3,,2024-May-28,05:08:01
6442,2024-05-28 05:09:01,51.7443,-9.31424,5.6,13.5,0,0,,2024-May-28,05:09:01
6443,2024-05-28 05:10:01,51.7443,-9.31424,5.6,13.5,0,0,,2024-May-28,05:10:01
6444,2024-05-28 05:11:01,51.7443,-9.31424,5.6,13.5,0,0,,2024-May-28,05:11:01
6445,2024-05-28 05:12:01,51.7443,-9.31424,5.5,13.5,0,0,,2024-May-28,05:12:01
6446,2024-05-28 05:13:01,51.7443,-9.31424,5.6,13.5,0,1,,2024-May-28,05:13:01
6447,2024-05-28 05:14:01,51.7443,-9.31424,5.6,13.5,0,0,,2024-May-28,05:14:01
6448,2024-05-28 05:15:01,51.7443,-9.31424,5.6,13.5,0,0,,2024-May-28,05:15:01
6449,2024-05-28 05:16:01,51.7443,-9.31424,5.6,13.5,0,2,,2024-May-28,05:16:01
6450,2024-05-28 05:17:01,51.7443,-9.31424,5.6,13.5,0,2,,2024-May-28,05:17:01
6451,2024-05-28 05:18:01,51.7443,-9.31424,5.6,13.5,0,0,,2024-May-28,05:18:01
6452,2024-05-28 05:19:01,51.7443,-9.31424,5.6,13.5,0,0,,2024-May-28,05:19:01
6453,2024-05-28 05:20:01,51.7443,-9.31424,5.6,13.5,0,1,,2024-May-28,05:20:01
6454,2024-05-28 05:21:01,51.7443,-9.31424,5.6,13.5,0,3,,2024-May-28,05:21:01
6455,2024-05-28 05:22:01,51.7443,-9.31424,5.6,13.5,0,1,,2024-May-28,05:22:01
6456,2024-05-28 05:23:01,51.7443,-9.31424,5.6,13.5,0,1,,2024-May-28,05:23:01
6457,2024-05-28 05:24:01,51.7443,-9.31424,5.5,13.5,0,3,,2024-May-28,05:24:01
6458,2024-05-28 05:25:01,51.7443,-9.31424,5.6,13.5,0,4,,2024-May-28,05:25:01
6459,2024-05-28 05:26:01,51.7443,-9.31424,5.6,13.5,0,2,,2024-May-28,05:26:01
6460,2024-05-28 05:27:01,51.7443,-9.31424,5.6,13.5,0,2,,2024-May-28,05:27:01
6461,2024-05-28 05:28:01,51.7443,-9.31424,5.6,13.5,0,1,,2024-May-28,05:28:01
6462,2024-05-28 05:29:01,51.7443,-9.31424,5.6,13.5,0,1,,2024-May-28,05:29:01
6463,2024-05-28 05:30:01,51.7443,-9.31424,5.6,13.5,0,1,,2024-May-28,05:30:01
6464,2024-05-28 05:31:01,51.7443,-9.31424,5.6,13.5,0,1,,2024-May-28,05:31:01
6465,2024-05-28 05:32:01,51.7443,-9.31424,5.6,13.5,0,0,,2024-May-28,05:32:01
6466,2024-05-28 05:33:01,51.7443,-9.31424,5.6,13.75,0,0,,2024-May-28,05:33:01
6467,2024-05-28 05:34:01,51.7443,-9.31424,5.6,13.5,0,0,,2024-May-28,05:34:01
6468,2024-05-28 05:35:01,51.7443,-9.31424,5.6,13.5,0,0,,2024-May-28,05:35:01
6469,2024-05-28 05:36:01,51.7443,-9.31424,5.6,13.5,0,0,,2024-May-28,05:36:01
6470,2024-05-28 05:37:01,51.7443,-9.31424,5.6,13.5,0,0,,2024-May-28,05:37:01
6471,2024-05-28 05:38:01,51.7443,-9.31424,5.6,13.5,0,0,,2024-May-28,05:38:01
6472,2024-05-28 05:39:01,51.7443,-9.31424,5.6,13.5,0,1,,2024-May-28,05:39:01
6473,2024-05-28 05:40:01,51.7443,-9.31424,5.6,13.5,0,2,,2024-May-28,05:40:01
6474,2024-05-28 05:41:01,51.7443,-9.31424,5.5,13.75,0,0,,2024-May-28,05:41:01
6475,2024-05-28 05:42:01,51.7443,-9.31424,5.6,13.5,0,1,,2024-May-28,05:42:01
6476,2024-05-28 05:43:01,51.7443,-9.31424,5.6,13.5,0,1,,2024-May-28,05:43:01
6477,2024-05-28 05:44:01,51.7443,-9.31424,5.6,13.75,0,0,,2024-May-28,05:44:01
6478,2024-05-28 05:45:01,51.7443,-9.31424,5.6,13.75,0,1,,2024-May-28,05:45:01
6479,2024-05-28 05:46:01,51.7443,-9.31424,5.6,13.75,0,0,,2024-May-28,05:46:01
6480,2024-05-28 05:47:01,51.7443,-9.31424,5.6,13.5,0,0,,2024-May-28,05:47:01
6481,2024-05-28 05:48:01,51.7443,-9.31424,5.6,13.5,0,1,,2024-May-28,05:48:01
6482,2024-05-28 05:49:01,51.7443,-9.31424,5.6,13.5,0,1,,2024-May-28,05:49:01
6483,2024-05-28 05:50:01,51.7443,-9.31424,5.6,13.75,0,2,,2024-May-28,05:50:01
6484,2024-05-28 05:51:01,51.7443,-9.31424,5.6,13.5,0,1,,2024-May-28,05:51:01
6485,2024-05-28 05:52:01,51.7443,-9.31424,5.6,13.75,0,0,,2024-May-28,05:52:01
6486,2024-05-28 05:53:01,51.7443,-9.31424,5.6,13.5,0,1,,2024-May-28,05:53:01
6487,2024-05-28 05:54:01,51.7443,-9.31424,5.6,13.5,0,0,,2024-May-28,05:54:01
6488,2024-05-28 05:55:01,51.7443,-9.31424,5.6,13.5,0,2,,2024-May-28,05:55:01
6489,2024-05-28 05:56:01,51.7443,-9.31424,5.6,13.75,0,1,,2024-May-28,05:56:01
6490,2024-05-28 05:57:01,51.7443,-9.31424,5.6,13.5,0,2,,2024-May-28,05:57:01
6491,2024-05-28 05:58:00,51.7443,-9.31424,5.6,13.5,0,1,,2024-May-28,05:58:00
6492,2024-05-28 21:12:59,51.7443,-9.31424,5.7,10.75,0,0,,2024-May-28,21:12:59
6493,2024-05-28 21:13:59,51.7443,-9.31424,5.7,10.75,0,0,,2024-May-28,21:13:59
6494,2024-05-28 21:14:59,51.7443,-9.31424,5.7,10.75,0,0,,2024-May-28,21:14:59
6495,2024-05-28 21:15:59,51.7443,-9.31424,5.7,10.75,0,0,,2024-May-28,21:15:59
6496,2024-05-28 21:16:59,51.7443,-9.31424,5.7,11,0,0,,2024-May-28,21:16:59
6497,2024-05-28 21:17:59,51.7443,-9.31424,5.7,11,0,0,,2024-May-28,21:17:59
6498,2024-05-28 21:18:59,51.7443,-9.31424,5.7,10.75,0,0,,2024-May-28,21:18:59
6499,2024-05-28 21:19:59,51.7443,-9.31424,5.7,11,0,0,,2024-May-28,21:19:59
6500,2024-05-28 21:20:59,51.7443,-9.31424,5.7,11,0,0,,2024-May-28,21:20:59
6501,2024-05-28 21:21:59,51.7443,-9.31424,5.7,10.75,0,0,,2024-May-28,21:21:59
6502,2024-05-28 21:22:59,51.7443,-9.31424,5.7,11,0,0,,2024-May-28,21:22:59
6503,2024-05-28 21:23:59,51.7443,-9.31424,5.7,11,0,0,,2024-May-28,21:23:59
6504,2024-05-28 21:24:59,51.7443,-9.31424,5.7,11,0,0,,2024-May-28,21:24:59
6505,2024-05-28 21:25:59,51.7443,-9.31424,5.7,11,0,0,,2024-May-28,21:25:59
6506,2024-05-28 21:26:59,51.7443,-9.31424,5.7,11,0,0,,2024-May-28,21:26:59
6507,2024-05-28 21:27:59,51.7443,-9.31424,5.7,11,0,0,,2024-May-28,21:27:59
6508,2024-05-28 21:28:59,51.7443,-9.31424,5.7,11,0,0,,2024-May-28,21:28:59
6509,2024-05-28 21:29:59,51.7443,-9.31424,5.7,11,0,0,,2024-May-28,21:29:59
6510,2024-05-28 21:30:59,51.7443,-9.31424,5.7,11,0,0,,2024-May-28,21:30:59
6511,2024-05-28 21:31:59,51.7443,-9.31424,5.7,11,0,0,,2024-May-28,21:31:59
6512,2024-05-28 21:32:59,51.7443,-9.31424,5.7,11,0,0,,2024-May-28,21:32:59
6513,2024-05-28 21:33:59,51.7443,-9.31424,5.7,11,0,0,,2024-May-28,21:33:59
6514,2024-05-28 21:34:59,51.7443,-9.31424,5.7,11,0,0,,2024-May-28,21:34:59
6515,2024-05-28 21:35:59,51.7443,-9.31424,5.7,11,0,0,,2024-May-28,21:35:59
6516,2024-05-28 21:36:59,51.7443,-9.31424,5.7,11,0,0,,2024-May-28,21:36:59
6517,2024-05-28 21:37:59,51.7443,-9.31424,5.7,11,0,0,,2024-May-28,21:37:59
6518,2024-05-28 21:38:59,51.7443,-9.31424,5.7,11,0,0,,2024-May-28,21:38:59
6519,2024-05-28 21:39:59,51.7443,-9.31424,5.7,11,0,0,,2024-May-28,21:39:59
6520,2024-05-28 21:40:59,51.7443,-9.31424,5.7,11,0,0,,2024-May-28,21:40:59
6521,2024-05-28 21:41:59,51.7443,-9.31424,5.7,11,0,0,,2024-May-28,21:41:59
6522,2024-05-28 21:42:59,51.7443,-9.31424,5.7,11,0,0,,2024-May-28,21:42:59
6523,2024-05-28 21:43:59,51.7443,-9.31424,5.7,11,0,0,,2024-May-28,21:43:59
6524,2024-05-28 21:44:59,51.7443,-9.31424,5.7,11,0,0,,2024-May-28,21:44:59
6525,2024-05-28 21:45:59,51.7443,-9.31424,5.7,11,0,0,,2024-May-28,21:45:59
6526,2024-05-28 21:46:59,51.7443,-9.31424,5.7,11,0,0,,2024-May-28,21:46:59
6527,2024-05-28 21:47:59,51.7443,-9.31424,5.7,11,0,0,,2024-May-28,21:47:59
6528,2024-05-28 21:48:59,51.7443,-9.31424,5.6,11,0,0,,2024-May-28,21:48:59
6529,2024-05-28 21:49:59,51.7443,-9.31424,5.7,11,0,0,,2024-May-28,21:49:59
6530,2024-05-28 21:50:59,51.7443,-9.31424,5.7,11,0,0,,2024-May-28,21:50:59
6531,2024-05-28 21:51:59,51.7443,-9.31424,5.7,11,0,0,,2024-May-28,21:51:59
6532,2024-05-28 21:52:59,51.7443,-9.31424,5.6,11,0,0,,2024-May-28,21:52:59
6533,2024-05-28 21:53:59,51.7443,-9.31424,5.6,11,0,0,,2024-May-28,21:53:59
6534,2024-05-28 21:54:59,51.7443,-9.31424,5.7,11,0,0,,2024-May-28,21:54:59
6535,2024-05-28 21:55:59,51.7443,-9.31424,5.6,11,0,0,,2024-May-28,21:55:59
6536,2024-05-28 21:56:59,51.7443,-9.31424,5.7,11,0,0,,2024-May-28,21:56:59
6537,2024-05-28 21:57:59,51.7443,-9.31424,5.6,11,0,0,,2024-May-28,21:57:59
6538,2024-05-28 21:58:59,51.7443,-9.31424,5.6,11,0,0,,2024-May-28,21:58:59
6539,2024-05-28 21:59:59,51.7443,-9.31424,5.6,11,0,0,,2024-May-28,21:59:59
6540,2024-05-28 22:00:59,51.7443,-9.31424,5.6,11,0,0,,2024-May-28,22:00:59
6541,2024-05-28 22:01:59,51.7443,-9.31424,5.6,11,0,0,,2024-May-28,22:01:59
6542,2024-05-28 22:02:59,51.7443,-9.31424,5.7,11,0,0,,2024-May-28,22:02:59
6543,2024-05-28 22:03:59,51.7443,-9.31424,5.6,11,0,0,,2024-May-28,22:03:59
6544,2024-05-28 22:04:59,51.7443,-9.31424,5.6,11,0,0,,2024-May-28,22:04:59
6545,2024-05-28 22:05:59,51.7443,-9.31424,5.6,11,0,0,,2024-May-28,22:05:59
6546,2024-05-28 22:06:59,51.7443,-9.31424,5.6,11,1,0,,2024-May-28,22:06:59
6547,2024-05-28 22:07:59,51.7443,-9.31424,5.6,11,1,0,,2024-May-28,22:07:59
6548,2024-05-28 22:08:59,51.7443,-9.31424,5.6,11,0,0,,2024-May-28,22:08:59
6549,2024-05-28 22:09:59,51.7443,-9.31424,5.6,11,0,0,,2024-May-28,22:09:59
6550,2024-05-28 22:10:59,51.7443,-9.31424,5.6,11,0,0,,2024-May-28,22:10:59
6551,2024-05-28 22:11:59,51.7443,-9.31424,5.6,11,0,0,,2024-May-28,22:11:59
6552,2024-05-28 22:12:59,51.7443,-9.31424,5.6,11,0,0,,2024-May-28,22:12:59
6553,2024-05-28 22:13:59,51.7443,-9.31424,5.6,11,0,0,,2024-May-28,22:13:59
6554,2024-05-28 22:14:59,51.7443,-9.31424,5.6,11,0,0,,2024-May-28,22:14:59
6555,2024-05-28 22:15:59,51.7443,-9.31424,5.6,11,0,0,,2024-May-28,22:15:59
6556,2024-05-28 22:16:59,51.7443,-9.31424,5.6,11,0,0,,2024-May-28,22:16:59
6557,2024-05-28 22:17:59,51.7443,-9.31424,5.6,11,0,0,,2024-May-28,22:17:59
6558,2024-05-28 22:18:59,51.7443,-9.31424,5.7,11,1,0,,2024-May-28,22:18:59
6559,2024-05-28 22:19:59,51.7443,-9.31424,5.6,11,0,0,,2024-May-28,22:19:59
6560,2024-05-28 22:20:59,51.7443,-9.31424,5.6,11,0,0,,2024-May-28,22:20:59
6561,2024-05-28 22:21:59,51.7443,-9.31424,5.6,11,1,0,,2024-May-28,22:21:59
6562,2024-05-28 22:22:59,51.7443,-9.31424,5.6,11,0,0,,2024-May-28,22:22:59
6563,2024-05-28 22:23:59,51.7443,-9.31424,5.6,11,0,0,,2024-May-28,22:23:59
6564,2024-05-28 22:24:59,51.7443,-9.31424,5.6,11,0,0,,2024-May-28,22:24:59
6565,2024-05-28 22:25:59,51.7443,-9.31424,5.6,11,1,1,,2024-May-28,22:25:59
6566,2024-05-28 22:26:59,51.7443,-9.31424,5.6,11,1,0,,2024-May-28,22:26:59
6567,2024-05-28 22:27:59,51.7443,-9.31424,5.6,11,1,0,,2024-May-28,22:27:59
6568,2024-05-28 22:28:59,51.7443,-9.31424,5.6,11,2,0,,2024-May-28,22:28:59
6569,2024-05-28 22:29:59,51.7443,-9.31424,5.5,11,1,1,,2024-May-28,22:29:59
6570,2024-05-28 22:30:59,51.7443,-9.31424,5.6,11,4,0,,2024-May-28,22:30:59
6571,2024-05-28 22:31:59,51.7443,-9.31424,5.6,10.75,0,0,,2024-May-28,22:31:59
6572,2024-05-28 22:32:59,51.7443,-9.31424,5.6,10.75,0,0,,2024-May-28,22:32:59
6573,2024-05-28 22:33:59,51.7443,-9.31424,5.6,10.75,0,0,,2024-May-28,22:33:59
6574,2024-05-28 22:34:59,51.7443,-9.31424,5.6,11,0,0,,2024-May-28,22:34:59
6575,2024-05-28 22:35:59,51.7443,-9.31424,5.6,11,0,0,,2024-May-28,22:35:59
6576,2024-05-28 22:36:59,51.7443,-9.31424,5.6,11,0,0,,2024-May-28,22:36:59
6577,2024-05-28 22:37:59,51.7443,-9.31424,5.6,11,0,0,,2024-May-28,22:37:59
6578,2024-05-28 22:38:59,51.7443,-9.31424,5.6,11,0,0,,2024-May-28,22:38:59
6579,2024-05-28 22:39:59,51.7443,-9.31424,5.6,11,0,0,,2024-May-28,22:39:59
6580,2024-05-28 22:40:59,51.7443,-9.31424,5.6,11,0,0,,2024-May-28,22:40:59
6581,2024-05-28 22:41:59,51.7443,-9.31424,5.6,10.75,0,0,,2024-May-28,22:41:59
6582,2024-05-28 22:42:59,51.7443,-9.31424,5.6,10.75,0,0,,2024-May-28,22:42:59
6583,2024-05-28 22:43:59,51.7443,-9.31424,5.6,10.75,0,0,,2024-May-28,22:43:59
6584,2024-05-28 22:44:59,51.7443,-9.31424,5.6,11,0,0,,2024-May-28,22:44:59
6585,2024-05-28 22:45:59,51.7443,-9.31424,5.6,10.75,0,0,,2024-May-28,22:45:59
6586,2024-05-28 22:46:59,51.7443,-9.31424,5.6,11,0,0,,2024-May-28,22:46:59
6587,2024-05-28 22:47:59,51.7443,-9.31424,5.6,11,1,0,,2024-May-28,22:47:59
6588,2024-05-28 22:48:59,51.7443,-9.31424,5.6,11,1,0,,2024-May-28,22:48:59
6589,2024-05-28 22:49:59,51.7443,-9.31424,5.6,11,0,1,,2024-May-28,22:49:59
6590,2024-05-28 22:50:59,51.7443,-9.31424,5.6,10.75,0,0,,2024-May-28,22:50:59
6591,2024-05-28 22:51:59,51.7443,-9.31424,5.6,11,0,0,,2024-May-28,22:51:59
6592,2024-05-28 22:52:59,51.7443,-9.31424,5.5,11,1,0,,2024-May-28,22:52:59
6593,2024-05-28 22:53:59,51.7443,-9.31424,5.6,11,1,0,,2024-May-28,22:53:59
6594,2024-05-28 22:54:59,51.7443,-9.31424,5.6,11,0,0,,2024-May-28,22:54:59
6595,2024-05-28 22:55:59,51.7443,-9.31424,5.6,10.75,1,0,,2024-May-28,22:55:59
6596,2024-05-28 22:56:59,51.7443,-9.31424,5.6,10.75,3,0,,2024-May-28,22:56:59
6597,2024-05-28 22:57:59,51.7443,-9.31424,5.6,11,0,0,,2024-May-28,22:57:59
6598,2024-05-28 22:58:59,51.7443,-9.31424,5.6,11,1,1,,2024-May-28,22:58:59
6599,2024-05-28 22:59:59,51.7443,-9.31424,5.6,11,0,0,,2024-May-28,22:59:59
6600,2024-05-28 23:00:59,51.7443,-9.31424,5.6,11,0,0,,2024-May-28,23:00:59
6601,2024-05-28 23:01:59,51.7443,-9.31424,5.6,11,0,0,,2024-May-28,23:01:59
6602,2024-05-28 23:02:59,51.7443,-9.31424,5.6,11,0,0,,2024-May-28,23:02:59
6603,2024-05-28 23:03:59,51.7443,-9.31424,5.6,11,1,0,,2024-May-28,23:03:59
6604,2024-05-28 23:04:59,51.7443,-9.31424,5.6,11,0,0,,2024-May-28,23:04:59
6605,2024-05-28 23:05:59,51.7443,-9.31424,5.6,11,0,0,,2024-May-28,23:05:59
6606,2024-05-28 23:06:59,51.7443,-9.31424,5.6,11,0,0,,2024-May-28,23:06:59
6607,2024-05-28 23:07:59,51.7443,-9.31424,5.6,11,0,0,,2024-May-28,23:07:59
6608,2024-05-28 23:08:59,51.7443,-9.31424,5.6,11,0,0,,2024-May-28,23:08:59
6609,2024-05-28 23:09:59,51.7443,-9.31424,5.5,11,1,0,,2024-May-28,23:09:59
6610,2024-05-28 23:10:59,51.7443,-9.31424,5.6,11,3,0,,2024-May-28,23:10:59
6611,2024-05-28 23:11:59,51.7443,-9.31424,5.6,11,1,0,,2024-May-28,23:11:59
6612,2024-05-28 23:12:59,51.7443,-9.31424,5.6,11,1,0,,2024-May-28,23:12:59
6613,2024-05-28 23:13:59,51.7443,-9.31424,5.6,11,1,0,,2024-May-28,23:13:59
6614,2024-05-28 23:14:59,51.7443,-9.31424,5.6,11,0,1,,2024-May-28,23:14:59
6615,2024-05-28 23:15:59,51.7443,-9.31424,5.6,11,0,0,,2024-May-28,23:15:59
6616,2024-05-28 23:16:59,51.7443,-9.31424,5.5,11,0,0,,2024-May-28,23:16:59
6617,2024-05-28 23:17:59,51.7443,-9.31424,5.6,11,1,0,,2024-May-28,23:17:59
6618,2024-05-28 23:18:59,51.7443,-9.31424,5.6,11,1,0,,2024-May-28,23:18:59
6619,2024-05-28 23:19:59,51.7443,-9.31424,5.5,11,3,0,,2024-May-28,23:19:59
6620,2024-05-28 23:20:59,51.7443,-9.31424,5.6,11,1,1,,2024-May-28,23:20:59
6621,2024-05-28 23:21:59,51.7443,-9.31424,5.6,11,1,0,,2024-May-28,23:21:59
6622,2024-05-28 23:22:59,51.7443,-9.31424,5.6,11,2,0,,2024-May-28,23:22:59
6623,2024-05-28 23:23:59,51.7443,-9.31424,5.5,11,2,0,,2024-May-28,23:23:59
6624,2024-05-28 23:24:59,51.7443,-9.31424,5.5,11.25,0,1,,2024-May-28,23:24:59
6625,2024-05-28 23:25:59,51.7443,-9.31424,5.6,11.25,4,0,,2024-May-28,23:25:59
6626,2024-05-28 23:26:59,51.7443,-9.31424,5.6,11.25,2,0,,2024-May-28,23:26:59
6627,2024-05-28 23:27:59,51.7443,-9.31424,5.5,11.25,1,1,,2024-May-28,23:27:59
6628,2024-05-28 23:28:59,51.7443,-9.31424,5.5,11.25,2,0,,2024-May-28,23:28:59
6629,2024-05-28 23:29:59,51.7443,-9.31424,5.5,11.25,3,1,,2024-May-28,23:29:59
6630,2024-05-28 23:30:59,51.7443,-9.31424,5.6,11.25,3,0,,2024-May-28,23:30:59
6631,2024-05-28 23:31:59,51.7443,-9.31424,5.5,11,2,1,,2024-May-28,23:31:59
6632,2024-05-28 23:32:59,51.7443,-9.31424,5.6,11.25,3,0,,2024-May-28,23:32:59
6633,2024-05-28 23:33:59,51.7443,-9.31424,5.5,11,3,0,,2024-May-28,23:33:59
6634,2024-05-28 23:34:59,51.7443,-9.31424,5.6,11.25,3,1,,2024-May-28,23:34:59
6635,2024-05-28 23:35:59,51.7443,-9.31424,5.5,11,1,1,,2024-May-28,23:35:59
6636,2024-05-28 23:36:59,51.7443,-9.31424,5.6,11.25,4,0,,2024-May-28,23:36:59
6637,2024-05-28 23:37:59,51.7443,-9.31424,5.6,11.25,2,0,,2024-May-28,23:37:59
6638,2024-05-28 23:38:59,51.7443,-9.31424,5.5,11.25,2,2,,2024-May-28,23:38:59
6639,2024-05-28 23:39:59,51.7443,-9.31424,5.6,11.25,1,1,,2024-May-28,23:39:59
6640,2024-05-28 23:40:59,51.7443,-9.31424,5.6,11,2,2,,2024-May-28,23:40:59
6641,2024-05-28 23:41:59,51.7443,-9.31424,5.6,11.25,0,0,,2024-May-28,23:41:59
6642,2024-05-28 23:42:59,51.7443,-9.31424,5.5,11.25,0,0,,2024-May-28,23:42:59
6643,2024-05-28 23:43:59,51.7443,-9.31424,5.6,11.25,1,0,,2024-May-28,23:43:59
6644,2024-05-28 23:44:59,51.7443,-9.31424,5.6,11.25,1,1,,2024-May-28,23:44:59
6645,2024-05-28 23:45:59,51.7443,-9.31424,5.5,11,0,0,,2024-May-28,23:45:59
6646,2024-05-28 23:46:59,51.7443,-9.31424,5.6,11,3,1,,2024-May-28,23:46:59
6647,2024-05-28 23:47:59,51.7443,-9.31424,5.5,11,2,1,,2024-May-28,23:47:59
6648,2024-05-28 23:48:59,51.7443,-9.31424,5.6,11,3,0,,2024-May-28,23:48:59
6649,2024-05-28 23:49:59,51.7443,-9.31424,5.6,11,1,0,,2024-May-28,23:49:59
6650,2024-05-28 23:50:59,51.7443,-9.31424,5.6,11,0,0,,2024-May-28,23:50:59
6651,2024-05-28 23:51:59,51.7443,-9.31424,5.6,11.25,0,0,,2024-May-28,23:51:59
6652,2024-05-28 23:52:59,51.7443,-9.31424,5.6,11,0,0,,2024-May-28,23:52:59
6653,2024-05-28 23:53:59,51.7443,-9.31424,5.6,11,0,0,,2024-May-28,23:53:59
6654,2024-05-28 23:54:59,51.7443,-9.31424,5.5,11,1,0,,2024-May-28,23:54:59
6655,2024-05-28 23:55:59,51.7443,-9.31424,5.6,11,1,0,,2024-May-28,23:55:59
6656,2024-05-28 23:56:59,51.7443,-9.31424,5.6,11,2,0,,2024-May-28,23:56:59
6657,2024-05-28 23:57:59,51.7443,-9.31424,5.6,11,3,0,,2024-May-28,23:57:59
6658,2024-05-28 23:58:59,51.7443,-9.31424,5.6,11,3,0,,2024-May-28,23:58:59
6659,2024-05-28 23:59:59,51.7443,-9.31424,5.6,11,1,0,,2024-May-28,23:59:59
6660,2024-05-29 00:00:59,51.7443,-9.31424,5.6,11,0,0,,2024-May-29,00:00:59
6661,2024-05-29 00:01:59,51.7443,-9.31424,5.6,11.25,0,0,,2024-May-29,00:01:59
6662,2024-05-29 00:02:59,51.7443,-9.31424,5.5,11,0,0,,2024-May-29,00:02:59
6663,2024-05-29 00:03:59,51.7443,-9.31424,5.6,11,2,0,,2024-May-29,00:03:59
6664,2024-05-29 00:04:59,51.7443,-9.31424,5.6,11,2,0,,2024-May-29,00:04:59
6665,2024-05-29 00:05:59,51.7443,-9.31424,5.6,11,0,1,,2024-May-29,00:05:59
6666,2024-05-29 00:06:59,51.7443,-9.31424,5.6,11.25,3,0,,2024-May-29,00:06:59
6667,2024-05-29 00:07:59,51.7443,-9.31424,5.6,11,0,0,,2024-May-29,00:07:59
6668,2024-05-29 00:08:59,51.7443,-9.31424,5.6,11,2,1,,2024-May-29,00:08:59
6669,2024-05-29 00:09:59,51.7443,-9.31424,5.6,11.25,1,0,,2024-May-29,00:09:59
6670,2024-05-29 00:10:59,51.7443,-9.31424,5.6,11,0,0,,2024-May-29,00:10:59
6671,2024-05-29 00:11:59,51.7443,-9.31424,5.5,11.25,0,0,,2024-May-29,00:11:59
6672,2024-05-29 00:12:59,51.7443,-9.31424,5.6,11,2,1,,2024-May-29,00:12:59
6673,2024-05-29 00:13:59,51.7443,-9.31424,5.6,11.25,1,0,,2024-May-29,00:13:59
6674,2024-05-29 00:14:59,51.7443,-9.31424,5.6,11,2,0,,2024-May-29,00:14:59
6675,2024-05-29 00:15:59,51.7443,-9.31424,5.6,11,1,0,,2024-May-29,00:15:59
6676,2024-05-29 00:16:59,51.7443,-9.31424,5.6,11,1,0,,2024-May-29,00:16:59
6677,2024-05-29 00:17:59,51.7443,-9.31424,5.6,11,1,0,,2024-May-29,00:17:59
6678,2024-05-29 00:18:59,51.7443,-9.31424,5.6,11,3,0,,2024-May-29,00:18:59
6679,2024-05-29 00:19:59,51.7443,-9.31424,5.6,11.25,2,0,,2024-May-29,00:19:59
6680,2024-05-29 00:20:59,51.7443,-9.31424,5.6,11,0,0,,2024-May-29,00:20:59
6681,2024-05-29 00:21:59,51.7443,-9.31424,5.6,11,0,0,,2024-May-29,00:21:59
6682,2024-05-29 00:22:59,51.7443,-9.31424,5.6,11,0,1,,2024-May-29,00:22:59
6683,2024-05-29 00:23:59,51.7443,-9.31424,5.6,11,1,0,,2024-May-29,00:23:59
6684,2024-05-29 00:24:59,51.7443,-9.31424,5.6,11,0,0,,2024-May-29,00:24:59
6685,2024-05-29 00:25:59,51.7443,-9.31424,5.6,11.25,1,0,,2024-May-29,00:25:59
6686,2024-05-29 00:26:59,51.7443,-9.31424,5.6,11,1,0,,2024-May-29,00:26:59
6687,2024-05-29 00:27:59,51.7443,-9.31424,5.6,11,1,0,,2024-May-29,00:27:59
6688,2024-05-29 00:28:59,51.7443,-9.31424,5.6,11.25,0,0,,2024-May-29,00:28:59
6689,2024-05-29 00:29:59,51.7443,-9.31424,5.6,11,1,0,,2024-May-29,00:29:59
6690,2024-05-29 00:30:59,51.7443,-9.31424,5.6,11.25,1,0,,2024-May-29,00:30:59
6691,2024-05-29 00:31:59,51.7443,-9.31424,5.6,11,0,0,,2024-May-29,00:31:59
6692,2024-05-29 00:32:59,51.7443,-9.31424,5.6,11.25,0,0,,2024-May-29,00:32:59
6693,2024-05-29 00:33:59,51.7443,-9.31424,5.6,11.25,0,1,,2024-May-29,00:33:59
6694,2024-05-29 00:34:59,51.7443,-9.31424,5.6,11.25,0,0,,2024-May-29,00:34:59
6695,2024-05-29 00:35:59,51.7443,-9.31424,5.6,11.25,1,0,,2024-May-29,00:35:59
6696,2024-05-29 00:36:59,51.7443,-9.31424,5.6,11,0,0,,2024-May-29,00:36:59
6697,2024-05-29 00:37:59,51.7443,-9.31424,5.6,11,0,0,,2024-May-29,00:37:59
6698,2024-05-29 00:38:59,51.7443,-9.31424,5.6,11,0,0,,2024-May-29,00:38:59
6699,2024-05-29 00:39:59,51.7443,-9.31424,5.6,11,3,0,,2024-May-29,00:39:59
6700,2024-05-29 00:40:59,51.7443,-9.31424,5.6,11.25,0,0,,2024-May-29,00:40:59
6701,2024-05-29 00:41:59,51.7443,-9.31424,5.6,11.25,1,0,,2024-May-29,00:41:59
6702,2024-05-29 00:42:59,51.7443,-9.31424,5.6,11.25,2,0,,2024-May-29,00:42:59
6703,2024-05-29 00:43:59,51.7443,-9.31424,5.6,11,1,0,,2024-May-29,00:43:59
6704,2024-05-29 00:44:59,51.7443,-9.31424,5.6,11,0,0,,2024-May-29,00:44:59
6705,2024-05-29 00:45:59,51.7443,-9.31424,5.6,11.25,0,0,,2024-May-29,00:45:59
6706,2024-05-29 00:46:59,51.7443,-9.31424,5.6,11.25,0,0,,2024-May-29,00:46:59
6707,2024-05-29 00:47:59,51.7443,-9.31424,5.6,11,1,0,,2024-May-29,00:47:59
6708,2024-05-29 00:48:59,51.7443,-9.31424,5.6,11,1,0,,2024-May-29,00:48:59
6709,2024-05-29 00:49:59,51.7443,-9.31424,5.6,11,0,0,,2024-May-29,00:49:59
6710,2024-05-29 00:50:59,51.7443,-9.31424,5.6,11,0,0,,2024-May-29,00:50:59
6711,2024-05-29 00:51:59,51.7443,-9.31424,5.6,11.25,0,1,,2024-May-29,00:51:59
6712,2024-05-29 00:52:59,51.7443,-9.31424,5.6,11.25,1,0,,2024-May-29,00:52:59
6713,2024-05-29 00:53:59,51.7443,-9.31424,5.6,11,1,0,,2024-May-29,00:53:59
6714,2024-05-29 00:54:59,51.7443,-9.31424,5.6,11.25,1,0,,2024-May-29,00:54:59
6715,2024-05-29 00:55:59,51.7443,-9.31424,5.6,11.25,0,0,,2024-May-29,00:55:59
6716,2024-05-29 00:56:59,51.7443,-9.31424,5.6,11.25,0,0,,2024-May-29,00:56:59
6717,2024-05-29 00:57:59,51.7443,-9.31424,5.6,11,0,0,,2024-May-29,00:57:59
6718,2024-05-29 00:58:59,51.7443,-9.31424,5.6,11,0,0,,2024-May-29,00:58:59
6719,2024-05-29 00:59:59,51.7443,-9.31424,5.6,11.25,0,0,,2024-May-29,00:59:59
6720,2024-05-29 01:00:59,51.7443,-9.31424,5.6,11,0,0,,2024-May-29,01:00:59
6721,2024-05-29 01:01:59,51.7443,-9.31424,5.6,11,0,0,,2024-May-29,01:01:59
6722,2024-05-29 01:02:59,51.7443,-9.31424,5.6,11,3,0,,2024-May-29,01:02:59
6723,2024-05-29 01:03:59,51.7443,-9.31424,5.6,11.25,2,0,,2024-May-29,01:03:59
6724,2024-05-29 01:04:59,51.7443,-9.31424,5.6,11.25,1,0,,2024-May-29,01:04:59
6725,2024-05-29 01:05:59,51.7443,-9.31424,5.6,11,0,0,,2024-May-29,01:05:59
6726,2024-05-29 01:06:59,51.7443,-9.31424,5.6,11,1,1,,2024-May-29,01:06:59
6727,2024-05-29 01:07:59,51.7443,-9.31424,5.6,11.25,1,1,,2024-May-29,01:07:59
6728,2024-05-29 01:08:59,51.7443,-9.31424,5.6,11.25,1,0,,2024-May-29,01:08:59
6729,2024-05-29 01:09:59,51.7443,-9.31424,5.6,11.25,1,0,,2024-May-29,01:09:59
6730,2024-05-29 01:10:59,51.7443,-9.31424,5.6,11.25,2,0,,2024-May-29,01:10:59
6731,2024-05-29 01:11:59,51.7443,-9.31424,5.5,11.25,0,0,,2024-May-29,01:11:59
6732,2024-05-29 01:12:59,51.7443,-9.31424,5.6,11.25,1,1,,2024-May-29,01:12:59
6733,2024-05-29 01:13:59,51.7443,-9.31424,5.6,11.25,1,0,,2024-May-29,01:13:59
6734,2024-05-29 01:14:59,51.7443,-9.31424,5.6,11.25,0,0,,2024-May-29,01:14:59
6735,2024-05-29 01:15:59,51.7443,-9.31424,5.6,11.25,0,0,,2024-May-29,01:15:59
6736,2024-05-29 01:16:59,51.7443,-9.31424,5.6,11.25,0,0,,2024-May-29,01:16:59
6737,2024-05-29 01:17:59,51.7443,-9.31424,5.6,11,2,0,,2024-May-29,01:17:59
6738,2024-05-29 01:18:59,51.7443,-9.31424,5.5,11.25,0,0,,2024-May-29,01:18:59
6739,2024-05-29 01:19:59,51.7443,-9.31424,5.6,11.25,1,1,,2024-May-29,01:19:59
6740,2024-05-29 01:20:59,51.7443,-9.31424,5.6,11.25,3,0,,2024-May-29,01:20:59
6741,2024-05-29 01:21:59,51.7443,-9.31424,5.6,11,1,0,,2024-May-29,01:21:59
6742,2024-05-29 01:22:59,51.7443,-9.31424,5.6,11.25,1,1,,2024-May-29,01:22:59
6743,2024-05-29 01:23:59,51.7443,-9.31424,5.6,11.25,0,0,,2024-May-29,01:23:59
6744,2024-05-29 01:24:59,51.7443,-9.31424,5.6,11.25,1,0,,2024-May-29,01:24:59
6745,2024-05-29 01:25:59,51.7443,-9.31424,5.6,11.25,0,2,,2024-May-29,01:25:59
6746,2024-05-29 01:26:59,51.7443,-9.31424,5.6,11.25,2,0,,2024-May-29,01:26:59
6747,2024-05-29 01:27:59,51.7443,-9.31424,5.6,11.25,0,0,,2024-May-29,01:27:59
6748,2024-05-29 01:28:59,51.7443,-9.31424,5.6,11.25,1,0,,2024-May-29,01:28:59
6749,2024-05-29 01:29:59,51.7443,-9.31424,5.6,11.25,0,0,,2024-May-29,01:29:59
6750,2024-05-29 01:30:59,51.7443,-9.31424,5.6,11,0,0,,2024-May-29,01:30:59
6751,2024-05-29 01:31:59,51.7443,-9.31424,5.6,11.25,0,1,,2024-May-29,01:31:59
6752,2024-05-29 01:32:59,51.7443,-9.31424,5.6,11.25,0,0,,2024-May-29,01:32:59
6753,2024-05-29 01:33:59,51.7443,-9.31424,5.6,11.25,0,0,,2024-May-29,01:33:59
6754,2024-05-29 01:34:59,51.7443,-9.31424,5.6,11,0,0,,2024-May-29,01:34:59
6755,2024-05-29 01:35:59,51.7443,-9.31424,5.6,11.25,0,0,,2024-May-29,01:35:59
6756,2024-05-29 01:36:59,51.7443,-9.31424,5.6,11.25,1,0,,2024-May-29,01:36:59
6757,2024-05-29 01:37:59,51.7443,-9.31424,5.6,11.25,0,0,,2024-May-29,01:37:59
6758,2024-05-29 01:38:59,51.7443,-9.31424,5.6,11.25,2,0,,2024-May-29,01:38:59
6759,2024-05-29 01:39:59,51.7443,-9.31424,5.6,11.25,0,2,,2024-May-29,01:39:59
6760,2024-05-29 01:40:59,51.7443,-9.31424,5.6,11.25,0,0,,2024-May-29,01:40:59
6761,2024-05-29 01:41:59,51.7443,-9.31424,5.5,11.25,0,0,,2024-May-29,01:41:59
6762,2024-05-29 01:42:59,51.7443,-9.31424,5.6,11.25,1,1,,2024-May-29,01:42:59
6763,2024-05-29 01:43:59,51.7443,-9.31424,5.6,11.25,0,0,,2024-May-29,01:43:59
6764,2024-05-29 01:44:59,51.7443,-9.31424,5.6,11.25,0,1,,2024-May-29,01:44:59
6765,2024-05-29 01:45:59,51.7443,-9.31424,5.6,11.25,0,1,,2024-May-29,01:45:59
6766,2024-05-29 01:46:59,51.7443,-9.31424,5.6,11.25,1,0,,2024-May-29,01:46:59
6767,2024-05-29 01:47:59,51.7443,-9.31424,5.6,11.25,0,1,,2024-May-29,01:47:59
6768,2024-05-29 01:48:59,51.7443,-9.31424,5.6,11.25,0,0,,2024-May-29,01:48:59
6769,2024-05-29 01:49:59,51.7443,-9.31424,5.6,11.25,0,0,,2024-May-29,01:49:59
6770,2024-05-29 01:50:59,51.7443,-9.31424,5.6,11.25,0,0,,2024-May-29,01:50:59
6771,2024-05-29 01:51:59,51.7443,-9.31424,5.6,11.25,0,0,,2024-May-29,01:51:59
6772,2024-05-29 01:52:59,51.7443,-9.31424,5.6,11.25,0,0,,2024-May-29,01:52:59
6773,2024-05-29 01:53:59,51.7443,-9.31424,5.6,11,1,0,,2024-May-29,01:53:59
6774,2024-05-29 01:54:59,51.7443,-9.31424,5.6,11.25,0,0,,2024-May-29,01:54:59
6775,2024-05-29 01:55:59,51.7443,-9.31424,5.6,11.25,0,0,,2024-May-29,01:55:59
6776,2024-05-29 01:56:59,51.7443,-9.31424,5.6,11,0,0,,2024-May-29,01:56:59
6777,2024-05-29 01:57:59,51.7443,-9.31424,5.6,11.25,1,0,,2024-May-29,01:57:59
6778,2024-05-29 01:58:59,51.7443,-9.31424,5.6,11.25,0,0,,2024-May-29,01:58:59
6779,2024-05-29 01:59:59,51.7443,-9.31424,5.6,11.25,0,0,,2024-May-29,01:59:59
6780,2024-05-29 02:00:59,51.7443,-9.31424,5.6,11.25,0,0,,2024-May-29,02:00:59
6781,2024-05-29 02:01:59,51.7443,-9.31424,5.6,11.25,0,0,,2024-May-29,02:01:59
6782,2024-05-29 02:02:59,51.7443,-9.31424,5.6,11.25,1,1,,2024-May-29,02:02:59
6783,2024-05-29 02:03:59,51.7443,-9.31424,5.6,11.25,0,0,,2024-May-29,02:03:59
6784,2024-05-29 02:04:59,51.7443,-9.31424,5.6,11.25,0,1,,2024-May-29,02:04:59
6785,2024-05-29 02:05:59,51.7443,-9.31424,5.6,11.25,0,1,,2024-May-29,02:05:59
6786,2024-05-29 02:06:59,51.7443,-9.31424,5.6,11.25,0,0,,2024-May-29,02:06:59
6787,2024-05-29 02:07:59,51.7443,-9.31424,5.6,11.25,0,0,,2024-May-29,02:07:59
6788,2024-05-29 02:08:59,51.7443,-9.31424,5.6,11.5,0,0,,2024-May-29,02:08:59
6789,2024-05-29 02:09:59,51.7443,-9.31424,5.6,11.25,0,0,,2024-May-29,02:09:59
6790,2024-05-29 02:10:59,51.7443,-9.31424,5.6,11.25,0,1,,2024-May-29,02:10:59
6791,2024-05-29 02:11:59,51.7443,-9.31424,5.6,11.25,0,0,,2024-May-29,02:11:59
6792,2024-05-29 02:12:59,51.7443,-9.31424,5.6,11.25,0,0,,2024-May-29,02:12:59
6793,2024-05-29 02:14:01,51.7443,-9.31424,5.6,11.25,1,0,,2024-May-29,02:14:01
6794,2024-05-29 02:15:01,51.7443,-9.31424,5.6,11.25,2,0,,2024-May-29,02:15:01
6795,2024-05-29 02:16:01,51.7443,-9.31424,5.5,11.25,2,0,,2024-May-29,02:16:01
6796,2024-05-29 02:17:01,51.7443,-9.31424,5.6,11.25,1,0,,2024-May-29,02:17:01
6797,2024-05-29 02:18:01,51.7443,-9.31424,5.6,11.5,0,0,,2024-May-29,02:18:01
6798,2024-05-29 02:19:01,51.7443,-9.31424,5.6,11.25,0,1,,2024-May-29,02:19:01
6799,2024-05-29 02:20:01,51.7443,-9.31424,5.6,11.5,0,1,,2024-May-29,02:20:01
6800,2024-05-29 02:21:01,51.7443,-9.31424,5.6,11.5,0,0,,2024-May-29,02:21:01
6801,2024-05-29 02:22:01,51.7443,-9.31424,5.6,11.5,0,0,,2024-May-29,02:22:01
6802,2024-05-29 02:23:01,51.7443,-9.31424,5.5,11.5,0,0,,2024-May-29,02:23:01
6803,2024-05-29 02:24:01,51.7443,-9.31424,5.5,11.25,1,0,,2024-May-29,02:24:01
6804,2024-05-29 02:25:01,51.7443,-9.31424,5.6,11.25,0,0,,2024-May-29,02:25:01
6805,2024-05-29 02:26:01,51.7443,-9.31424,5.6,11.25,0,0,,2024-May-29,02:26:01
6806,2024-05-29 02:27:01,51.7443,-9.31424,5.5,11.5,0,0,,2024-May-29,02:27:01
6807,2024-05-29 02:28:01,51.7443,-9.31424,5.6,11.25,0,0,,2024-May-29,02:28:01
6808,2024-05-29 02:29:01,51.7443,-9.31424,5.5,11.5,0,0,,2024-May-29,02:29:01
6809,2024-05-29 02:30:01,51.7443,-9.31424,5.6,11.25,0,0,,2024-May-29,02:30:01
6810,2024-05-29 02:31:01,51.7443,-9.31424,5.6,11.5,0,0,,2024-May-29,02:31:01
6811,2024-05-29 02:32:01,51.7443,-9.31424,5.5,11.25,0,0,,2024-May-29,02:32:01
6812,2024-05-29 02:33:01,51.7443,-9.31424,5.6,11.5,1,0,,2024-May-29,02:33:01
6813,2024-05-29 02:34:01,51.7443,-9.31424,5.5,11.25,0,0,,2024-May-29,02:34:01
6814,2024-05-29 02:35:01,51.7443,-9.31424,5.6,11.5,0,0,,2024-May-29,02:35:01
6815,2024-05-29 02:36:01,51.7443,-9.31424,5.6,11.5,0,0,,2024-May-29,02:36:01
6816,2024-05-29 02:37:01,51.7443,-9.31424,5.6,11.5,0,0,,2024-May-29,02:37:01
6817,2024-05-29 02:38:01,51.7443,-9.31424,5.6,11.25,0,0,,2024-May-29,02:38:01
6818,2024-05-29 02:39:01,51.7443,-9.31424,5.5,11.5,0,0,,2024-May-29,02:39:01
6819,2024-05-29 02:40:01,51.7443,-9.31424,5.5,11.5,1,0,,2024-May-29,02:40:01
6820,2024-05-29 02:41:01,51.7443,-9.31424,5.6,11.25,0,0,,2024-May-29,02:41:01
6821,2024-05-29 02:42:01,51.7443,-9.31424,5.6,11.25,0,0,,2024-May-29,02:42:01
6822,2024-05-29 02:43:01,51.7443,-9.31424,5.5,11.25,0,0,,2024-May-29,02:43:01
6823,2024-05-29 02:44:01,51.7443,-9.31424,5.6,11.25,0,0,,2024-May-29,02:44:01
6824,2024-05-29 02:45:01,51.7443,-9.31424,5.5,11.5,1,0,,2024-May-29,02:45:01
6825,2024-05-29 02:46:01,51.7443,-9.31424,5.5,11.25,2,0,,2024-May-29,02:46:01
6826,2024-05-29 02:47:01,51.7443,-9.31424,5.5,11.25,1,0,,2024-May-29,02:47:01
6827,2024-05-29 02:48:01,51.7443,-9.31424,5.6,11.5,0,0,,2024-May-29,02:48:01
6828,2024-05-29 02:49:01,51.7443,-9.31424,5.5,11.25,0,0,,2024-May-29,02:49:01
6829,2024-05-29 02:50:01,51.7443,-9.31424,5.5,11.25,1,0,,2024-May-29,02:50:01
6830,2024-05-29 02:51:01,51.7443,-9.31424,5.5,11.25,0,0,,2024-May-29,02:51:01
6831,2024-05-29 02:52:01,51.7443,-9.31424,5.5,11.25,2,0,,2024-May-29,02:52:01
6832,2024-05-29 02:53:01,51.7443,-9.31424,5.5,11.25,1,0,,2024-May-29,02:53:01
6833,2024-05-29 02:54:01,51.7443,-9.31424,5.5,11.25,1,0,,2024-May-29,02:54:01
6834,2024-05-29 02:55:01,51.7443,-9.31424,5.5,11.25,0,0,,2024-May-29,02:55:01
6835,2024-05-29 02:56:01,51.7443,-9.31424,5.5,11.25,0,0,,2024-May-29,02:56:01
6836,2024-05-29 02:57:01,51.7443,-9.31424,5.5,11.25,0,0,,2024-May-29,02:57:01
6837,2024-05-29 02:58:01,51.7443,-9.31424,5.5,11.25,0,0,,2024-May-29,02:58:01
6838,2024-05-29 02:59:01,51.7443,-9.31424,5.5,11.25,1,0,,2024-May-29,02:59:01
6839,2024-05-29 03:00:01,51.7443,-9.31424,5.5,11.25,1,0,,2024-May-29,03:00:01
6840,2024-05-29 03:01:01,51.7443,-9.31424,5.5,11.5,3,0,,2024-May-29,03:01:01
6841,2024-05-29 03:02:01,51.7443,-9.31424,5.5,11.25,1,0,,2024-May-29,03:02:01
6842,2024-05-29 03:03:01,51.7443,-9.31424,5.5,11.25,1,1,,2024-May-29,03:03:01
6843,2024-05-29 03:04:01,51.7443,-9.31424,5.5,11.25,2,1,,2024-May-29,03:04:01
6844,2024-05-29 03:05:01,51.7443,-9.31424,5.5,11.25,4,0,,2024-May-29,03:05:01
6845,2024-05-29 03:06:01,51.7443,-9.31424,5.5,11.25,1,0,,2024-May-29,03:06:01
6846,2024-05-29 03:07:01,51.7443,-9.31424,5.5,11.25,0,1,,2024-May-29,03:07:01
6847,2024-05-29 03:08:01,51.7443,-9.31424,5.5,11.5,1,0,,2024-May-29,03:08:01
6848,2024-05-29 03:09:01,51.7443,-9.31424,5.5,11.25,0,1,,2024-May-29,03:09:01
6849,2024-05-29 03:10:01,51.7443,-9.31424,5.5,11.25,1,3,,2024-May-29,03:10:01
6850,2024-05-29 03:11:01,51.7443,-9.31424,5.5,11.25,0,3,,2024-May-29,03:11:01
6851,2024-05-29 03:12:01,51.7443,-9.31424,5.5,11.25,0,2,,2024-May-29,03:12:01
6852,2024-05-29 03:13:01,51.7443,-9.31424,5.5,11.25,0,0,,2024-May-29,03:13:01
6853,2024-05-29 03:14:01,51.7443,-9.31424,5.5,11.5,0,2,,2024-May-29,03:14:01
6854,2024-05-29 03:15:01,51.7443,-9.31424,5.5,11.25,1,0,,2024-May-29,03:15:01
6855,2024-05-29 03:16:01,51.7443,-9.31424,5.5,11.25,1,2,,2024-May-29,03:16:01
6856,2024-05-29 03:17:01,51.7443,-9.31424,5.5,11.25,0,3,,2024-May-29,03:17:01
6857,2024-05-29 03:18:01,51.7443,-9.31424,5.5,11.25,0,1,,2024-May-29,03:18:01
6858,2024-05-29 03:19:01,51.7443,-9.31424,5.5,11.25,0,1,,2024-May-29,03:19:01
6859,2024-05-29 03:20:01,51.7443,-9.31424,5.5,11.25,0,0,,2024-May-29,03:20:01
6860,2024-05-29 03:21:01,51.7443,-9.31424,5.5,11.25,0,1,,2024-May-29,03:21:01
6861,2024-05-29 03:22:01,51.7443,-9.31424,5.5,11.25,0,2,,2024-May-29,03:22:01
6862,2024-05-29 03:23:01,51.7443,-9.31424,5.5,11.25,0,1,,2024-May-29,03:23:01
6863,2024-05-29 03:24:01,51.7443,-9.31424,5.5,11.25,0,1,,2024-May-29,03:24:01
6864,2024-05-29 03:25:01,51.7443,-9.31424,5.6,11.25,0,2,,2024-May-29,03:25:01
6865,2024-05-29 03:26:01,51.7443,-9.31424,5.4,11.25,0,0,,2024-May-29,03:26:01
6866,2024-05-29 03:27:01,51.7443,-9.31424,5.5,11.25,0,3,,2024-May-29,03:27:01
6867,2024-05-29 03:28:01,51.7443,-9.31424,5.5,11.25,0,0,,2024-May-29,03:28:01
6868,2024-05-29 03:29:01,51.7443,-9.31424,5.5,11.25,1,3,,2024-May-29,03:29:01
6869,2024-05-29 03:30:01,51.7443,-9.31424,5.5,11.25,0,1,,2024-May-29,03:30:01
6870,2024-05-29 03:31:01,51.7443,-9.31424,5.5,11.25,0,1,,2024-May-29,03:31:01
6871,2024-05-29 03:32:01,51.7443,-9.31424,5.4,11.25,3,0,,2024-May-29,03:32:01
6872,2024-05-29 03:33:01,51.7443,-9.31424,5.5,11.25,4,0,,2024-May-29,03:33:01
6873,2024-05-29 03:34:01,51.7443,-9.31424,5.5,11.25,1,0,,2024-May-29,03:34:01
6874,2024-05-29 03:35:01,51.7443,-9.31424,5.5,11.25,0,0,,2024-May-29,03:35:01
6875,2024-05-29 03:36:01,51.7443,-9.31424,5.5,11.5,0,0,,2024-May-29,03:36:01
6876,2024-05-29 03:37:01,51.7443,-9.31424,5.5,11.25,0,0,,2024-May-29,03:37:01
6877,2024-05-29 03:38:01,51.7443,-9.31424,5.5,11.25,0,0,,2024-May-29,03:38:01
6878,2024-05-29 03:39:01,51.7443,-9.31424,5.5,11.5,1,0,,2024-May-29,03:39:01
6879,2024-05-29 03:40:01,51.7443,-9.31424,5.5,11.25,1,0,,2024-May-29,03:40:01
6880,2024-05-29 03:41:01,51.7443,-9.31424,5.5,11.25,0,0,,2024-May-29,03:41:01
6881,2024-05-29 03:42:01,51.7443,-9.31424,5.5,11.25,0,0,,2024-May-29,03:42:01
6882,2024-05-29 03:43:01,51.7443,-9.31424,5.5,11.25,0,0,,2024-May-29,03:43:01
6883,2024-05-29 03:44:01,51.7443,-9.31424,5.5,11.25,0,0,,2024-May-29,03:44:01
6884,2024-05-29 03:45:01,51.7443,-9.31424,5.5,11.25,0,0,,2024-May-29,03:45:01
6885,2024-05-29 03:46:01,51.7443,-9.31424,5.5,11,0,0,,2024-May-29,03:46:01
6886,2024-05-29 03:47:01,51.7443,-9.31424,5.5,11.25,0,0,,2024-May-29,03:47:01
6887,2024-05-29 03:48:01,51.7443,-9.31424,5.5,11.25,0,0,,2024-May-29,03:48:01
6888,2024-05-29 03:49:01,51.7443,-9.31424,5.5,11.25,0,0,,2024-May-29,03:49:01
6889,2024-05-29 03:50:01,51.7443,-9.31424,5.5,11.25,0,0,,2024-May-29,03:50:01
6890,2024-05-29 03:51:01,51.7443,-9.31424,5.5,11.25,0,0,,2024-May-29,03:51:01
6891,2024-05-29 03:52:01,51.7443,-9.31424,5.5,11.25,0,0,,2024-May-29,03:52:01
6892,2024-05-29 03:53:01,51.7443,-9.31424,5.5,11.25,0,0,,2024-May-29,03:53:01
6893,2024-05-29 03:54:01,51.7443,-9.31424,5.5,11,0,0,,2024-May-29,03:54:01
6894,2024-05-29 03:55:01,51.7443,-9.31424,5.5,11.25,0,0,,2024-May-29,03:55:01
6895,2024-05-29 03:56:01,51.7443,-9.31424,5.5,11.25,0,0,,2024-May-29,03:56:01
6896,2024-05-29 03:57:01,51.7443,-9.31424,5.5,11.25,0,0,,2024-May-29,03:57:01
6897,2024-05-29 03:58:01,51.7443,-9.31424,5.5,11,0,0,,2024-May-29,03:58:01
6898,2024-05-29 03:59:01,51.7443,-9.31424,5.5,11,0,0,,2024-May-29,03:59:01
6899,2024-05-29 04:00:01,51.7443,-9.31424,5.5,11,0,0,,2024-May-29,04:00:01
6900,2024-05-29 04:01:01,51.7443,-9.31424,5.5,11,0,0,,2024-May-29,04:01:01
6901,2024-05-29 04:02:01,51.7443,-9.31424,5.5,11,0,0,,2024-May-29,04:02:01
6902,2024-05-29 04:03:01,51.7443,-9.31424,5.4,11.25,0,0,,2024-May-29,04:03:01
6903,2024-05-29 04:04:01,51.7443,-9.31424,5.5,11,0,1,,2024-May-29,04:04:01
6904,2024-05-29 04:05:01,51.7443,-9.31424,5.5,11,0,0,,2024-May-29,04:05:01
6905,2024-05-29 04:06:01,51.7443,-9.31424,5.5,11.25,0,0,,2024-May-29,04:06:01
6906,2024-05-29 04:07:01,51.7443,-9.31424,5.5,11.25,0,0,,2024-May-29,04:07:01
6907,2024-05-29 04:08:01,51.7443,-9.31424,5.5,11,0,0,,2024-May-29,04:08:01
6908,2024-05-29 04:09:01,51.7443,-9.31424,5.5,11,0,0,,2024-May-29,04:09:01
6909,2024-05-29 04:10:01,51.7443,-9.31424,5.5,11,0,0,,2024-May-29,04:10:01
6910,2024-05-29 04:11:01,51.7443,-9.31424,5.5,11,0,0,,2024-May-29,04:11:01
6911,2024-05-29 04:12:01,51.7443,-9.31424,5.5,11,0,0,,2024-May-29,04:12:01
6912,2024-05-29 04:13:01,51.7443,-9.31424,5.5,11.25,0,0,,2024-May-29,04:13:01
6913,2024-05-29 04:14:01,51.7443,-9.31424,5.5,11,0,0,,2024-May-29,04:14:01
6914,2024-05-29 04:15:01,51.7443,-9.31424,5.5,11.25,0,0,,2024-May-29,04:15:01
6915,2024-05-29 04:16:01,51.7443,-9.31424,5.5,11.25,0,0,,2024-May-29,04:16:01
6916,2024-05-29 04:17:01,51.7443,-9.31424,5.5,11.25,0,1,,2024-May-29,04:17:01
6917,2024-05-29 04:18:01,51.7443,-9.31424,5.5,11,0,2,,2024-May-29,04:18:01
6918,2024-05-29 04:19:01,51.7443,-9.31424,5.5,11,0,1,,2024-May-29,04:19:01
6919,2024-05-29 04:20:01,51.7443,-9.31424,5.5,11,0,0,,2024-May-29,04:20:01
6920,2024-05-29 04:21:01,51.7443,-9.31424,5.5,11,0,4,,2024-May-29,04:21:01
6921,2024-05-29 04:22:01,51.7443,-9.31424,5.5,11,0,1,,2024-May-29,04:22:01
6922,2024-05-29 04:23:01,51.7443,-9.31424,5.5,11,0,3,,2024-May-29,04:23:01
6923,2024-05-29 04:24:01,51.7443,-9.31424,5.5,11.25,0,1,,2024-May-29,04:24:01
6924,2024-05-29 04:25:01,51.7443,-9.31424,5.5,11,0,0,,2024-May-29,04:25:01
6925,2024-05-29 04:26:01,51.7443,-9.31424,5.5,11,0,0,,2024-May-29,04:26:01
6926,2024-05-29 04:27:01,51.7443,-9.31424,5.5,11,0,0,,2024-May-29,04:27:01
6927,2024-05-29 04:28:01,51.7443,-9.31424,5.5,11,0,0,,2024-May-29,04:28:01
6928,2024-05-29 04:29:01,51.7443,-9.31424,5.5,11,0,0,,2024-May-29,04:29:01
6929,2024-05-29 04:30:01,51.7443,-9.31424,5.5,11,0,0,,2024-May-29,04:30:01
6930,2024-05-29 04:31:01,51.7443,-9.31424,5.5,11,0,0,,2024-May-29,04:31:01
6931,2024-05-29 04:32:01,51.7443,-9.31424,5.5,11,0,0,,2024-May-29,04:32:01
6932,2024-05-29 04:33:01,51.7443,-9.31424,5.5,11,0,0,,2024-May-29,04:33:01
6933,2024-05-29 04:34:01,51.7443,-9.31424,5.5,11,0,0,,2024-May-29,04:34:01
6934,2024-05-29 04:35:01,51.7443,-9.31424,5.5,11.25,0,0,,2024-May-29,04:35:01
6935,2024-05-29 04:36:01,51.7443,-9.31424,5.5,11,0,0,,2024-May-29,04:36:01
6936,2024-05-29 04:37:01,51.7443,-9.31424,5.5,11,0,0,,2024-May-29,04:37:01
6937,2024-05-29 04:38:01,51.7443,-9.31424,5.5,11,0,0,,2024-May-29,04:38:01
6938,2024-05-29 04:39:01,51.7443,-9.31424,5.5,11.25,0,0,,2024-May-29,04:39:01
6939,2024-05-29 04:40:01,51.7443,-9.31424,5.5,11,0,0,,2024-May-29,04:40:01
6940,2024-05-29 04:41:01,51.7443,-9.31424,5.5,11,0,0,,2024-May-29,04:41:01
6941,2024-05-29 04:42:01,51.7443,-9.31424,5.5,11,0,0,,2024-May-29,04:42:01
6942,2024-05-29 04:43:01,51.7443,-9.31424,5.5,11,0,0,,2024-May-29,04:43:01
6943,2024-05-29 04:44:01,51.7443,-9.31424,5.5,11,0,0,,2024-May-29,04:44:01
6944,2024-05-29 04:45:01,51.7443,-9.31424,5.5,11,0,0,,2024-May-29,04:45:01
6945,2024-05-29 04:46:01,51.7443,-9.31424,5.5,11,0,0,,2024-May-29,04:46:01
6946,2024-05-29 04:47:01,51.7443,-9.31424,5.5,11,0,0,,2024-May-29,04:47:01
6947,2024-05-29 04:48:01,51.7443,-9.31424,5.5,11,0,0,,2024-May-29,04:48:01
6948,2024-05-29 04:49:01,51.7443,-9.31424,5.5,11,0,0,,2024-May-29,04:49:01
6949,2024-05-29 04:50:01,51.7443,-9.31424,5.5,11,0,0,,2024-May-29,04:50:01
6950,2024-05-29 04:51:01,51.7443,-9.31424,5.5,11,0,0,,2024-May-29,04:51:01
6951,2024-05-29 04:52:01,51.7443,-9.31424,5.5,11,0,0,,2024-May-29,04:52:01
6952,2024-05-29 04:53:01,51.7443,-9.31424,5.5,11,0,0,,2024-May-29,04:53:01
6953,2024-05-29 04:54:01,51.7443,-9.31424,5.5,11,0,0,,2024-May-29,04:54:01
6954,2024-05-29 04:55:01,51.7443,-9.31424,5.5,11,0,0,,2024-May-29,04:55:01
6955,2024-05-29 04:56:01,51.7443,-9.31424,5.5,10.75,0,0,,2024-May-29,04:56:01
6956,2024-05-29 04:57:01,51.7443,-9.31424,5.5,10.75,0,0,,2024-May-29,04:57:01
6957,2024-05-29 04:58:01,51.7443,-9.31424,5.5,10.75,0,0,,2024-May-29,04:58:01
6958,2024-05-29 04:59:01,51.7443,-9.31424,5.5,10.75,0,0,,2024-May-29,04:59:01
6959,2024-05-29 05:00:01,51.7443,-9.31424,5.5,10.75,0,0,,2024-May-29,05:00:01
6960,2024-05-29 05:01:01,51.7443,-9.31424,5.5,10.75,0,0,,2024-May-29,05:01:01
6961,2024-05-29 05:02:01,51.7443,-9.31424,5.5,10.75,0,0,,2024-May-29,05:02:01
6962,2024-05-29 05:03:01,51.7443,-9.31424,5.5,10.75,0,0,,2024-May-29,05:03:01
6963,2024-05-29 05:04:01,51.7443,-9.31424,5.5,10.75,0,0,,2024-May-29,05:04:01
6964,2024-05-29 05:05:01,51.7443,-9.31424,5.5,10.75,0,0,,2024-May-29,05:05:01
6965,2024-05-29 05:06:01,51.7443,-9.31424,5.5,10.75,0,0,,2024-May-29,05:06:01
6966,2024-05-29 05:07:01,51.7443,-9.31424,5.5,10.75,0,0,,2024-May-29,05:07:01
6967,2024-05-29 05:08:01,51.7443,-9.31424,5.5,10.75,0,0,,2024-May-29,05:08:01
6968,2024-05-29 05:09:01,51.7443,-9.31424,5.5,10.75,0,0,,2024-May-29,05:09:01
6969,2024-05-29 05:10:01,51.7443,-9.31424,5.5,10.75,0,0,,2024-May-29,05:10:01
6970,2024-05-29 05:11:01,51.7443,-9.31424,5.5,10.75,0,0,,2024-May-29,05:11:01
6971,2024-05-29 05:12:01,51.7443,-9.31424,5.5,10.75,0,0,,2024-May-29,05:12:01
6972,2024-05-29 05:13:01,51.7443,-9.31424,5.5,10.75,0,0,,2024-May-29,05:13:01
6973,2024-05-29 05:14:01,51.7443,-9.31424,5.5,10.5,0,0,,2024-May-29,05:14:01
6974,2024-05-29 05:15:01,51.7443,-9.31424,5.5,10.75,0,0,,2024-May-29,05:15:01
6975,2024-05-29 05:16:01,51.7443,-9.31424,5.5,10.75,0,0,,2024-May-29,05:16:01
6976,2024-05-29 05:17:01,51.7443,-9.31424,5.5,10.75,0,0,,2024-May-29,05:17:01
6977,2024-05-29 05:18:01,51.7443,-9.31424,5.5,10.75,0,0,,2024-May-29,05:18:01
6978,2024-05-29 05:19:01,51.7443,-9.31424,5.5,10.75,0,0,,2024-May-29,05:19:01
6979,2024-05-29 05:20:01,51.7443,-9.31424,5.5,10.75,0,0,,2024-May-29,05:20:01
6980,2024-05-29 05:21:01,51.7443,-9.31424,5.5,10.5,0,0,,2024-May-29,05:21:01
6981,2024-05-29 05:22:01,51.7443,-9.31424,5.5,10.75,0,0,,2024-May-29,05:22:01
6982,2024-05-29 05:23:01,51.7443,-9.31424,5.5,10.75,0,0,,2024-May-29,05:23:01
6983,2024-05-29 05:24:01,51.7443,-9.31424,5.5,10.5,0,0,,2024-May-29,05:24:01
6984,2024-05-29 05:25:01,51.7443,-9.31424,5.5,10.5,0,1,,2024-May-29,05:25:01
6985,2024-05-29 05:26:01,51.7443,-9.31424,5.5,10.75,0,0,,2024-May-29,05:26:01
6986,2024-05-29 05:27:01,51.7443,-9.31424,5.5,10.75,0,0,,2024-May-29,05:27:01
6987,2024-05-29 05:28:01,51.7443,-9.31424,5.5,10.75,0,0,,2024-May-29,05:28:01
6988,2024-05-29 05:29:01,51.7443,-9.31424,5.5,10.5,0,0,,2024-May-29,05:29:01
6989,2024-05-29 05:30:01,51.7443,-9.31424,5.5,10.75,0,0,,2024-May-29,05:30:01
6990,2024-05-29 05:31:01,51.7443,-9.31424,5.5,10.75,0,0,,2024-May-29,05:31:01
6991,2024-05-29 05:32:01,51.7443,-9.31424,5.5,10.75,0,0,,2024-May-29,05:32:01
6992,2024-05-29 05:33:01,51.7443,-9.31424,5.5,10.75,0,0,,2024-May-29,05:33:01
6993,2024-05-29 05:34:01,51.7443,-9.31424,5.5,10.75,0,0,,2024-May-29,05:34:01
6994,2024-05-29 05:35:01,51.7443,-9.31424,5.5,10.75,0,0,,2024-May-29,05:35:01
6995,2024-05-29 05:36:01,51.7443,-9.31424,5.5,10.75,0,0,,2024-May-29,05:36:01
6996,2024-05-29 05:37:01,51.7443,-9.31424,5.5,10.75,0,0,,2024-May-29,05:37:01
6997,2024-05-29 05:38:01,51.7443,-9.31424,5.5,10.75,0,0,,2024-May-29,05:38:01
6998,2024-05-29 05:39:01,51.7443,-9.31424,5.5,10.75,0,0,,2024-May-29,05:39:01
6999,2024-05-29 05:40:01,51.7443,-9.31424,5.5,10.75,0,0,,2024-May-29,05:40:01
7000,2024-05-29 05:41:01,51.7443,-9.31424,5.5,10.75,0,0,,2024-May-29,05:41:01
7001,2024-05-29 05:42:01,51.7443,-9.31424,5.5,10.75,0,0,,2024-May-29,05:42:01
7002,2024-05-29 05:43:01,51.7443,-9.31424,5.5,10.75,0,0,,2024-May-29,05:43:01
7003,2024-05-29 05:44:01,51.7443,-9.31424,5.5,10.75,0,0,,2024-May-29,05:44:01
7004,2024-05-29 05:45:01,51.7443,-9.31424,5.5,10.75,0,0,,2024-May-29,05:45:01
7005,2024-05-29 05:46:01,51.7443,-9.31424,5.5,10.75,0,0,,2024-May-29,05:46:01
7006,2024-05-29 05:47:01,51.7443,-9.31424,5.5,10.75,0,0,,2024-May-29,05:47:01
7007,2024-05-29 05:48:01,51.7443,-9.31424,5.5,10.5,0,0,,2024-May-29,05:48:01
7008,2024-05-29 05:49:01,51.7443,-9.31424,5.5,10.75,0,0,,2024-May-29,05:49:01
7009,2024-05-29 05:50:01,51.7443,-9.31424,5.5,10.75,0,0,,2024-May-29,05:50:01
7010,2024-05-29 05:51:01,51.7443,-9.31424,5.5,10.75,0,0,,2024-May-29,05:51:01
7011,2024-05-29 05:52:01,51.7443,-9.31424,5.5,10.75,0,0,,2024-May-29,05:52:01
7012,2024-05-29 05:53:01,51.7443,-9.31424,5.5,10.75,0,0,,2024-May-29,05:53:01
7013,2024-05-29 05:54:01,51.7443,-9.31424,5.5,10.75,0,0,,2024-May-29,05:54:01
7014,2024-05-29 05:55:01,51.7443,-9.31424,5.5,11,0,0,,2024-May-29,05:55:01
7015,2024-05-29 05:56:01,51.7443,-9.31424,5.5,10.75,0,0,,2024-May-29,05:56:01
7016,2024-05-29 05:57:00,51.7443,-9.31424,5.5,10.75,0,0,,2024-May-29,05:57:00
7017,2024-05-29 21:13:59,51.7443,-9.31424,5.7,11.75,0,0,,2024-May-29,21:13:59
7018,2024-05-29 21:14:59,51.7443,-9.31424,5.7,11.75,0,0,,2024-May-29,21:14:59
7019,2024-05-29 21:15:59,51.7443,-9.31424,5.6,12,0,1,,2024-May-29,21:15:59
7020,2024-05-29 21:16:59,51.7443,-9.31424,5.7,12,0,1,,2024-May-29,21:16:59
7021,2024-05-29 21:17:59,51.7443,-9.31424,5.7,12,0,0,,2024-May-29,21:17:59
7022,2024-05-29 21:18:59,51.7443,-9.31424,5.6,12,0,0,,2024-May-29,21:18:59
7023,2024-05-29 21:19:59,51.7443,-9.31424,5.6,12,0,0,,2024-May-29,21:19:59
7024,2024-05-29 21:20:59,51.7443,-9.31424,5.6,12,0,0,,2024-May-29,21:20:59
7025,2024-05-29 21:21:59,51.7443,-9.31424,5.6,12,0,2,,2024-May-29,21:21:59
7026,2024-05-29 21:22:59,51.7443,-9.31424,5.7,12,0,0,,2024-May-29,21:22:59
7027,2024-05-29 21:23:59,51.7443,-9.31424,5.6,12,0,2,,2024-May-29,21:23:59
7028,2024-05-29 21:24:59,51.7443,-9.31424,5.6,12,0,0,,2024-May-29,21:24:59
7029,2024-05-29 21:25:59,51.7443,-9.31424,5.7,12,0,1,,2024-May-29,21:25:59
7030,2024-05-29 21:26:59,51.7443,-9.31424,5.6,12,0,0,,2024-May-29,21:26:59
7031,2024-05-29 21:27:59,51.7443,-9.31424,5.6,12,0,0,,2024-May-29,21:27:59
7032,2024-05-29 21:28:59,51.7443,-9.31424,5.6,12,0,1,,2024-May-29,21:28:59
7033,2024-05-29 21:29:59,51.7443,-9.31424,5.6,12,0,0,,2024-May-29,21:29:59
7034,2024-05-29 21:30:59,51.7443,-9.31424,5.6,12,0,1,,2024-May-29,21:30:59
7035,2024-05-29 21:31:59,51.7443,-9.31424,5.6,12,0,0,,2024-May-29,21:31:59
7036,2024-05-29 21:32:59,51.7443,-9.31424,5.6,12,0,1,,2024-May-29,21:32:59
7037,2024-05-29 21:33:59,51.7443,-9.31424,5.6,12,0,1,,2024-May-29,21:33:59
7038,2024-05-29 21:34:59,51.7443,-9.31424,5.6,12,0,1,,2024-May-29,21:34:59
7039,2024-05-29 21:35:59,51.7443,-9.31424,5.6,11.75,0,0,,2024-May-29,21:35:59
7040,2024-05-29 21:36:59,51.7443,-9.31424,5.6,12,0,0,,2024-May-29,21:36:59
7041,2024-05-29 21:37:59,51.7443,-9.31424,5.6,11.75,0,0,,2024-May-29,21:37:59
7042,2024-05-29 21:38:59,51.7443,-9.31424,5.5,11.75,0,0,,2024-May-29,21:38:59
7043,2024-05-29 21:39:59,51.7443,-9.31424,5.6,12,0,1,,2024-May-29,21:39:59
7044,2024-05-29 21:40:59,51.7443,-9.31424,5.6,12,0,1,,2024-May-29,21:40:59
7045,2024-05-29 21:41:59,51.7443,-9.31424,5.6,12,0,1,,2024-May-29,21:41:59
7046,2024-05-29 21:42:59,51.7443,-9.31424,5.6,12,0,0,,2024-May-29,21:42:59
7047,2024-05-29 21:43:59,51.7443,-9.31424,5.6,11.75,0,0,,2024-May-29,21:43:59
7048,2024-05-29 21:44:59,51.7443,-9.31424,5.6,12,0,0,,2024-May-29,21:44:59
7049,2024-05-29 21:45:59,51.7443,-9.31424,5.6,12,0,0,,2024-May-29,21:45:59
7050,2024-05-29 21:46:59,51.7443,-9.31424,5.6,11.75,0,1,,2024-May-29,21:46:59
7051,2024-05-29 21:47:59,51.7443,-9.31424,5.6,11.75,0,0,,2024-May-29,21:47:59
7052,2024-05-29 21:48:59,51.7443,-9.31424,5.6,12,0,1,,2024-May-29,21:48:59
7053,2024-05-29 21:49:59,51.7443,-9.31424,5.6,12,0,0,,2024-May-29,21:49:59
7054,2024-05-29 21:50:59,51.7443,-9.31424,5.6,11.75,0,0,,2024-May-29,21:50:59
7055,2024-05-29 21:51:59,51.7443,-9.31424,5.6,11.75,0,0,,2024-May-29,21:51:59
7056,2024-05-29 21:52:59,51.7443,-9.31424,5.6,12,0,1,,2024-May-29,21:52:59
7057,2024-05-29 21:53:59,51.7443,-9.31424,5.6,11.75,0,0,,2024-May-29,21:53:59
7058,2024-05-29 21:54:59,51.7443,-9.31424,5.6,11.75,0,0,,2024-May-29,21:54:59
7059,2024-05-29 21:55:59,51.7443,-9.31424,5.6,11.75,0,0,,2024-May-29,21:55:59
7060,2024-05-29 21:56:59,51.7443,-9.31424,5.6,12,0,0,,2024-May-29,21:56:59
7061,2024-05-29 21:57:59,51.7443,-9.31424,5.6,11.75,0,0,,2024-May-29,21:57:59
7062,2024-05-29 21:58:59,51.7443,-9.31424,5.6,11.75,0,0,,2024-May-29,21:58:59
7063,2024-05-29 21:59:59,51.7443,-9.31424,5.6,11.75,0,0,,2024-May-29,21:59:59
7064,2024-05-29 22:00:59,51.7443,-9.31424,5.6,11.75,0,0,,2024-May-29,22:00:59
7065,2024-05-29 22:01:59,51.7443,-9.31424,5.6,11.75,0,0,,2024-May-29,22:01:59
7066,2024-05-29 22:02:59,51.7443,-9.31424,5.6,11.75,0,0,,2024-May-29,22:02:59
7067,2024-05-29 22:03:59,51.7443,-9.31424,5.6,11.75,0,1,,2024-May-29,22:03:59
7068,2024-05-29 22:04:59,51.7443,-9.31424,5.6,11.75,0,0,,2024-May-29,22:04:59
7069,2024-05-29 22:05:59,51.7443,-9.31424,5.6,11.75,0,0,,2024-May-29,22:05:59
7070,2024-05-29 22:06:59,51.7443,-9.31424,5.6,11.75,0,0,,2024-May-29,22:06:59
7071,2024-05-29 22:07:59,51.7443,-9.31424,5.6,11.75,0,0,,2024-May-29,22:07:59
7072,2024-05-29 22:08:59,51.7443,-9.31424,5.6,11.75,0,0,,2024-May-29,22:08:59
7073,2024-05-29 22:09:59,51.7443,-9.31424,5.6,11.75,0,0,,2024-May-29,22:09:59
7074,2024-05-29 22:10:59,51.7443,-9.31424,5.6,11.75,0,0,,2024-May-29,22:10:59
7075,2024-05-29 22:11:59,51.7443,-9.31424,5.6,11.75,0,0,,2024-May-29,22:11:59
7076,2024-05-29 22:12:59,51.7443,-9.31424,5.6,11.75,0,0,,2024-May-29,22:12:59
7077,2024-05-29 22:13:59,51.7443,-9.31424,5.6,11.75,0,0,,2024-May-29,22:13:59
7078,2024-05-29 22:14:59,51.7443,-9.31424,5.6,11.75,0,0,,2024-May-29,22:14:59
7079,2024-05-29 22:15:59,51.7443,-9.31424,5.6,11.75,0,0,,2024-May-29,22:15:59
7080,2024-05-29 22:16:59,51.7443,-9.31424,5.6,11.75,0,0,,2024-May-29,22:16:59
7081,2024-05-29 22:17:59,51.7443,-9.31424,5.6,11.75,0,0,,2024-May-29,22:17:59
7082,2024-05-29 22:18:59,51.7443,-9.31424,5.6,11.75,0,0,,2024-May-29,22:18:59
7083,2024-05-29 22:19:59,51.7443,-9.31424,5.6,11.75,0,0,,2024-May-29,22:19:59
7084,2024-05-29 22:20:59,51.7443,-9.31424,5.6,11.75,0,0,,2024-May-29,22:20:59
7085,2024-05-29 22:21:59,51.7443,-9.31424,5.6,11.5,0,0,,2024-May-29,22:21:59
7086,2024-05-29 22:22:59,51.7443,-9.31424,5.6,11.75,0,0,,2024-May-29,22:22:59
7087,2024-05-29 22:23:59,51.7443,-9.31424,5.6,11.75,0,0,,2024-May-29,22:23:59
7088,2024-05-29 22:24:59,51.7443,-9.31424,5.6,11.75,0,0,,2024-May-29,22:24:59
7089,2024-05-29 22:25:59,51.7443,-9.31424,5.6,11.75,0,0,,2024-May-29,22:25:59
7090,2024-05-29 22:26:59,51.7443,-9.31424,5.6,11.5,0,0,,2024-May-29,22:26:59
7091,2024-05-29 22:27:59,51.7443,-9.31424,5.6,11.5,0,0,,2024-May-29,22:27:59
7092,2024-05-29 22:28:59,51.7443,-9.31424,5.6,11.75,0,0,,2024-May-29,22:28:59
7093,2024-05-29 22:29:59,51.7443,-9.31424,5.6,11.75,0,0,,2024-May-29,22:29:59
7094,2024-05-29 22:30:59,51.7443,-9.31424,5.6,11.75,0,1,,2024-May-29,22:30:59
7095,2024-05-29 22:31:59,51.7443,-9.31424,5.6,11.75,1,0,,2024-May-29,22:31:59
7096,2024-05-29 22:32:59,51.7443,-9.31424,5.6,11.75,0,0,,2024-May-29,22:32:59
7097,2024-05-29 22:33:59,51.7443,-9.31424,5.6,11.75,0,0,,2024-May-29,22:33:59
7098,2024-05-29 22:34:59,51.7443,-9.31424,5.6,11.75,0,1,,2024-May-29,22:34:59
7099,2024-05-29 22:35:59,51.7443,-9.31424,5.6,11.5,0,0,,2024-May-29,22:35:59
7100,2024-05-29 22:36:59,51.7443,-9.31424,5.6,11.5,0,0,,2024-May-29,22:36:59
7101,2024-05-29 22:37:59,51.7443,-9.31424,5.6,11.5,0,0,,2024-May-29,22:37:59
7102,2024-05-29 22:38:59,51.7443,-9.31424,5.5,11.5,0,0,,2024-May-29,22:38:59
7103,2024-05-29 22:39:59,51.7443,-9.31424,5.6,11.5,1,0,,2024-May-29,22:39:59
7104,2024-05-29 22:40:59,51.7443,-9.31424,5.6,11.5,0,0,,2024-May-29,22:40:59
7105,2024-05-29 22:41:59,51.7443,-9.31424,5.6,11.5,0,0,,2024-May-29,22:41:59
7106,2024-05-29 22:42:59,51.7443,-9.31424,5.6,11.75,0,0,,2024-May-29,22:42:59
7107,2024-05-29 22:43:59,51.7443,-9.31424,5.6,11.5,0,0,,2024-May-29,22:43:59
7108,2024-05-29 22:44:59,51.7443,-9.31424,5.6,11.5,0,1,,2024-May-29,22:44:59
7109,2024-05-29 22:45:59,51.7443,-9.31424,5.6,11.5,0,0,,2024-May-29,22:45:59
7110,2024-05-29 22:46:59,51.7443,-9.31424,5.6,11.75,0,0,,2024-May-29,22:46:59
7111,2024-05-29 22:47:59,51.7443,-9.31424,5.6,11.5,1,0,,2024-May-29,22:47:59
7112,2024-05-29 22:48:59,51.7443,-9.31424,5.6,11.75,0,1,,2024-May-29,22:48:59
7113,2024-05-29 22:49:59,51.7443,-9.31424,5.6,11.75,0,0,,2024-May-29,22:49:59
7114,2024-05-29 22:50:59,51.7443,-9.31424,5.6,11.75,0,0,,2024-May-29,22:50:59
7115,2024-05-29 22:51:59,51.7443,-9.31424,5.6,11.75,0,1,,2024-May-29,22:51:59
7116,2024-05-29 22:52:59,51.7443,-9.31424,5.5,11.5,1,0,,2024-May-29,22:52:59
7117,2024-05-29 22:53:59,51.7443,-9.31424,5.6,11.75,2,0,,2024-May-29,22:53:59
7118,2024-05-29 22:54:59,51.7443,-9.31424,5.6,11.5,0,0,,2024-May-29,22:54:59
7119,2024-05-29 22:55:59,51.7443,-9.31424,5.6,11.75,0,0,,2024-May-29,22:55:59
7120,2024-05-29 22:56:59,51.7443,-9.31424,5.6,11.75,0,0,,2024-May-29,22:56:59
7121,2024-05-29 22:57:59,51.7443,-9.31424,5.6,11.5,0,0,,2024-May-29,22:57:59
7122,2024-05-29 22:58:59,51.7443,-9.31424,5.6,11.5,0,0,,2024-May-29,22:58:59
7123,2024-05-29 22:59:59,51.7443,-9.31424,5.6,11.5,0,0,,2024-May-29,22:59:59
7124,2024-05-29 23:00:59,51.7443,-9.31424,5.6,11.5,1,0,,2024-May-29,23:00:59
7125,2024-05-29 23:01:59,51.7443,-9.31424,5.6,11.5,0,0,,2024-May-29,23:01:59
7126,2024-05-29 23:02:59,51.7443,-9.31424,5.6,11.75,1,0,,2024-May-29,23:02:59
7127,2024-05-29 23:03:59,51.7443,-9.31424,5.6,11.75,3,0,,2024-May-29,23:03:59
7128,2024-05-29 23:04:59,51.7443,-9.31424,5.6,11.5,1,0,,2024-May-29,23:04:59
7129,2024-05-29 23:05:59,51.7443,-9.31424,5.6,11.5,2,0,,2024-May-29,23:05:59
7130,2024-05-29 23:06:59,51.7443,-9.31424,5.6,11.75,2,0,,2024-May-29,23:06:59
7131,2024-05-29 23:07:59,51.7443,-9.31424,5.6,11.5,3,0,,2024-May-29,23:07:59
7132,2024-05-29 23:08:59,51.7443,-9.31424,5.5,11.75,2,1,,2024-May-29,23:08:59
7133,2024-05-29 23:09:59,51.7443,-9.31424,5.6,11.75,3,0,,2024-May-29,23:09:59
7134,2024-05-29 23:10:59,51.7443,-9.31424,5.5,11.75,3,0,,2024-May-29,23:10:59
7135,2024-05-29 23:11:59,51.7443,-9.31424,5.5,11.75,3,0,,2024-May-29,23:11:59
7136,2024-05-29 23:12:59,51.7443,-9.31424,5.5,11.75,4,0,,2024-May-29,23:12:59
7137,2024-05-29 23:13:59,51.7443,-9.31424,5.6,11.75,4,0,,2024-May-29,23:13:59
7138,2024-05-29 23:14:59,51.7443,-9.31424,5.6,11.75,3,1,,2024-May-29,23:14:59
7139,2024-05-29 23:15:59,51.7443,-9.31424,5.5,11.75,3,0,,2024-May-29,23:15:59
7140,2024-05-29 23:16:59,51.7443,-9.31424,5.5,11.75,3,0,,2024-May-29,23:16:59
7141,2024-05-29 23:17:59,51.7443,-9.31424,5.6,11.75,2,0,,2024-May-29,23:17:59
7142,2024-05-29 23:18:59,51.7443,-9.31424,5.5,11.75,1,1,,2024-May-29,23:18:59
7143,2024-05-29 23:19:59,51.7443,-9.31424,5.6,11.75,3,1,,2024-May-29,23:19:59
7144,2024-05-29 23:20:59,51.7443,-9.31424,5.5,11.75,2,1,,2024-May-29,23:20:59
7145,2024-05-29 23:21:59,51.7443,-9.31424,5.6,11.75,1,2,,2024-May-29,23:21:59
7146,2024-05-29 23:22:59,51.7443,-9.31424,5.6,11.75,1,0,,2024-May-29,23:22:59
7147,2024-05-29 23:23:59,51.7443,-9.31424,5.5,11.75,2,1,,2024-May-29,23:23:59
7148,2024-05-29 23:24:59,51.7443,-9.31424,5.6,11.75,0,0,,2024-May-29,23:24:59
7149,2024-05-29 23:25:59,51.7443,-9.31424,5.6,11.75,1,0,,2024-May-29,23:25:59
7150,2024-05-29 23:26:59,51.7443,-9.31424,5.6,11.75,1,0,,2024-May-29,23:26:59
7151,2024-05-29 23:27:59,51.7443,-9.31424,5.6,11.75,1,0,,2024-May-29,23:27:59
7152,2024-05-29 23:28:59,51.7443,-9.31424,5.6,11.75,2,2,,2024-May-29,23:28:59
7153,2024-05-29 23:29:59,51.7443,-9.31424,5.5,11.75,4,0,,2024-May-29,23:29:59
7154,2024-05-29 23:30:59,51.7443,-9.31424,5.5,11.75,1,0,,2024-May-29,23:30:59
7155,2024-05-29 23:31:59,51.7443,-9.31424,5.6,11.75,2,0,,2024-May-29,23:31:59
7156,2024-05-29 23:32:59,51.7443,-9.31424,5.5,11.75,2,0,,2024-May-29,23:32:59
7157,2024-05-29 23:33:59,51.7443,-9.31424,5.6,11.75,1,0,,2024-May-29,23:33:59
7158,2024-05-29 23:34:59,51.7443,-9.31424,5.6,11.75,2,0,,2024-May-29,23:34:59
7159,2024-05-29 23:35:59,51.7443,-9.31424,5.6,11.75,0,0,,2024-May-29,23:35:59
7160,2024-05-29 23:36:59,51.7443,-9.31424,5.6,11.5,3,0,,2024-May-29,23:36:59
7161,2024-05-29 23:37:59,51.7443,-9.31424,5.6,11.75,2,0,,2024-May-29,23:37:59
7162,2024-05-29 23:38:59,51.7443,-9.31424,5.6,11.75,0,0,,2024-May-29,23:38:59
7163,2024-05-29 23:39:59,51.7443,-9.31424,5.6,11.5,1,1,,2024-May-29,23:39:59
7164,2024-05-29 23:40:59,51.7443,-9.31424,5.6,11.75,0,0,,2024-May-29,23:40:59
7165,2024-05-29 23:41:59,51.7443,-9.31424,5.6,11.5,1,0,,2024-May-29,23:41:59
7166,2024-05-29 23:42:59,51.7443,-9.31424,5.6,11.5,0,0,,2024-May-29,23:42:59
7167,2024-05-29 23:43:59,51.7443,-9.31424,5.6,11.5,0,0,,2024-May-29,23:43:59
7168,2024-05-29 23:44:59,51.7443,-9.31424,5.6,11.5,2,0,,2024-May-29,23:44:59
7169,2024-05-29 23:45:59,51.7443,-9.31424,5.6,11.75,1,0,,2024-May-29,23:45:59
7170,2024-05-29 23:46:59,51.7443,-9.31424,5.6,11.5,2,0,,2024-May-29,23:46:59
7171,2024-05-29 23:47:59,51.7443,-9.31424,5.6,11.75,2,1,,2024-May-29,23:47:59
7172,2024-05-29 23:48:59,51.7443,-9.31424,5.6,11.5,0,1,,2024-May-29,23:48:59
7173,2024-05-29 23:49:59,51.7443,-9.31424,5.6,11.75,0,0,,2024-May-29,23:49:59
7174,2024-05-29 23:50:59,51.7443,-9.31424,5.5,11.5,1,0,,2024-May-29,23:50:59
7175,2024-05-29 23:51:59,51.7443,-9.31424,5.6,11.5,3,0,,2024-May-29,23:51:59
7176,2024-05-29 23:52:59,51.7443,-9.31424,5.6,11.5,0,0,,2024-May-29,23:52:59
7177,2024-05-29 23:53:59,51.7443,-9.31424,5.5,11.5,0,0,,2024-May-29,23:53:59
7178,2024-05-29 23:54:59,51.7443,-9.31424,5.6,11.5,0,0,,2024-May-29,23:54:59
7179,2024-05-29 23:55:59,51.7443,-9.31424,5.6,11.5,0,0,,2024-May-29,23:55:59
7180,2024-05-29 23:56:59,51.7443,-9.31424,5.6,11.5,0,0,,2024-May-29,23:56:59
7181,2024-05-29 23:57:59,51.7443,-9.31424,5.6,11.5,0,0,,2024-May-29,23:57:59
7182,2024-05-29 23:58:59,51.7443,-9.31424,5.6,11.5,0,0,,2024-May-29,23:58:59
7183,2024-05-29 23:59:59,51.7443,-9.31424,5.6,11.5,0,0,,2024-May-29,23:59:59
7184,2024-05-30 00:00:59,51.7443,-9.31424,5.6,11.5,0,0,,2024-May-30,00:00:59
7185,2024-05-30 00:01:59,51.7443,-9.31424,5.5,11.5,1,0,,2024-May-30,00:01:59
7186,2024-05-30 00:02:59,51.7443,-9.31424,5.6,11.5,0,1,,2024-May-30,00:02:59
7187,2024-05-30 00:03:59,51.7443,-9.31424,5.6,11.5,0,0,,2024-May-30,00:03:59
7188,2024-05-30 00:04:59,51.7443,-9.31424,5.6,11.5,0,0,,2024-May-30,00:04:59
7189,2024-05-30 00:05:59,51.7443,-9.31424,5.6,11.5,0,0,,2024-May-30,00:05:59
7190,2024-05-30 00:06:59,51.7443,-9.31424,5.6,11.5,1,0,,2024-May-30,00:06:59
7191,2024-05-30 00:07:59,51.7443,-9.31424,5.6,11.5,0,0,,2024-May-30,00:07:59
7192,2024-05-30 00:08:59,51.7443,-9.31424,5.6,11.5,3,0,,2024-May-30,00:08:59
7193,2024-05-30 00:09:59,51.7443,-9.31424,5.6,11.25,0,0,,2024-May-30,00:09:59
7194,2024-05-30 00:10:59,51.7443,-9.31424,5.6,11.5,0,0,,2024-May-30,00:10:59
7195,2024-05-30 00:11:59,51.7443,-9.31424,5.6,11.5,0,0,,2024-May-30,00:11:59
7196,2024-05-30 00:12:59,51.7443,-9.31424,5.6,11.5,0,0,,2024-May-30,00:12:59
7197,2024-05-30 00:13:59,51.7443,-9.31424,5.6,11.5,0,0,,2024-May-30,00:13:59
7198,2024-05-30 00:14:59,51.7443,-9.31424,5.6,11.5,0,0,,2024-May-30,00:14:59
7199,2024-05-30 00:15:59,51.7443,-9.31424,5.6,11.5,1,0,,2024-May-30,00:15:59
7200,2024-05-30 00:16:59,51.7443,-9.31424,5.6,11.5,1,0,,2024-May-30,00:16:59
7201,2024-05-30 00:17:59,51.7443,-9.31424,5.6,11.5,0,0,,2024-May-30,00:17:59
7202,2024-05-30 00:18:59,51.7443,-9.31424,5.6,11.5,0,0,,2024-May-30,00:18:59
7203,2024-05-30 00:19:59,51.7443,-9.31424,5.6,11.5,1,0,,2024-May-30,00:19:59
7204,2024-05-30 00:20:59,51.7443,-9.31424,5.6,11.5,0,0,,2024-May-30,00:20:59
7205,2024-05-30 00:21:59,51.7443,-9.31424,5.6,11.25,1,0,,2024-May-30,00:21:59
7206,2024-05-30 00:22:59,51.7443,-9.31424,5.6,11.5,2,0,,2024-May-30,00:22:59
7207,2024-05-30 00:23:59,51.7443,-9.31424,5.6,11.5,1,0,,2024-May-30,00:23:59
7208,2024-05-30 00:24:59,51.7443,-9.31424,5.6,11.5,0,0,,2024-May-30,00:24:59
7209,2024-05-30 00:25:59,51.7443,-9.31424,5.6,11.5,0,1,,2024-May-30,00:25:59
7210,2024-05-30 00:26:59,51.7443,-9.31424,5.6,11.25,1,0,,2024-May-30,00:26:59
7211,2024-05-30 00:27:59,51.7443,-9.31424,5.6,11.25,0,0,,2024-May-30,00:27:59
7212,2024-05-30 00:28:59,51.7443,-9.31424,5.5,11.25,1,0,,2024-May-30,00:28:59
7213,2024-05-30 00:29:59,51.7443,-9.31424,5.5,11.25,0,0,,2024-May-30,00:29:59
7214,2024-05-30 00:30:59,51.7443,-9.31424,5.6,11.25,0,0,,2024-May-30,00:30:59
7215,2024-05-30 00:31:59,51.7443,-9.31424,5.6,11.25,0,0,,2024-May-30,00:31:59
7216,2024-05-30 00:32:59,51.7443,-9.31424,5.5,11.5,0,0,,2024-May-30,00:32:59
7217,2024-05-30 00:33:59,51.7443,-9.31424,5.6,11.25,1,0,,2024-May-30,00:33:59
7218,2024-05-30 00:34:59,51.7443,-9.31424,5.6,11.5,0,0,,2024-May-30,00:34:59
7219,2024-05-30 00:35:59,51.7443,-9.31424,5.6,11.25,0,1,,2024-May-30,00:35:59
7220,2024-05-30 00:36:59,51.7443,-9.31424,5.6,11.5,1,0,,2024-May-30,00:36:59
7221,2024-05-30 00:37:59,51.7443,-9.31424,5.5,11.25,0,1,,2024-May-30,00:37:59
7222,2024-05-30 00:38:59,51.7443,-9.31424,5.6,11.5,0,0,,2024-May-30,00:38:59
7223,2024-05-30 00:39:59,51.7443,-9.31424,5.5,11.25,0,0,,2024-May-30,00:39:59
7224,2024-05-30 00:40:59,51.7443,-9.31424,5.5,11.5,0,3,,2024-May-30,00:40:59
7225,2024-05-30 00:41:59,51.7443,-9.31424,5.5,11.25,2,0,,2024-May-30,00:41:59
7226,2024-05-30 00:42:59,51.7443,-9.31424,5.5,11.5,1,0,,2024-May-30,00:42:59
7227,2024-05-30 00:43:59,51.7443,-9.31424,5.5,11.5,0,0,,2024-May-30,00:43:59
7228,2024-05-30 00:44:59,51.7443,-9.31424,5.5,11.5,0,2,,2024-May-30,00:44:59
7229,2024-05-30 00:45:59,51.7443,-9.31424,5.5,11.25,0,0,,2024-May-30,00:45:59
7230,2024-05-30 00:46:59,51.7443,-9.31424,5.5,11.5,0,0,,2024-May-30,00:46:59
7231,2024-05-30 00:47:59,51.7443,-9.31424,5.5,11.5,0,0,,2024-May-30,00:47:59
7232,2024-05-30 00:48:59,51.7443,-9.31424,5.6,11.25,0,0,,2024-May-30,00:48:59
7233,2024-05-30 00:49:59,51.7443,-9.31424,5.6,11.25,0,0,,2024-May-30,00:49:59
7234,2024-05-30 00:50:59,51.7443,-9.31424,5.5,11.25,0,0,,2024-May-30,00:50:59
7235,2024-05-30 00:51:59,51.7443,-9.31424,5.5,11.25,1,0,,2024-May-30,00:51:59
7236,2024-05-30 00:52:59,51.7443,-9.31424,5.5,11.25,0,0,,2024-May-30,00:52:59
7237,2024-05-30 00:53:59,51.7443,-9.31424,5.5,11.25,0,0,,2024-May-30,00:53:59
7238,2024-05-30 00:54:59,51.7443,-9.31424,5.5,11.5,0,0,,2024-May-30,00:54:59
7239,2024-05-30 00:55:59,51.7443,-9.31424,5.5,11.25,0,0,,2024-May-30,00:55:59
7240,2024-05-30 00:56:59,51.7443,-9.31424,5.5,11.25,0,0,,2024-May-30,00:56:59
7241,2024-05-30 00:57:59,51.7443,-9.31424,5.5,11.5,0,1,,2024-May-30,00:57:59
7242,2024-05-30 00:58:59,51.7443,-9.31424,5.5,11.5,0,0,,2024-May-30,00:58:59
7243,2024-05-30 00:59:59,51.7443,-9.31424,5.5,11.5,0,1,,2024-May-30,00:59:59
7244,2024-05-30 01:00:59,51.7443,-9.31424,5.5,11.5,0,3,,2024-May-30,01:00:59
7245,2024-05-30 01:01:59,51.7443,-9.31424,5.5,11.5,0,1,,2024-May-30,01:01:59
7246,2024-05-30 01:02:59,51.7443,-9.31424,5.5,11.25,1,3,,2024-May-30,01:02:59
7247,2024-05-30 01:03:59,51.7443,-9.31424,5.5,11.25,0,4,,2024-May-30,01:03:59
7248,2024-05-30 01:04:59,51.7443,-9.31424,5.5,11.25,0,7,,2024-May-30,01:04:59
7249,2024-05-30 01:05:59,51.7443,-9.31424,5.5,11.25,0,6,,2024-May-30,01:05:59
7250,2024-05-30 01:06:59,51.7443,-9.31424,5.5,11.5,0,5,,2024-May-30,01:06:59
7251,2024-05-30 01:07:59,51.7443,-9.31424,5.5,11.25,0,4,,2024-May-30,01:07:59
7252,2024-05-30 01:08:59,51.7443,-9.31424,5.5,11.5,0,4,,2024-May-30,01:08:59
7253,2024-05-30 01:09:59,51.7443,-9.31424,5.5,11.25,0,3,,2024-May-30,01:09:59
7254,2024-05-30 01:10:59,51.7443,-9.31424,5.5,11.5,0,8,,2024-May-30,01:10:59
7255,2024-05-30 01:11:59,51.7443,-9.31424,5.5,11.25,1,5,,2024-May-30,01:11:59
7256,2024-05-30 01:12:59,51.7443,-9.31424,5.5,11.25,0,3,,2024-May-30,01:12:59
7257,2024-05-30 01:13:59,51.7443,-9.31424,5.5,11.5,0,1,,2024-May-30,01:13:59
7258,2024-05-30 01:14:59,51.7443,-9.31424,5.5,11.25,0,0,,2024-May-30,01:14:59
7259,2024-05-30 01:15:59,51.7443,-9.31424,5.5,11.25,0,1,,2024-May-30,01:15:59
7260,2024-05-30 01:16:59,51.7443,-9.31424,5.5,11.5,0,0,,2024-May-30,01:16:59
7261,2024-05-30 01:17:59,51.7443,-9.31424,5.5,11.25,0,0,,2024-May-30,01:17:59
7262,2024-05-30 01:18:59,51.7443,-9.31424,5.5,11.5,1,1,,2024-May-30,01:18:59
7263,2024-05-30 01:19:59,51.7443,-9.31424,5.5,11.25,0,1,,2024-May-30,01:19:59
7264,2024-05-30 01:20:59,51.7443,-9.31424,5.5,11.25,0,0,,2024-May-30,01:20:59
7265,2024-05-30 01:21:59,51.7443,-9.31424,5.5,11.25,0,1,,2024-May-30,01:21:59
7266,2024-05-30 01:22:59,51.7443,-9.31424,5.5,11.25,0,0,,2024-May-30,01:22:59
7267,2024-05-30 01:23:59,51.7443,-9.31424,5.5,11,0,0,,2024-May-30,01:23:59
7268,2024-05-30 01:24:59,51.7443,-9.31424,5.5,11.25,0,0,,2024-May-30,01:24:59
7269,2024-05-30 01:25:59,51.7443,-9.31424,5.5,11.25,0,0,,2024-May-30,01:25:59
7270,2024-05-30 01:26:59,51.7443,-9.31424,5.5,11.25,0,0,,2024-May-30,01:26:59
7271,2024-05-30 01:27:59,51.7443,-9.31424,5.5,11.25,0,0,,2024-May-30,01:27:59
7272,2024-05-30 01:28:59,51.7443,-9.31424,5.5,11.25,0,0,,2024-May-30,01:28:59
7273,2024-05-30 01:29:59,51.7443,-9.31424,5.5,11,0,2,,2024-May-30,01:29:59
7274,2024-05-30 01:30:59,51.7443,-9.31424,5.5,11,0,1,,2024-May-30,01:30:59
7275,2024-05-30 01:31:59,51.7443,-9.31424,5.5,11,0,1,,2024-May-30,01:31:59
7276,2024-05-30 01:32:59,51.7443,-9.31424,5.5,11,0,0,,2024-May-30,01:32:59
7277,2024-05-30 01:33:59,51.7443,-9.31424,5.5,11,0,2,,2024-May-30,01:33:59
7278,2024-05-30 01:34:59,51.7443,-9.31424,5.5,11,1,2,,2024-May-30,01:34:59
7279,2024-05-30 01:35:59,51.7443,-9.31424,5.5,11,0,3,,2024-May-30,01:35:59
7280,2024-05-30 01:36:59,51.7443,-9.31424,5.5,11,0,2,,2024-May-30,01:36:59
7281,2024-05-30 01:37:59,51.7443,-9.31424,5.5,11,0,1,,2024-May-30,01:37:59
7282,2024-05-30 01:38:59,51.7443,-9.31424,5.5,11,0,0,,2024-May-30,01:38:59
7283,2024-05-30 01:39:59,51.7443,-9.31424,5.5,11,0,2,,2024-May-30,01:39:59
7284,2024-05-30 01:40:59,51.7443,-9.31424,5.5,11,0,1,,2024-May-30,01:40:59
7285,2024-05-30 01:41:59,51.7443,-9.31424,5.5,11,0,4,,2024-May-30,01:41:59
7286,2024-05-30 01:42:59,51.7443,-9.31424,5.5,11,0,5,,2024-May-30,01:42:59
7287,2024-05-30 01:43:59,51.7443,-9.31424,5.4,11,1,8,,2024-May-30,01:43:59
7288,2024-05-30 01:44:59,51.7443,-9.31424,5.4,11,0,9,,2024-May-30,01:44:59
7289,2024-05-30 01:45:59,51.7443,-9.31424,5.4,11,0,9,,2024-May-30,01:45:59
7290,2024-05-30 01:46:59,51.7443,-9.31424,5.5,11,0,10,,2024-May-30,01:46:59
7291,2024-05-30 01:47:59,51.7443,-9.31424,5.5,11,0,6,,2024-May-30,01:47:59
7292,2024-05-30 01:48:59,51.7443,-9.31424,5.5,11,0,6,,2024-May-30,01:48:59
7293,2024-05-30 01:49:59,51.7443,-9.31424,5.5,11,0,5,,2024-May-30,01:49:59
7294,2024-05-30 01:50:59,51.7443,-9.31424,5.5,11,0,0,,2024-May-30,01:50:59
7295,2024-05-30 01:51:59,51.7443,-9.31424,5.5,11,0,0,,2024-May-30,01:51:59
7296,2024-05-30 01:52:59,51.7443,-9.31424,5.5,11,0,0,,2024-May-30,01:52:59
7297,2024-05-30 01:53:59,51.7443,-9.31424,5.5,11,0,0,,2024-May-30,01:53:59
7298,2024-05-30 01:54:59,51.7443,-9.31424,5.5,10.75,0,0,,2024-May-30,01:54:59
7299,2024-05-30 01:55:59,51.7443,-9.31424,5.5,11,0,0,,2024-May-30,01:55:59
7300,2024-05-30 01:56:59,51.7443,-9.31424,5.5,11,0,0,,2024-May-30,01:56:59
7301,2024-05-30 01:57:59,51.7443,-9.31424,5.5,10.75,0,0,,2024-May-30,01:57:59
7302,2024-05-30 01:58:59,51.7443,-9.31424,5.4,10.75,0,3,,2024-May-30,01:58:59
7303,2024-05-30 01:59:59,51.7443,-9.31424,5.5,10.75,0,7,,2024-May-30,01:59:59
7304,2024-05-30 02:00:59,51.7443,-9.31424,5.5,10.75,0,0,,2024-May-30,02:00:59
7305,2024-05-30 02:01:59,51.7443,-9.31424,5.5,11,0,3,,2024-May-30,02:01:59
7306,2024-05-30 02:02:59,51.7443,-9.31424,5.5,10.75,0,4,,2024-May-30,02:02:59
7307,2024-05-30 02:03:59,51.7443,-9.31424,5.5,10.75,0,1,,2024-May-30,02:03:59
7308,2024-05-30 02:04:59,51.7443,-9.31424,5.5,10.75,0,2,,2024-May-30,02:04:59
7309,2024-05-30 02:05:59,51.7443,-9.31424,5.5,10.75,0,3,,2024-May-30,02:05:59
7310,2024-05-30 02:06:59,51.7443,-9.31424,5.5,10.75,0,1,,2024-May-30,02:06:59
7311,2024-05-30 02:07:59,51.7443,-9.31424,5.5,10.75,0,0,,2024-May-30,02:07:59
7312,2024-05-30 02:08:59,51.7443,-9.31424,5.5,10.75,0,0,,2024-May-30,02:08:59
7313,2024-05-30 02:09:59,51.7443,-9.31424,5.5,10.75,0,0,,2024-May-30,02:09:59
7314,2024-05-30 02:10:59,51.7443,-9.31424,5.5,10.75,0,0,,2024-May-30,02:10:59
7315,2024-05-30 02:11:59,51.7443,-9.31424,5.5,10.75,0,0,,2024-May-30,02:11:59
7316,2024-05-30 02:12:59,51.7443,-9.31424,5.5,10.5,0,0,,2024-May-30,02:12:59
7317,2024-05-30 02:13:59,51.7443,-9.31424,5.5,10.5,0,0,,2024-May-30,02:13:59
7318,2024-05-30 02:14:59,51.7443,-9.31424,5.5,10.75,0,0,,2024-May-30,02:14:59
7319,2024-05-30 02:15:59,51.7443,-9.31424,5.5,10.75,0,0,,2024-May-30,02:15:59
7320,2024-05-30 02:16:59,51.7443,-9.31424,5.5,10.5,0,0,,2024-May-30,02:16:59
7321,2024-05-30 02:17:59,51.7443,-9.31424,5.5,10.75,0,0,,2024-May-30,02:17:59
7322,2024-05-30 02:18:59,51.7443,-9.31424,5.5,10.75,0,0,,2024-May-30,02:18:59
7323,2024-05-30 02:19:59,51.7443,-9.31424,5.5,10.75,0,0,,2024-May-30,02:19:59
7324,2024-05-30 02:20:59,51.7443,-9.31424,5.5,10.75,0,0,,2024-May-30,02:20:59
7325,2024-05-30 02:21:59,51.7443,-9.31424,5.5,10.5,0,0,,2024-May-30,02:21:59
7326,2024-05-30 02:22:59,51.7443,-9.31424,5.5,10.5,0,0,,2024-May-30,02:22:59
7327,2024-05-30 02:23:59,51.7443,-9.31424,5.5,10.75,0,0,,2024-May-30,02:23:59
7328,2024-05-30 02:24:59,51.7443,-9.31424,5.5,10.75,0,0,,2024-May-30,02:24:59
7329,2024-05-30 02:25:59,51.7443,-9.31424,5.5,10.5,0,0,,2024-May-30,02:25:59
7330,2024-05-30 02:27:01,51.7443,-9.31424,5.5,10.5,0,1,,2024-May-30,02:27:01
7331,2024-05-30 02:28:01,51.7443,-9.31424,5.5,10.5,0,0,,2024-May-30,02:28:01
7332,2024-05-30 02:29:01,51.7443,-9.31424,5.5,10.5,0,0,,2024-May-30,02:29:01
7333,2024-05-30 02:30:01,51.7443,-9.31424,5.5,10.5,0,0,,2024-May-30,02:30:01
7334,2024-05-30 02:31:01,51.7443,-9.31424,5.5,10.5,0,0,,2024-May-30,02:31:01
7335,2024-05-30 02:32:01,51.7443,-9.31424,5.5,10.5,0,0,,2024-May-30,02:32:01
7336,2024-05-30 02:33:01,51.7443,-9.31424,5.5,10.5,0,0,,2024-May-30,02:33:01
7337,2024-05-30 02:34:01,51.7443,-9.31424,5.5,10.5,0,0,,2024-May-30,02:34:01
7338,2024-05-30 02:35:01,51.7443,-9.31424,5.5,10.5,0,0,,2024-May-30,02:35:01
7339,2024-05-30 02:36:01,51.7443,-9.31424,5.5,10.5,0,0,,2024-May-30,02:36:01
7340,2024-05-30 02:37:01,51.7443,-9.31424,5.5,10.25,0,0,,2024-May-30,02:37:01
7341,2024-05-30 02:38:01,51.7443,-9.31424,5.5,10.25,0,0,,2024-May-30,02:38:01
7342,2024-05-30 02:39:01,51.7443,-9.31424,5.5,10.5,0,0,,2024-May-30,02:39:01
7343,2024-05-30 02:40:01,51.7443,-9.31424,5.5,10.5,0,0,,2024-May-30,02:40:01
7344,2024-05-30 02:41:01,51.7443,-9.31424,5.5,10.25,0,0,,2024-May-30,02:41:01
7345,2024-05-30 02:42:01,51.7443,-9.31424,5.5,10.5,0,0,,2024-May-30,02:42:01
7346,2024-05-30 02:43:01,51.7443,-9.31424,5.5,10.25,0,0,,2024-May-30,02:43:01
7347,2024-05-30 02:44:01,51.7443,-9.31424,5.5,10.25,0,0,,2024-May-30,02:44:01
7348,2024-05-30 02:45:01,51.7443,-9.31424,5.5,10.25,0,0,,2024-May-30,02:45:01
7349,2024-05-30 02:46:01,51.7443,-9.31424,5.5,10.25,0,1,,2024-May-30,02:46:01
7350,2024-05-30 02:47:01,51.7443,-9.31424,5.5,10.5,0,0,,2024-May-30,02:47:01
7351,2024-05-30 02:48:01,51.7443,-9.31424,5.5,10.25,0,0,,2024-May-30,02:48:01
7352,2024-05-30 02:49:01,51.7443,-9.31424,5.5,10.5,0,0,,2024-May-30,02:49:01
7353,2024-05-30 02:50:01,51.7443,-9.31424,5.5,10.25,0,0,,2024-May-30,02:50:01
7354,2024-05-30 02:51:01,51.7443,-9.31424,5.5,10.25,0,0,,2024-May-30,02:51:01
7355,2024-05-30 02:52:01,51.7443,-9.31424,5.5,10.25,0,0,,2024-May-30,02:52:01
7356,2024-05-30 02:53:01,51.7443,-9.31424,5.5,10.25,0,0,,2024-May-30,02:53:01
7357,2024-05-30 02:54:01,51.7443,-9.31424,5.5,10.5,0,0,,2024-May-30,02:54:01
7358,2024-05-30 02:55:01,51.7443,-9.31424,5.5,10.25,0,0,,2024-May-30,02:55:01
7359,2024-05-30 02:56:01,51.7443,-9.31424,5.5,10.5,0,0,,2024-May-30,02:56:01
7360,2024-05-30 02:57:01,51.7443,-9.31424,5.5,10.25,0,0,,2024-May-30,02:57:01
7361,2024-05-30 02:58:01,51.7443,-9.31424,5.5,10.5,0,0,,2024-May-30,02:58:01
7362,2024-05-30 02:59:01,51.7443,-9.31424,5.5,10.25,0,0,,2024-May-30,02:59:01
7363,2024-05-30 03:00:01,51.7443,-9.31424,5.5,10.25,0,0,,2024-May-30,03:00:01
7364,2024-05-30 03:01:01,51.7443,-9.31424,5.5,10.25,0,0,,2024-May-30,03:01:01
7365,2024-05-30 03:02:01,51.7443,-9.31424,5.5,10.25,0,0,,2024-May-30,03:02:01
7366,2024-05-30 03:03:01,51.7443,-9.31424,5.5,10.25,0,1,,2024-May-30,03:03:01
7367,2024-05-30 03:04:01,51.7443,-9.31424,5.5,10.25,0,3,,2024-May-30,03:04:01
7368,2024-05-30 03:05:01,51.7443,-9.31424,5.5,10.25,0,1,,2024-May-30,03:05:01
7369,2024-05-30 03:06:01,51.7443,-9.31424,5.5,10.25,0,0,,2024-May-30,03:06:01
7370,2024-05-30 03:07:01,51.7443,-9.31424,5.5,10.25,0,0,,2024-May-30,03:07:01
7371,2024-05-30 03:08:01,51.7443,-9.31424,5.5,10.25,0,1,,2024-May-30,03:08:01
7372,2024-05-30 03:09:01,51.7443,-9.31424,5.5,10.25,0,0,,2024-May-30,03:09:01
7373,2024-05-30 03:10:01,51.7443,-9.31424,5.5,10.25,0,0,,2024-May-30,03:10:01
7374,2024-05-30 03:11:01,51.7443,-9.31424,5.5,10.25,0,0,,2024-May-30,03:11:01
7375,2024-05-30 03:12:01,51.7443,-9.31424,5.5,10.25,0,0,,2024-May-30,03:12:01
7376,2024-05-30 03:13:01,51.7443,-9.31424,5.5,10.25,0,1,,2024-May-30,03:13:01
7377,2024-05-30 03:14:01,51.7443,-9.31424,5.4,10.25,0,0,,2024-May-30,03:14:01
7378,2024-05-30 03:15:01,51.7443,-9.31424,5.5,10.25,0,1,,2024-May-30,03:15:01
7379,2024-05-30 03:16:01,51.7443,-9.31424,5.5,10.25,0,0,,2024-May-30,03:16:01
7380,2024-05-30 03:17:01,51.7443,-9.31424,5.5,10.25,0,0,,2024-May-30,03:17:01
7381,2024-05-30 03:18:01,51.7443,-9.31424,5.5,10.25,0,0,,2024-May-30,03:18:01
7382,2024-05-30 03:19:01,51.7443,-9.31424,5.5,10.25,0,1,,2024-May-30,03:19:01
7383,2024-05-30 03:20:01,51.7443,-9.31424,5.5,10.25,0,0,,2024-May-30,03:20:01
7384,2024-05-30 03:21:01,51.7443,-9.31424,5.5,10,0,0,,2024-May-30,03:21:01
7385,2024-05-30 03:22:01,51.7443,-9.31424,5.5,10.25,0,0,,2024-May-30,03:22:01
7386,2024-05-30 03:23:01,51.7443,-9.31424,5.5,10.25,0,0,,2024-May-30,03:23:01
7387,2024-05-30 03:24:01,51.7443,-9.31424,5.5,10,0,0,,2024-May-30,03:24:01
7388,2024-05-30 03:25:01,51.7443,-9.31424,5.5,10.25,0,0,,2024-May-30,03:25:01
7389,2024-05-30 03:26:01,51.7443,-9.31424,5.5,10.25,0,0,,2024-May-30,03:26:01
7390,2024-05-30 03:27:01,51.7443,-9.31424,5.5,10,0,0,,2024-May-30,03:27:01
7391,2024-05-30 03:28:01,51.7443,-9.31424,5.5,10,0,0,,2024-May-30,03:28:01
7392,2024-05-30 03:29:01,51.7443,-9.31424,5.5,10,0,0,,2024-May-30,03:29:01
7393,2024-05-30 03:30:01,51.7443,-9.31424,5.5,10,0,0,,2024-May-30,03:30:01
7394,2024-05-30 03:31:01,51.7443,-9.31424,5.5,10,0,0,,2024-May-30,03:31:01
7395,2024-05-30 03:32:01,51.7443,-9.31424,5.5,10.25,0,0,,2024-May-30,03:32:01
7396,2024-05-30 03:33:01,51.7443,-9.31424,5.5,10,0,0,,2024-May-30,03:33:01
7397,2024-05-30 03:34:01,51.7443,-9.31424,5.5,10,0,0,,2024-May-30,03:34:01
7398,2024-05-30 03:35:01,51.7443,-9.31424,5.5,10,0,1,,2024-May-30,03:35:01
7399,2024-05-30 03:36:01,51.7443,-9.31424,5.5,10,0,0,,2024-May-30,03:36:01
7400,2024-05-30 03:37:01,51.7443,-9.31424,5.5,10,0,0,,2024-May-30,03:37:01
7401,2024-05-30 03:38:01,51.7443,-9.31424,5.5,10,0,0,,2024-May-30,03:38:01
7402,2024-05-30 03:39:01,51.7443,-9.31424,5.5,10,0,0,,2024-May-30,03:39:01
7403,2024-05-30 03:40:01,51.7443,-9.31424,5.5,9.75,0,0,,2024-May-30,03:40:01
7404,2024-05-30 03:41:01,51.7443,-9.31424,5.5,10,0,0,,2024-May-30,03:41:01
7405,2024-05-30 03:42:01,51.7443,-9.31424,5.5,10,0,0,,2024-May-30,03:42:01
7406,2024-05-30 03:43:01,51.7443,-9.31424,5.5,10,0,0,,2024-May-30,03:43:01
7407,2024-05-30 03:44:01,51.7443,-9.31424,5.5,10,0,1,,2024-May-30,03:44:01
7408,2024-05-30 03:45:01,51.7443,-9.31424,5.5,10,0,0,,2024-May-30,03:45:01
7409,2024-05-30 03:46:01,51.7443,-9.31424,5.5,10,0,0,,2024-May-30,03:46:01
7410,2024-05-30 03:47:01,51.7443,-9.31424,5.5,10,0,0,,2024-May-30,03:47:01
7411,2024-05-30 03:48:01,51.7443,-9.31424,5.5,10,0,0,,2024-May-30,03:48:01
7412,2024-05-30 03:49:01,51.7443,-9.31424,5.5,9.75,0,0,,2024-May-30,03:49:01
7413,2024-05-30 03:50:01,51.7443,-9.31424,5.5,10,0,0,,2024-May-30,03:50:01
7414,2024-05-30 03:51:01,51.7443,-9.31424,5.5,9.75,0,0,,2024-May-30,03:51:01
7415,2024-05-30 03:52:01,51.7443,-9.31424,5.5,10,0,0,,2024-May-30,03:52:01
7416,2024-05-30 03:53:01,51.7443,-9.31424,5.5,10,0,0,,2024-May-30,03:53:01
7417,2024-05-30 03:54:01,51.7443,-9.31424,5.5,10,0,0,,2024-May-30,03:54:01
7418,2024-05-30 03:55:01,51.7443,-9.31424,5.5,10,0,0,,2024-May-30,03:55:01
7419,2024-05-30 03:56:01,51.7443,-9.31424,5.5,10,0,0,,2024-May-30,03:56:01
7420,2024-05-30 03:57:01,51.7443,-9.31424,5.5,9.75,0,0,,2024-May-30,03:57:01
7421,2024-05-30 03:58:01,51.7443,-9.31424,5.5,10,0,0,,2024-May-30,03:58:01
7422,2024-05-30 03:59:01,51.7443,-9.31424,5.5,10,0,0,,2024-May-30,03:59:01
7423,2024-05-30 04:00:01,51.7443,-9.31424,5.5,10,0,0,,2024-May-30,04:00:01
7424,2024-05-30 04:01:01,51.7443,-9.31424,5.5,9.75,0,0,,2024-May-30,04:01:01
7425,2024-05-30 04:02:01,51.7443,-9.31424,5.5,9.75,0,0,,2024-May-30,04:02:01
7426,2024-05-30 04:03:01,51.7443,-9.31424,5.5,10,0,0,,2024-May-30,04:03:01
7427,2024-05-30 04:04:01,51.7443,-9.31424,5.5,10,0,0,,2024-May-30,04:04:01
7428,2024-05-30 04:05:01,51.7443,-9.31424,5.5,10,0,0,,2024-May-30,04:05:01
7429,2024-05-30 04:06:01,51.7443,-9.31424,5.5,10,0,0,,2024-May-30,04:06:01
7430,2024-05-30 04:07:01,51.7443,-9.31424,5.5,10,0,0,,2024-May-30,04:07:01
7431,2024-05-30 04:08:01,51.7443,-9.31424,5.5,10,0,0,,2024-May-30,04:08:01
7432,2024-05-30 04:09:01,51.7443,-9.31424,5.5,10,0,0,,2024-May-30,04:09:01
7433,2024-05-30 04:10:01,51.7443,-9.31424,5.5,10,0,0,,2024-May-30,04:10:01
7434,2024-05-30 04:11:01,51.7443,-9.31424,5.5,10,0,0,,2024-May-30,04:11:01
7435,2024-05-30 04:12:01,51.7443,-9.31424,5.5,10,0,0,,2024-May-30,04:12:01
7436,2024-05-30 04:13:01,51.7443,-9.31424,5.5,10,0,0,,2024-May-30,04:13:01
7437,2024-05-30 04:14:01,51.7443,-9.31424,5.5,10,0,0,,2024-May-30,04:14:01
7438,2024-05-30 04:15:01,51.7443,-9.31424,5.5,9.75,1,1,,2024-May-30,04:15:01
7439,2024-05-30 04:16:01,51.7443,-9.31424,5.5,9.75,0,1,,2024-May-30,04:16:01
7440,2024-05-30 04:17:01,51.7443,-9.31424,5.5,10,0,0,,2024-May-30,04:17:01
7441,2024-05-30 04:18:01,51.7443,-9.31424,5.5,10,0,0,,2024-May-30,04:18:01
7442,2024-05-30 04:19:01,51.7443,-9.31424,5.5,10,0,0,,2024-May-30,04:19:01
7443,2024-05-30 04:20:01,51.7443,-9.31424,5.5,9.75,1,1,,2024-May-30,04:20:01
7444,2024-05-30 04:21:01,51.7443,-9.31424,5.5,10,0,0,,2024-May-30,04:21:01
7445,2024-05-30 04:22:01,51.7443,-9.31424,5.5,9.75,0,0,,2024-May-30,04:22:01
7446,2024-05-30 04:23:01,51.7443,-9.31424,5.5,9.75,0,0,,2024-May-30,04:23:01
7447,2024-05-30 04:24:01,51.7443,-9.31424,5.5,10,0,0,,2024-May-30,04:24:01
7448,2024-05-30 04:25:01,51.7443,-9.31424,5.5,9.75,0,0,,2024-May-30,04:25:01
7449,2024-05-30 04:26:01,51.7443,-9.31424,5.5,10,0,0,,2024-May-30,04:26:01
7450,2024-05-30 04:27:01,51.7443,-9.31424,5.5,10,0,0,,2024-May-30,04:27:01
7451,2024-05-30 04:28:01,51.7443,-9.31424,5.5,10,0,0,,2024-May-30,04:28:01
7452,2024-05-30 04:29:01,51.7443,-9.31424,5.5,9.75,0,0,,2024-May-30,04:29:01
7453,2024-05-30 04:30:01,51.7443,-9.31424,5.5,9.75,0,0,,2024-May-30,04:30:01
7454,2024-05-30 04:31:01,51.7443,-9.31424,5.4,10,0,0,,2024-May-30,04:31:01
7455,2024-05-30 04:32:01,51.7443,-9.31424,5.5,10,1,0,,2024-May-30,04:32:01
7456,2024-05-30 04:33:01,51.7443,-9.31424,5.5,9.75,0,0,,2024-May-30,04:33:01
7457,2024-05-30 04:34:01,51.7443,-9.31424,5.5,9.75,0,0,,2024-May-30,04:34:01
7458,2024-05-30 04:35:01,51.7443,-9.31424,5.5,9.75,0,0,,2024-May-30,04:35:01
7459,2024-05-30 04:36:01,51.7443,-9.31424,5.5,10,0,0,,2024-May-30,04:36:01
7460,2024-05-30 04:37:01,51.7443,-9.31424,5.5,9.75,0,0,,2024-May-30,04:37:01
7461,2024-05-30 04:38:01,51.7443,-9.31424,5.5,10,0,0,,2024-May-30,04:38:01
7462,2024-05-30 04:39:01,51.7443,-9.31424,5.5,9.75,0,0,,2024-May-30,04:39:01
7463,2024-05-30 04:40:01,51.7443,-9.31424,5.5,10,0,0,,2024-May-30,04:40:01
7464,2024-05-30 04:41:01,51.7443,-9.31424,5.5,9.75,1,0,,2024-May-30,04:41:01
7465,2024-05-30 04:42:01,51.7443,-9.31424,5.5,9.75,0,0,,2024-May-30,04:42:01
7466,2024-05-30 04:43:01,51.7443,-9.31424,5.5,9.75,0,0,,2024-May-30,04:43:01
7467,2024-05-30 04:44:01,51.7443,-9.31424,5.5,9.75,0,0,,2024-May-30,04:44:01
7468,2024-05-30 04:45:01,51.7443,-9.31424,5.5,9.75,0,0,,2024-May-30,04:45:01
7469,2024-05-30 04:46:01,51.7443,-9.31424,5.5,10,0,1,,2024-May-30,04:46:01
7470,2024-05-30 04:47:01,51.7443,-9.31424,5.5,10,0,4,,2024-May-30,04:47:01
7471,2024-05-30 04:48:01,51.7443,-9.31424,5.5,9.75,0,1,,2024-May-30,04:48:01
7472,2024-05-30 04:49:01,51.7443,-9.31424,5.5,10,0,1,,2024-May-30,04:49:01
7473,2024-05-30 04:50:01,51.7443,-9.31424,5.5,9.75,0,0,,2024-May-30,04:50:01
7474,2024-05-30 04:51:01,51.7443,-9.31424,5.5,10,0,0,,2024-May-30,04:51:01
7475,2024-05-30 04:52:01,51.7443,-9.31424,5.5,10,0,1,,2024-May-30,04:52:01
7476,2024-05-30 04:53:01,51.7443,-9.31424,5.5,9.75,0,0,,2024-May-30,04:53:01
7477,2024-05-30 04:54:01,51.7443,-9.31424,5.5,9.75,0,0,,2024-May-30,04:54:01
7478,2024-05-30 04:55:01,51.7443,-9.31424,5.5,9.75,0,0,,2024-May-30,04:55:01
7479,2024-05-30 04:56:01,51.7443,-9.31424,5.5,10,0,0,,2024-May-30,04:56:01
7480,2024-05-30 04:57:01,51.7443,-9.31424,5.5,10,0,0,,2024-May-30,04:57:01
7481,2024-05-30 04:58:01,51.7443,-9.31424,5.5,9.75,0,0,,2024-May-30,04:58:01
7482,2024-05-30 04:59:01,51.7443,-9.31424,5.5,9.75,0,0,,2024-May-30,04:59:01
7483,2024-05-30 05:00:01,51.7443,-9.31424,5.5,9.75,0,0,,2024-May-30,05:00:01
7484,2024-05-30 05:01:01,51.7443,-9.31424,5.5,9.75,0,0,,2024-May-30,05:01:01
7485,2024-05-30 05:02:01,51.7443,-9.31424,5.5,9.75,0,0,,2024-May-30,05:02:01
7486,2024-05-30 05:03:01,51.7443,-9.31424,5.5,9.75,0,0,,2024-May-30,05:03:01
7487,2024-05-30 05:04:01,51.7443,-9.31424,5.5,10,0,0,,2024-May-30,05:04:01
7488,2024-05-30 05:05:01,51.7443,-9.31424,5.5,9.75,0,0,,2024-May-30,05:05:01
7489,2024-05-30 05:06:01,51.7443,-9.31424,5.5,9.75,0,0,,2024-May-30,05:06:01
7490,2024-05-30 05:07:01,51.7443,-9.31424,5.5,9.75,0,1,,2024-May-30,05:07:01
7491,2024-05-30 05:08:01,51.7443,-9.31424,5.5,9.75,0,0,,2024-May-30,05:08:01
7492,2024-05-30 05:09:01,51.7443,-9.31424,5.5,9.75,0,0,,2024-May-30,05:09:01
7493,2024-05-30 05:10:01,51.7443,-9.31424,5.5,10,0,0,,2024-May-30,05:10:01
7494,2024-05-30 05:11:01,51.7443,-9.31424,5.5,10,0,0,,2024-May-30,05:11:01
7495,2024-05-30 05:12:01,51.7443,-9.31424,5.5,9.75,0,0,,2024-May-30,05:12:01
7496,2024-05-30 05:13:01,51.7443,-9.31424,5.5,9.75,0,0,,2024-May-30,05:13:01
7497,2024-05-30 05:14:01,51.7443,-9.31424,5.5,9.75,0,0,,2024-May-30,05:14:01
7498,2024-05-30 05:15:01,51.7443,-9.31424,5.5,9.75,0,0,,2024-May-30,05:15:01
7499,2024-05-30 05:16:01,51.7443,-9.31424,5.5,9.75,0,0,,2024-May-30,05:16:01
7500,2024-05-30 05:17:01,51.7443,-9.31424,5.5,9.5,0,0,,2024-May-30,05:17:01
7501,2024-05-30 05:18:01,51.7443,-9.31424,5.5,9.75,0,0,,2024-May-30,05:18:01
7502,2024-05-30 05:19:01,51.7443,-9.31424,5.5,9.75,0,0,,2024-May-30,05:19:01
7503,2024-05-30 05:20:01,51.7443,-9.31424,5.5,10,0,0,,2024-May-30,05:20:01
7504,2024-05-30 05:21:01,51.7443,-9.31424,5.5,9.75,0,0,,2024-May-30,05:21:01
7505,2024-05-30 05:22:01,51.7443,-9.31424,5.5,9.75,0,1,,2024-May-30,05:22:01
7506,2024-05-30 05:23:01,51.7443,-9.31424,5.5,10,0,0,,2024-May-30,05:23:01
7507,2024-05-30 05:24:01,51.7443,-9.31424,5.5,9.75,0,0,,2024-May-30,05:24:01
7508,2024-05-30 05:25:01,51.7443,-9.31424,5.5,9.75,0,1,,2024-May-30,05:25:01
7509,2024-05-30 05:26:01,51.7443,-9.31424,5.5,9.75,0,0,,2024-May-30,05:26:01
7510,2024-05-30 05:27:01,51.7443,-9.31424,5.5,9.75,0,0,,2024-May-30,05:27:01
7511,2024-05-30 05:28:01,51.7443,-9.31424,5.5,9.75,0,0,,2024-May-30,05:28:01
7512,2024-05-30 05:29:01,51.7443,-9.31424,5.5,9.75,0,0,,2024-May-30,05:29:01
7513,2024-05-30 05:30:01,51.7443,-9.31424,5.5,9.75,0,0,,2024-May-30,05:30:01
7514,2024-05-30 05:31:01,51.7443,-9.31424,5.5,9.75,0,0,,2024-May-30,05:31:01
7515,2024-05-30 05:32:01,51.7443,-9.31424,5.5,10,0,0,,2024-May-30,05:32:01
7516,2024-05-30 05:33:01,51.7443,-9.31424,5.5,9.75,0,0,,2024-May-30,05:33:01
7517,2024-05-30 05:34:01,51.7443,-9.31424,5.5,10,0,0,,2024-May-30,05:34:01
7518,2024-05-30 05:35:01,51.7443,-9.31424,5.5,9.75,0,0,,2024-May-30,05:35:01
7519,2024-05-30 05:36:01,51.7443,-9.31424,5.5,9.75,0,0,,2024-May-30,05:36:01
7520,2024-05-30 05:37:01,51.7443,-9.31424,5.5,9.75,0,0,,2024-May-30,05:37:01
7521,2024-05-30 05:38:01,51.7443,-9.31424,5.5,9.75,0,0,,2024-May-30,05:38:01
7522,2024-05-30 05:39:01,51.7443,-9.31424,5.5,10,0,0,,2024-May-30,05:39:01
7523,2024-05-30 05:40:01,51.7443,-9.31424,5.5,10,0,0,,2024-May-30,05:40:01
7524,2024-05-30 05:41:01,51.7443,-9.31424,5.5,9.75,0,0,,2024-May-30,05:41:01
7525,2024-05-30 05:42:01,51.7443,-9.31424,5.5,10,0,1,,2024-May-30,05:42:01
7526,2024-05-30 05:43:01,51.7443,-9.31424,5.5,10,0,1,,2024-May-30,05:43:01
7527,2024-05-30 05:44:01,51.7443,-9.31424,5.5,10,0,1,,2024-May-30,05:44:01
7528,2024-05-30 05:45:01,51.7443,-9.31424,5.5,10,0,1,,2024-May-30,05:45:01
7529,2024-05-30 05:46:01,51.7443,-9.31424,5.5,10,0,0,,2024-May-30,05:46:01
7530,2024-05-30 05:47:01,51.7443,-9.31424,5.5,10,0,4,,2024-May-30,05:47:01
7531,2024-05-30 05:48:01,51.7443,-9.31424,5.5,10,0,2,,2024-May-30,05:48:01
7532,2024-05-30 05:49:01,51.7443,-9.31424,5.5,10,0,1,,2024-May-30,05:49:01
7533,2024-05-30 05:50:01,51.7443,-9.31424,5.5,10,0,0,,2024-May-30,05:50:01
7534,2024-05-30 05:51:01,51.7443,-9.31424,5.5,10,0,0,,2024-May-30,05:51:01
7535,2024-05-30 05:52:01,51.7443,-9.31424,5.5,10,0,0,,2024-May-30,05:52:01
7536,2024-05-30 05:53:01,51.7443,-9.31424,5.5,10,0,1,,2024-May-30,05:53:01
7537,2024-05-30 05:54:01,51.7443,-9.31424,5.5,10,0,0,,2024-May-30,05:54:01
7538,2024-05-30 05:55:01,51.7443,-9.31424,5.5,10.25,0,0,,2024-May-30,05:55:01
7539,2024-05-30 05:56:00,51.7443,-9.31424,5.5,10.25,0,0,,2024-May-30,05:56:00
