id,timestamp_utc,lat,lon,power_v,temp_c,files_count,scrubbed_count,mic0_type,raw_date,raw_time
1,2024-05-16T20:55:59,51.7443,-9.31424,6.4,12.75,0,0,,2024-May-16,20:55:59
2,2024-05-16T20:56:59,51.7443,-9.31424,6.5,12.75,0,1,,2024-May-16,20:56:59
3,2024-05-16T20:57:59,51.7443,-9.31424,6.5,13.0,0,0,,2024-May-16,20:57:59
4,2024-05-16T20:58:59,51.7443,-9.31424,6.5,13.0,0,0,,2024-May-16,20:58:59
5,2024-05-16T20:59:59,51.7443,-9.31424,6.5,13.0,0,0,,2024-May-16,20:59:59
6,2024-05-16T21:00:59,51.7443,-9.31424,6.5,13.25,0,1,,2024-May-16,21:00:59
7,2024-05-16T21:01:59,51.7443,-9.31424,6.5,13.25,0,2,,2024-May-16,21:01:59
8,2024-05-16T21:02:59,51.7443,-9.31424,6.5,13.25,0,0,,2024-May-16,21:02:59
9,2024-05-16T21:03:59,51.7443,-9.31424,6.5,13.5,0,4,,2024-May-16,21:03:59
10,2024-05-16T21:04:59,51.7443,-9.31424,6.4,13.25,0,5,,2024-May-16,21:04:59
11,2024-05-16T21:05:59,51.7443,-9.31424,6.4,13.25,0,8,,2024-May-16,21:05:59
12,2024-05-16T21:06:59,51.7443,-9.31424,6.5,13.25,0,11,,2024-May-16,21:06:59
13,2024-05-16T21:07:59,51.7443,-9.31424,6.4,13.25,0,10,,2024-May-16,21:07:59
14,2024-05-16T21:08:59,51.7443,-9.31424,6.5,13.25,0,8,,2024-May-16,21:08:59
15,2024-05-16T21:09:59,51.7443,-9.31424,6.5,13.5,0,3,,2024-May-16,21:09:59
16,2024-05-16T21:10:59,51.7443,-9.31424,6.5,13.5,0,2,,2024-May-16,21:10:59
17,2024-05-16T21:11:59,51.7443,-9.31424,6.5,13.5,0,3,,2024-May-16,21:11:59
18,2024-05-16T21:12:59,51.7443,-9.31424,6.5,13.25,0,4,,2024-May-16,21:12:59
19,2024-05-16T21:13:59,51.7443,-9.31424,6.5,13.25,0,4,,2024-May-16,21:13:59
20,2024-05-16T21:14:59,51.7443,-9.31424,6.5,13.5,0,3,,2024-May-16,21:14:59
21,2024-05-16T21:15:59,51.7443,-9.31424,6.5,13.25,0,4,,2024-May-16,21:15:59
22,2024-05-16T21:16:59,51.7443,-9.31424,6.5,13.25,0,6,,2024-May-16,21:16:59
23,2024-05-16T21:17:59,51.7443,-9.31424,6.5,13.25,0,10,,2024-May-16,21:17:59
24,2024-05-16T21:18:59,51.7443,-9.31424,6.5,13.25,0,8,,2024-May-16,21:18:59
25,2024-05-16T21:19:59,51.7443,-9.31424,6.5,13.25,0,6,,2024-May-16,21:19:59
26,2024-05-16T21:20:59,51.7443,-9.31424,6.4,13.25,0,6,,2024-May-16,21:20:59
27,2024-05-16T21:21:59,51.7443,-9.31424,6.5,13.25,0,7,,2024-May-16,21:21:59
28,2024-05-16T21:22:59,51.7443,-9.31424,6.5,13.25,0,6,,2024-May-16,21:22:59
29,2024-05-16T21:23:59,51.7443,-9.31424,6.5,13.25,0,2,,2024-May-16,21:23:59
30,2024-05-16T21:24:59,51.7443,-9.31424,6.5,13.25,0,3,,2024-May-16,21:24:59
31,2024-05-16T21:25:59,51.7443,-9.31424,6.5,13.0,0,3,,2024-May-16,21:25:59
32,2024-05-16T21:26:59,51.7443,-9.31424,6.5,13.25,0,5,,2024-May-16,21:26:59
33,2024-05-16T21:27:59,51.7443,-9.31424,6.5,13.25,0,1,,2024-May-16,21:27:59
34,2024-05-16T21:28:59,51.7443,-9.31424,6.5,13.0,0,2,,2024-May-16,21:28:59
35,2024-05-16T21:29:59,51.7443,-9.31424,6.5,13.0,0,1,,2024-May-16,21:29:59
36,2024-05-16T21:30:59,51.7443,-9.31424,6.5,13.0,0,1,,2024-May-16,21:30:59
37,2024-05-16T21:31:59,51.7443,-9.31424,6.5,12.75,0,1,,2024-May-16,21:31:59
38,2024-05-16T21:32:59,51.7443,-9.31424,6.5,13.0,0,2,,2024-May-16,21:32:59
39,2024-05-16T21:33:59,51.7443,-9.31424,6.5,12.75,0,3,,2024-May-16,21:33:59
40,2024-05-16T21:34:59,51.7443,-9.31424,6.4,12.75,0,3,,2024-May-16,21:34:59
41,2024-05-16T21:35:59,51.7443,-9.31424,6.5,12.75,0,3,,2024-May-16,21:35:59
42,2024-05-16T21:36:59,51.7443,-9.31424,6.4,12.75,0,5,,2024-May-16,21:36:59
43,2024-05-16T21:37:59,51.7443,-9.31424,6.5,12.75,0,3,,2024-May-16,21:37:59
44,2024-05-16T21:38:59,51.7443,-9.31424,6.5,12.75,0,3,,2024-May-16,21:38:59
45,2024-05-16T21:39:59,51.7443,-9.31424,6.5,12.5,0,2,,2024-May-16,21:39:59
46,2024-05-16T21:40:59,51.7443,-9.31424,6.4,12.5,0,5,,2024-May-16,21:40:59
47,2024-05-16T21:41:59,51.7443,-9.31424,6.5,12.5,0,0,,2024-May-16,21:41:59
48,2024-05-16T21:42:59,51.7443,-9.31424,6.5,12.5,0,1,,2024-May-16,21:42:59
49,2024-05-16T21:43:59,51.7443,-9.31424,6.5,12.5,0,3,,2024-May-16,21:43:59
50,2024-05-16T21:44:59,51.7443,-9.31424,6.5,12.5,0,1,,2024-May-16,21:44:59
51,2024-05-16T21:45:59,51.7443,-9.31424,6.5,12.5,0,2,,2024-May-16,21:45:59
52,2024-05-16T21:46:59,51.7443,-9.31424,6.4,12.5,0,3,,2024-May-16,21:46:59
53,2024-05-16T21:47:59,51.7443,-9.31424,6.5,12.25,0,2,,2024-May-16,21:47:59
54,2024-05-16T21:48:59,51.7443,-9.31424,6.5,12.25,0,4,,2024-May-16,21:48:59
55,2024-05-16T21:49:59,51.7443,-9.31424,6.4,12.5,0,4,,2024-May-16,21:49:59
56,2024-05-16T21:50:59,51.7443,-9.31424,6.4,12.25,0,3,,2024-May-16,21:50:59
57,2024-05-16T21:51:59,51.7443,-9.31424,6.4,12.5,0,0,,2024-May-16,21:51:59
58,2024-05-16T21:52:59,51.7443,-9.31424,6.4,12.25,0,1,,2024-May-16,21:52:59
59,2024-05-16T21:53:59,51.7443,-9.31424,6.4,12.25,0,0,,2024-May-16,21:53:59
60,2024-05-16T21:54:59,51.7443,-9.31424,6.4,12.25,0,2,,2024-May-16,21:54:59
61,2024-05-16T21:55:59,51.7443,-9.31424,6.4,12.25,0,3,,2024-May-16,21:55:59
62,2024-05-16T21:56:59,51.7443,-9.31424,6.4,12.25,0,0,,2024-May-16,21:56:59
63,2024-05-16T21:57:59,51.7443,-9.31424,6.4,12.25,0,1,,2024-May-16,21:57:59
64,2024-05-16T21:58:59,51.7443,-9.31424,6.4,12.25,0,0,,2024-May-16,21:58:59
65,2024-05-16T21:59:59,51.7443,-9.31424,6.4,12.0,0,0,,2024-May-16,21:59:59
66,2024-05-16T22:00:59,51.7443,-9.31424,6.4,12.25,0,1,,2024-May-16,22:00:59
67,2024-05-16T22:01:59,51.7443,-9.31424,6.4,12.25,0,0,,2024-May-16,22:01:59
68,2024-05-16T22:02:59,51.7443,-9.31424,6.4,12.0,0,0,,2024-May-16,22:02:59
69,2024-05-16T22:03:59,51.7443,-9.31424,6.4,12.0,0,1,,2024-May-16,22:03:59
70,2024-05-16T22:04:59,51.7443,-9.31424,6.4,12.0,0,3,,2024-May-16,22:04:59
71,2024-05-16T22:05:59,51.7443,-9.31424,6.4,12.25,0,2,,2024-May-16,22:05:59
72,2024-05-16T22:06:59,51.7443,-9.31424,6.4,12.25,0,2,,2024-May-16,22:06:59
73,2024-05-16T22:07:59,51.7443,-9.31424,6.4,12.0,0,2,,2024-May-16,22:07:59
74,2024-05-16T22:08:59,51.7443,-9.31424,6.4,12.25,0,1,,2024-May-16,22:08:59
75,2024-05-16T22:09:59,51.7443,-9.31424,6.4,12.0,0,1,,2024-May-16,22:09:59
76,2024-05-16T22:10:59,51.7443,-9.31424,6.4,12.0,0,2,,2024-May-16,22:10:59
77,2024-05-16T22:11:59,51.7443,-9.31424,6.4,12.25,0,2,,2024-May-16,22:11:59
78,2024-05-16T22:12:59,51.7443,-9.31424,6.4,12.0,0,1,,2024-May-16,22:12:59
79,2024-05-16T22:13:59,51.7443,-9.31424,6.4,12.0,0,0,,2024-May-16,22:13:59
80,2024-05-16T22:14:59,51.7443,-9.31424,6.4,12.0,0,1,,2024-May-16,22:14:59
81,2024-05-16T22:15:59,51.7443,-9.31424,6.4,12.0,0,1,,2024-May-16,22:15:59
82,2024-05-16T22:16:59,51.7443,-9.31424,6.4,12.25,0,5,,2024-May-16,22:16:59
83,2024-05-16T22:17:59,51.7443,-9.31424,6.4,12.0,0,2,,2024-May-16,22:17:59
84,2024-05-16T22:18:59,51.7443,-9.31424,6.5,12.0,0,1,,2024-May-16,22:18:59
85,2024-05-16T22:19:59,51.7443,-9.31424,6.4,12.0,0,2,,2024-May-16,22:19:59
86,2024-05-16T22:20:59,51.7443,-9.31424,6.5,12.0,0,2,,2024-May-16,22:20:59
87,2024-05-16T22:21:59,51.7443,-9.31424,6.5,12.0,0,2,,2024-May-16,22:21:59
88,2024-05-16T22:22:59,51.7443,-9.31424,6.4,12.25,0,1,,2024-May-16,22:22:59
89,2024-05-16T22:23:59,51.7443,-9.31424,6.4,12.25,0,1,,2024-May-16,22:23:59
90,2024-05-16T22:24:59,51.7443,-9.31424,6.4,12.0,0,1,,2024-May-16,22:24:59
91,2024-05-16T22:25:59,51.7443,-9.31424,6.4,12.0,0,1,,2024-May-16,22:25:59
92,2024-05-16T22:26:59,51.7443,-9.31424,6.4,12.0,0,2,,2024-May-16,22:26:59
93,2024-05-16T22:27:59,51.7443,-9.31424,6.3,12.25,0,1,,2024-May-16,22:27:59
94,2024-05-16T22:28:59,51.7443,-9.31424,6.4,12.0,0,3,,2024-May-16,22:28:59
95,2024-05-16T22:29:59,51.7443,-9.31424,6.4,12.25,0,2,,2024-May-16,22:29:59
96,2024-05-16T22:30:59,51.7443,-9.31424,6.4,12.0,0,2,,2024-May-16,22:30:59
97,2024-05-16T22:31:59,51.7443,-9.31424,6.4,12.0,0,1,,2024-May-16,22:31:59
98,2024-05-16T22:32:59,51.7443,-9.31424,6.4,12.0,0,2,,2024-May-16,22:32:59
99,2024-05-16T22:33:59,51.7443,-9.31424,6.4,12.0,0,1,,2024-May-16,22:33:59
100,2024-05-16T22:34:59,51.7443,-9.31424,6.4,12.0,0,2,,2024-May-16,22:34:59
101,2024-05-16T22:35:59,51.7443,-9.31424,6.4,12.0,0,0,,2024-May-16,22:35:59
102,2024-05-16T22:36:59,51.7443,-9.31424,6.4,12.0,0,2,,2024-May-16,22:36:59
103,2024-05-16T22:37:59,51.7443,-9.31424,6.4,12.0,0,0,,2024-May-16,22:37:59
104,2024-05-16T22:38:59,51.7443,-9.31424,6.4,12.0,0,0,,2024-May-16,22:38:59
105,2024-05-16T22:39:59,51.7443,-9.31424,6.4,12.0,0,0,,2024-May-16,22:39:59
106,2024-05-16T22:40:59,51.7443,-9.31424,6.4,12.0,0,0,,2024-May-16,22:40:59
107,2024-05-16T22:41:59,51.7443,-9.31424,6.4,12.0,0,0,,2024-May-16,22:41:59
108,2024-05-16T22:42:59,51.7443,-9.31424,6.4,12.0,0,1,,2024-May-16,22:42:59
109,2024-05-16T22:43:59,51.7443,-9.31424,6.4,12.0,0,0,,2024-May-16,22:43:59
110,2024-05-16T22:44:59,51.7443,-9.31424,6.4,12.0,0,0,,2024-May-16,22:44:59
111,2024-05-16T22:45:59,51.7443,-9.31424,6.4,12.0,0,1,,2024-May-16,22:45:59
112,2024-05-16T22:46:59,51.7443,-9.31424,6.4,11.75,0,1,,2024-May-16,22:46:59
113,2024-05-16T22:47:59,51.7443,-9.31424,6.4,11.75,0,1,,2024-May-16,22:47:59
114,2024-05-16T22:48:59,51.7443,-9.31424,6.4,11.75,0,2,,2024-May-16,22:48:59
115,2024-05-16T22:49:59,51.7443,-9.31424,6.4,11.75,0,4,,2024-May-16,22:49:59
116,2024-05-16T22:50:59,51.7443,-9.31424,6.4,11.75,0,2,,2024-May-16,22:50:59
117,2024-05-16T22:51:59,51.7443,-9.31424,6.4,11.75,0,1,,2024-May-16,22:51:59
118,2024-05-16T22:52:59,51.7443,-9.31424,6.4,12.0,0,2,,2024-May-16,22:52:59
119,2024-05-16T22:53:59,51.7443,-9.31424,6.4,11.75,0,1,,2024-May-16,22:53:59
120,2024-05-16T22:54:59,51.7443,-9.31424,6.4,11.75,0,2,,2024-May-16,22:54:59
121,2024-05-16T22:55:59,51.7443,-9.31424,6.4,11.75,0,0,,2024-May-16,22:55:59
122,2024-05-16T22:56:59,51.7443,-9.31424,6.4,11.75,0,0,,2024-May-16,22:56:59
123,2024-05-16T22:57:59,51.7443,-9.31424,6.4,11.75,0,0,,2024-May-16,22:57:59
124,2024-05-16T22:58:59,51.7443,-9.31424,6.4,11.75,0,1,,2024-May-16,22:58:59
125,2024-05-16T22:59:59,51.7443,-9.31424,6.4,11.75,0,0,,2024-May-16,22:59:59
126,2024-05-16T23:00:59,51.7443,-9.31424,6.4,11.75,0,0,,2024-May-16,23:00:59
127,2024-05-16T23:01:59,51.7443,-9.31424,6.4,11.75,0,0,,2024-May-16,23:01:59
128,2024-05-16T23:02:59,51.7443,-9.31424,6.4,11.75,0,2,,2024-May-16,23:02:59
129,2024-05-16T23:03:59,51.7443,-9.31424,6.4,11.75,0,1,,2024-May-16,23:03:59
130,2024-05-16T23:04:59,51.7443,-9.31424,6.4,11.75,0,0,,2024-May-16,23:04:59
131,2024-05-16T23:05:59,51.7443,-9.31424,6.4,11.75,0,1,,2024-May-16,23:05:59
132,2024-05-16T23:06:59,51.7443,-9.31424,6.4,11.75,0,0,,2024-May-16,23:06:59
133,2024-05-16T23:07:59,51.7443,-9.31424,6.4,11.75,0,1,,2024-May-16,23:07:59
134,2024-05-16T23:08:59,51.7443,-9.31424,6.4,11.75,0,1,,2024-May-16,23:08:59
135,2024-05-16T23:09:59,51.7443,-9.31424,6.4,11.75,0,3,,2024-May-16,23:09:59
136,2024-05-16T23:10:59,51.7443,-9.31424,6.4,11.5,0,0,,2024-May-16,23:10:59
137,2024-05-16T23:11:59,51.7443,-9.31424,6.4,11.75,0,0,,2024-May-16,23:11:59
138,2024-05-16T23:12:59,51.7443,-9.31424,6.4,11.75,0,1,,2024-May-16,23:12:59
139,2024-05-16T23:13:59,51.7443,-9.31424,6.4,11.75,0,1,,2024-May-16,23:13:59
140,2024-05-16T23:14:59,51.7443,-9.31424,6.4,11.75,0,1,,2024-May-16,23:14:59
141,2024-05-16T23:15:59,51.7443,-9.31424,6.4,11.75,0,1,,2024-May-16,23:15:59
142,2024-05-16T23:16:59,51.7443,-9.31424,6.4,11.75,0,1,,2024-May-16,23:16:59
143,2024-05-16T23:17:59,51.7443,-9.31424,6.4,11.75,0,1,,2024-May-16,23:17:59
144,2024-05-16T23:18:59,51.7443,-9.31424,6.4,11.75,0,0,,2024-May-16,23:18:59
145,2024-05-16T23:19:59,51.7443,-9.31424,6.4,11.75,0,0,,2024-May-16,23:19:59
146,2024-05-16T23:20:59,51.7443,-9.31424,6.3,11.75,0,1,,2024-May-16,23:20:59
147,2024-05-16T23:21:59,51.7443,-9.31424,6.4,11.75,0,1,,2024-May-16,23:21:59
148,2024-05-16T23:22:59,51.7443,-9.31424,6.4,11.75,0,0,,2024-May-16,23:22:59
149,2024-05-16T23:23:59,51.7443,-9.31424,6.4,11.75,0,0,,2024-May-16,23:23:59
150,2024-05-16T23:24:59,51.7443,-9.31424,6.4,11.75,0,0,,2024-May-16,23:24:59
151,2024-05-16T23:25:59,51.7443,-9.31424,6.4,11.75,0,0,,2024-May-16,23:25:59
152,2024-05-16T23:26:59,51.7443,-9.31424,6.4,11.75,0,0,,2024-May-16,23:26:59
153,2024-05-16T23:27:59,51.7443,-9.31424,6.4,11.75,0,0,,2024-May-16,23:27:59
154,2024-05-16T23:28:59,51.7443,-9.31424,6.4,11.75,0,0,,2024-May-16,23:28:59
155,2024-05-16T23:29:59,51.7443,-9.31424,6.4,11.75,1,0,,2024-May-16,23:29:59
156,2024-05-16T23:30:59,51.7443,-9.31424,6.4,11.75,0,0,,2024-May-16,23:30:59
157,2024-05-16T23:31:59,51.7443,-9.31424,6.4,11.75,0,0,,2024-May-16,23:31:59
158,2024-05-16T23:32:59,51.7443,-9.31424,6.4,11.75,0,0,,2024-May-16,23:32:59
159,2024-05-16T23:33:59,51.7443,-9.31424,6.4,11.75,0,0,,2024-May-16,23:33:59
160,2024-05-16T23:34:59,51.7443,-9.31424,6.4,11.75,0,0,,2024-May-16,23:34:59
161,2024-05-16T23:35:59,51.7443,-9.31424,6.4,11.75,0,0,,2024-May-16,23:35:59
162,2024-05-16T23:36:59,51.7443,-9.31424,6.4,11.75,0,0,,2024-May-16,23:36:59
163,2024-05-16T23:37:59,51.7443,-9.31424,6.4,11.75,0,0,,2024-May-16,23:37:59
164,2024-05-16T23:38:59,51.7443,-9.31424,6.4,11.75,0,0,,2024-May-16,23:38:59
165,2024-05-16T23:39:59,51.7443,-9.31424,6.4,11.75,0,0,,2024-May-16,23:39:59
166,2024-05-16T23:40:59,51.7443,-9.31424,6.4,11.75,0,0,,2024-May-16,23:40:59
167,2024-05-16T23:41:59,51.7443,-9.31424,6.4,11.75,0,0,,2024-May-16,23:41:59
168,2024-05-16T23:42:59,51.7443,-9.31424,6.4,11.75,1,0,,2024-May-16,23:42:59
169,2024-05-16T23:43:59,51.7443,-9.31424,6.4,11.75,0,0,,2024-May-16,23:43:59
170,2024-05-16T23:44:59,51.7443,-9.31424,6.4,11.75,0,0,,2024-May-16,23:44:59
171,2024-05-16T23:45:59,51.7443,-9.31424,6.4,11.75,0,0,,2024-May-16,23:45:59
172,2024-05-16T23:46:59,51.7443,-9.31424,6.4,11.5,0,0,,2024-May-16,23:46:59
173,2024-05-16T23:47:59,51.7443,-9.31424,6.4,11.75,0,0,,2024-May-16,23:47:59
174,2024-05-16T23:48:59,51.7443,-9.31424,6.4,11.75,1,0,,2024-May-16,23:48:59
175,2024-05-16T23:49:59,51.7443,-9.31424,6.4,11.75,0,0,,2024-May-16,23:49:59
176,2024-05-16T23:50:59,51.7443,-9.31424,6.4,11.75,0,0,,2024-May-16,23:50:59
177,2024-05-16T23:51:59,51.7443,-9.31424,6.4,11.75,0,0,,2024-May-16,23:51:59
178,2024-05-16T23:52:59,51.7443,-9.31424,6.4,11.75,0,0,,2024-May-16,23:52:59
179,2024-05-16T23:53:59,51.7443,-9.31424,6.4,11.5,0,0,,2024-May-16,23:53:59
180,2024-05-16T23:54:59,51.7443,-9.31424,6.4,11.75,0,0,,2024-May-16,23:54:59
181,2024-05-16T23:55:59,51.7443,-9.31424,6.4,11.75,0,0,,2024-May-16,23:55:59
182,2024-05-16T23:56:59,51.7443,-9.31424,6.4,11.75,0,0,,2024-May-16,23:56:59
183,2024-05-16T23:57:59,51.7443,-9.31424,6.4,11.75,0,0,,2024-May-16,23:57:59
184,2024-05-16T23:58:59,51.7443,-9.31424,6.4,11.75,0,0,,2024-May-16,23:58:59
185,2024-05-16T23:59:59,51.7443,-9.31424,6.4,11.75,0,0,,2024-May-16,23:59:59
7540,2024-05-16T03:45:02,53.31884,-8.57907,5.5,7.0,5,0,,2024-May-16,03:45:02
7541,2024-05-16T03:46:02,53.31884,-8.57907,5.5,7.5,5,0,,2024-May-16,03:46:02
7542,2024-05-16T03:47:02,53.31884,-8.57907,5.5,7.5,4,0,,2024-May-16,03:47:02
7543,2024-05-16T03:48:02,53.31884,-8.57907,5.5,7.5,6,1,,2024-May-16,03:48:02
7544,2024-05-16T03:49:02,53.31884,-8.57907,5.5,7.75,5,0,,2024-May-16,03:49:02
7545,2024-05-16T03:50:02,53.31884,-8.57907,5.6,7.75,5,2,,2024-May-16,03:50:02
7546,2024-05-16T03:51:02,53.31884,-8.57907,5.5,7.75,5,0,,2024-May-16,03:51:02
7547,2024-05-16T03:52:02,53.31884,-8.57907,5.5,7.75,5,0,,2024-May-16,03:52:02
7548,2024-05-16T03:53:02,53.31884,-8.57907,5.6,8.0,4,0,,2024-May-16,03:53:02
7549,2024-05-16T03:54:02,53.31884,-8.57907,5.5,8.0,4,0,,2024-May-16,03:54:02
7550,2024-05-16T03:55:02,53.31884,-8.57907,5.6,8.0,4,0,,2024-May-16,03:55:02
7551,2024-05-16T03:56:02,53.31884,-8.57907,5.5,8.0,5,0,,2024-May-16,03:56:02
7552,2024-05-16T03:57:02,53.31884,-8.57907,5.6,8.0,5,0,,2024-May-16,03:57:02
7553,2024-05-16T03:58:02,53.31884,-8.57907,5.5,8.0,4,1,,2024-May-16,03:58:02
7554,2024-05-16T03:59:02,53.31884,-8.57907,5.5,8.0,4,0,,2024-May-16,03:59:02
7555,2024-05-16T04:00:02,53.31884,-8.57907,5.5,8.0,4,1,,2024-May-16,04:00:02
7556,2024-05-16T04:01:02,53.31884,-8.57907,5.5,8.0,4,0,,2024-May-16,04:01:02
7557,2024-05-16T04:02:02,53.31884,-8.57907,5.5,8.25,5,0,,2024-May-16,04:02:02
7558,2024-05-16T04:03:02,53.31884,-8.57907,5.5,8.25,4,0,,2024-May-16,04:03:02
7559,2024-05-16T04:04:02,53.31884,-8.57907,5.6,8.25,5,0,,2024-May-16,04:04:02
7560,2024-05-16T04:05:02,53.31884,-8.57907,5.6,8.25,5,0,,2024-May-16,04:05:02
7561,2024-05-16T04:06:02,53.31884,-8.57907,5.5,8.25,5,0,,2024-May-16,04:06:02
7562,2024-05-16T04:07:02,53.31884,-8.57907,5.6,8.25,4,1,,2024-May-16,04:07:02
7563,2024-05-16T04:08:02,53.31884,-8.57907,5.5,8.25,3,0,,2024-May-16,04:08:02
7564,2024-05-16T04:09:02,53.31884,-8.57907,5.5,8.25,3,2,,2024-May-16,04:09:02
7565,2024-05-16T04:10:02,53.31884,-8.57907,5.5,8.25,5,0,,2024-May-16,04:10:02
7566,2024-05-16T04:11:02,53.31884,-8.57907,5.6,8.25,4,1,,2024-May-16,04:11:02
7567,2024-05-16T04:12:02,53.31884,-8.57907,5.6,8.25,4,0,,2024-May-16,04:12:02
7568,2024-05-16T04:13:02,53.31884,-8.57907,5.5,8.25,4,0,,2024-May-16,04:13:02
7569,2024-05-16T04:14:02,53.31884,-8.57907,5.5,8.25,3,2,,2024-May-16,04:14:02
7570,2024-05-16T04:15:02,53.31884,-8.57907,5.6,8.0,4,1,,2024-May-16,04:15:02
7571,2024-05-16T04:16:02,53.31884,-8.57907,5.5,8.25,4,0,,2024-May-16,04:16:02
7572,2024-05-16T04:17:02,53.31884,-8.57907,5.5,8.25,3,0,,2024-May-16,04:17:02
7573,2024-05-16T04:18:02,53.31884,-8.57907,5.6,8.25,3,0,,2024-May-16,04:18:02
7574,2024-05-16T04:19:02,53.31884,-8.57907,5.5,8.25,3,0,,2024-May-16,04:19:02
7575,2024-05-16T04:20:02,53.31884,-8.57907,5.5,8.5,3,1,,2024-May-16,04:20:02
7576,2024-05-16T04:21:02,53.31884,-8.57907,5.5,8.5,2,0,,2024-May-16,04:21:02
7577,2024-05-16T04:22:02,53.31884,-8.57907,5.6,8.25,1,1,,2024-May-16,04:22:02
7578,2024-05-16T04:23:02,53.31884,-8.57907,5.5,8.0,1,1,,2024-May-16,04:23:02
7579,2024-05-16T04:24:02,53.31884,-8.57907,5.5,8.25,4,0,,2024-May-16,04:24:02
7580,2024-05-16T04:25:02,53.31884,-8.57907,5.6,8.25,4,0,,2024-May-16,04:25:02
7581,2024-05-16T04:26:02,53.31884,-8.57907,5.5,8.25,1,0,,2024-May-16,04:26:02
7582,2024-05-16T04:27:02,53.31884,-8.57907,5.6,8.25,3,2,,2024-May-16,04:27:02
7583,2024-05-16T04:28:02,53.31884,-8.57907,5.6,8.0,1,1,,2024-May-16,04:28:02
7584,2024-05-16T04:29:02,53.31884,-8.57907,5.6,8.0,0,0,,2024-May-16,04:29:02
7585,2024-05-16T04:30:02,53.31884,-8.57907,5.5,8.0,2,2,,2024-May-16,04:30:02
7586,2024-05-16T04:31:02,53.31884,-8.57907,5.6,8.25,3,2,,2024-May-16,04:31:02
7587,2024-05-16T04:32:02,53.31884,-8.57907,5.6,8.25,3,1,,2024-May-16,04:32:02
7588,2024-05-16T04:33:02,53.31884,-8.57907,5.6,8.25,3,2,,2024-May-16,04:33:02
7589,2024-05-16T04:34:02,53.31884,-8.57907,5.5,8.0,2,0,,2024-May-16,04:34:02
7590,2024-05-16T04:35:02,53.31884,-8.57907,5.6,8.25,3,1,,2024-May-16,04:35:02
7591,2024-05-16T04:36:02,53.31884,-8.57907,5.6,8.25,3,0,,2024-May-16,04:36:02
7592,2024-05-16T04:37:02,53.31884,-8.57907,5.6,8.25,1,1,,2024-May-16,04:37:02
7593,2024-05-16T04:38:02,53.31884,-8.57907,5.6,8.25,3,0,,2024-May-16,04:38:02
7594,2024-05-16T04:39:02,53.31884,-8.57907,5.6,8.25,3,0,,2024-May-16,04:39:02
7595,2024-05-16T04:40:02,53.31884,-8.57907,5.6,8.25,2,1,,2024-May-16,04:40:02
7596,2024-05-16T04:41:02,53.31884,-8.57907,5.6,8.5,5,0,,2024-May-16,04:41:02
7597,2024-05-16T04:42:02,53.31884,-8.57907,5.6,8.5,1,1,,2024-May-16,04:42:02
7598,2024-05-16T04:43:02,53.31884,-8.57907,5.6,8.25,0,1,,2024-May-16,04:43:02
7599,2024-05-16T04:44:02,53.31884,-8.57907,5.6,8.25,4,1,,2024-May-16,04:44:02
7600,2024-05-16T04:45:02,53.31884,-8.57907,5.6,8.25,3,0,,2024-May-16,04:45:02
7601,2024-05-16T04:46:02,53.31884,-8.57907,5.6,8.25,1,0,,2024-May-16,04:46:02
7602,2024-05-16T04:47:02,53.31884,-8.57907,5.6,8.25,0,0,,2024-May-16,04:47:02
7603,2024-05-16T04:48:02,53.31884,-8.57907,5.6,8.25,0,0,,2024-May-16,04:48:02
7604,2024-05-16T04:49:02,53.31884,-8.57907,5.6,8.0,1,0,,2024-May-16,04:49:02
7605,2024-05-16T04:50:02,53.31884,-8.57907,5.6,8.0,0,0,,2024-May-16,04:50:02
7606,2024-05-16T04:51:02,53.31884,-8.57907,5.6,8.25,2,0,,2024-May-16,04:51:02
7607,2024-05-16T04:52:02,53.31884,-8.57907,5.6,8.25,0,0,,2024-May-16,04:52:02
7608,2024-05-16T04:53:02,53.31884,-8.57907,5.6,8.25,0,0,,2024-May-16,04:53:02
7609,2024-05-16T04:54:02,53.31884,-8.57907,5.6,8.25,0,0,,2024-May-16,04:54:02
7610,2024-05-16T04:55:02,53.31884,-8.57907,5.6,8.25,0,1,,2024-May-16,04:55:02
7611,2024-05-16T04:56:02,53.31884,-8.57907,5.6,8.25,0,0,,2024-May-16,04:56:02
7612,2024-05-16T04:57:02,53.31884,-8.57907,5.6,8.25,0,0,,2024-May-16,04:57:02
7613,2024-05-16T04:58:02,53.31884,-8.57907,5.6,8.0,0,0,,2024-May-16,04:58:02
7614,2024-05-16T04:59:02,53.31884,-8.57907,5.6,8.25,0,0,,2024-May-16,04:59:02
7615,2024-05-16T05:00:02,53.31884,-8.57907,5.6,8.25,0,0,,2024-May-16,05:00:02
7616,2024-05-16T05:01:02,53.31884,-8.57907,5.6,8.25,0,0,,2024-May-16,05:01:02
7617,2024-05-16T05:02:02,53.31884,-8.57907,5.6,8.0,0,0,,2024-May-16,05:02:02
7618,2024-05-16T05:03:02,53.31884,-8.57907,5.6,8.25,0,0,,2024-May-16,05:03:02
7619,2024-05-16T05:04:02,53.31884,-8.57907,5.6,8.25,0,0,,2024-May-16,05:04:02
7620,2024-05-16T05:05:02,53.31884,-8.57907,5.6,8.25,0,0,,2024-May-16,05:05:02
7621,2024-05-16T05:06:02,53.31884,-8.57907,5.6,8.25,0,0,,2024-May-16,05:06:02
7622,2024-05-16T05:07:02,53.31884,-8.57907,5.6,8.25,0,0,,2024-May-16,05:07:02
7623,2024-05-16T05:08:02,53.31884,-8.57907,5.6,8.25,0,0,,2024-May-16,05:08:02
7624,2024-05-16T05:09:02,53.31884,-8.57907,5.6,8.25,0,0,,2024-May-16,05:09:02
7625,2024-05-16T05:10:02,53.31884,-8.57907,5.6,8.25,0,0,,2024-May-16,05:10:02
7626,2024-05-16T05:11:02,53.31884,-8.57907,5.6,8.25,0,0,,2024-May-16,05:11:02
7627,2024-05-16T05:12:02,53.31884,-8.57907,5.6,8.25,0,1,,2024-May-16,05:12:02
7628,2024-05-16T05:13:02,53.31884,-8.57907,5.6,8.25,0,0,,2024-May-16,05:13:02
7629,2024-05-16T05:14:02,53.31884,-8.57907,5.6,8.25,0,0,,2024-May-16,05:14:02
7630,2024-05-16T05:15:02,53.31884,-8.57907,5.6,8.25,0,0,,2024-May-16,05:15:02
7631,2024-05-16T05:16:02,53.31884,-8.57907,5.6,8.25,0,0,,2024-May-16,05:16:02
7632,2024-05-16T05:17:02,53.31884,-8.57907,5.6,8.5,0,0,,2024-May-16,05:17:02
7633,2024-05-16T05:18:02,53.31884,-8.57907,5.6,8.5,0,0,,2024-May-16,05:18:02
7634,2024-05-16T05:19:02,53.31884,-8.57907,5.6,8.25,0,0,,2024-May-16,05:19:02
7635,2024-05-16T05:20:02,53.31884,-8.57907,5.6,8.5,0,0,,2024-May-16,05:20:02
7636,2024-05-16T05:21:02,53.31884,-8.57907,5.6,8.5,2,0,,2024-May-16,05:21:02
7637,2024-05-16T05:22:02,53.31884,-8.57907,5.6,8.5,0,0,,2024-May-16,05:22:02
7638,2024-05-16T05:23:02,53.31884,-8.57907,5.6,8.5,0,0,,2024-May-16,05:23:02
7639,2024-05-16T05:24:02,53.31884,-8.57907,5.6,8.5,0,0,,2024-May-16,05:24:02
7640,2024-05-16T05:25:02,53.31884,-8.57907,5.6,8.5,0,0,,2024-May-16,05:25:02
7641,2024-05-16T05:26:02,53.31884,-8.57907,5.6,8.5,0,0,,2024-May-16,05:26:02
7642,2024-05-16T05:27:02,53.31884,-8.57907,5.6,8.5,0,0,,2024-May-16,05:27:02
7643,2024-05-16T05:28:02,53.31884,-8.57907,5.6,8.5,0,0,,2024-May-16,05:28:02
7644,2024-05-16T05:29:02,53.31884,-8.57907,5.6,8.5,0,0,,2024-May-16,05:29:02
7645,2024-05-16T05:30:02,53.31884,-8.57907,5.6,8.5,0,0,,2024-May-16,05:30:02
7646,2024-05-16T05:31:02,53.31884,-8.57907,5.6,8.5,0,0,,2024-May-16,05:31:02
7647,2024-05-16T05:32:02,53.31884,-8.57907,5.6,8.5,0,0,,2024-May-16,05:32:02
7648,2024-05-16T05:33:02,53.31884,-8.57907,5.6,8.75,0,0,,2024-May-16,05:33:02
7649,2024-05-16T05:34:02,53.31884,-8.57907,5.6,8.75,0,0,,2024-May-16,05:34:02
7650,2024-05-16T05:35:02,53.31884,-8.57907,5.6,8.5,0,0,,2024-May-16,05:35:02
7651,2024-05-16T05:36:02,53.31884,-8.57907,5.6,8.75,0,0,,2024-May-16,05:36:02
7652,2024-05-16T05:37:02,53.31884,-8.57907,5.6,8.75,0,0,,2024-May-16,05:37:02
7653,2024-05-16T05:38:02,53.31884,-8.57907,5.5,8.75,2,1,,2024-May-16,05:38:02
7654,2024-05-16T05:39:02,53.31884,-8.57907,5.5,9.0,5,1,,2024-May-16,05:39:02
7655,2024-05-16T05:40:02,53.31884,-8.57907,5.6,9.0,3,3,,2024-May-16,05:40:02
7656,2024-05-16T05:41:02,53.31884,-8.57907,5.6,9.25,3,2,,2024-May-16,05:41:02
7657,2024-05-16T05:42:02,53.31884,-8.57907,5.6,9.0,0,0,,2024-May-16,05:42:02
7658,2024-05-16T05:43:02,53.31884,-8.57907,5.6,9.0,0,0,,2024-May-16,05:43:02
7659,2024-05-16T05:44:02,53.31884,-8.57907,5.6,9.0,0,0,,2024-May-16,05:44:02
7660,2024-05-16T05:45:02,53.31884,-8.57907,5.6,8.75,0,0,,2024-May-16,05:45:02
7661,2024-05-16T05:46:02,53.31884,-8.57907,5.6,8.75,0,0,,2024-May-16,05:46:02
7662,2024-05-16T05:47:02,53.31884,-8.57907,5.6,8.75,0,0,,2024-May-16,05:47:02
7663,2024-05-16T05:48:02,53.31884,-8.57907,5.6,8.75,0,0,,2024-May-16,05:48:02
7664,2024-05-16T05:49:02,53.31884,-8.57907,5.6,8.75,0,0,,2024-May-16,05:49:02
7665,2024-05-16T05:50:02,53.31884,-8.57907,5.6,8.75,0,0,,2024-May-16,05:50:02
7666,2024-05-16T05:51:02,53.31884,-8.57907,5.6,8.75,0,0,,2024-May-16,05:51:02
7667,2024-05-16T05:52:02,53.31884,-8.57907,5.6,8.75,0,0,,2024-May-16,05:52:02
7668,2024-05-16T05:53:02,53.31884,-8.57907,5.6,8.75,0,0,,2024-May-16,05:53:02
7669,2024-05-16T05:54:02,53.31884,-8.57907,5.6,8.75,0,0,,2024-May-16,05:54:02
7670,2024-05-16T05:55:02,53.31884,-8.57907,5.6,9.0,0,0,,2024-May-16,05:55:02
7671,2024-05-16T05:56:02,53.31884,-8.57907,5.6,8.75,0,0,,2024-May-16,05:56:02
7672,2024-05-16T05:57:02,53.31884,-8.57907,5.6,9.0,0,1,,2024-May-16,05:57:02
7673,2024-05-16T05:58:02,53.31884,-8.57907,5.6,9.0,0,0,,2024-May-16,05:58:02
7674,2024-05-16T05:59:02,53.31884,-8.57907,5.6,9.0,0,0,,2024-May-16,05:59:02
7675,2024-05-16T06:00:02,53.31884,-8.57907,5.6,8.75,0,0,,2024-May-16,06:00:02
7676,2024-05-16T06:01:02,53.31884,-8.57907,5.6,9.0,0,0,,2024-May-16,06:01:02
7677,2024-05-16T06:02:02,53.31884,-8.57907,5.6,8.75,0,0,,2024-May-16,06:02:02
7678,2024-05-16T06:03:00,53.31884,-8.57907,5.6,8.75,0,0,,2024-May-16,06:03:00
7679,2024-05-16T21:00:59,53.31884,-8.57907,5.9,15.25,0,1,,2024-May-16,21:00:59
7680,2024-05-16T21:01:59,53.31884,-8.57907,5.8,15.5,0,2,,2024-May-16,21:01:59
7681,2024-05-16T21:02:59,53.31884,-8.57907,5.8,15.5,0,1,,2024-May-16,21:02:59
7682,2024-05-16T21:03:59,53.31884,-8.57907,5.8,15.5,0,2,,2024-May-16,21:03:59
7683,2024-05-16T21:04:59,53.31884,-8.57907,5.8,15.25,0,1,,2024-May-16,21:04:59
7684,2024-05-16T21:05:59,53.31884,-8.57907,5.8,15.5,0,1,,2024-May-16,21:05:59
7685,2024-05-16T21:06:59,53.31884,-8.57907,5.8,15.5,0,2,,2024-May-16,21:06:59
7686,2024-05-16T21:07:59,53.31884,-8.57907,5.8,15.5,0,1,,2024-May-16,21:07:59
7687,2024-05-16T21:08:59,53.31884,-8.57907,5.8,15.5,0,0,,2024-May-16,21:08:59
7688,2024-05-16T21:09:59,53.31884,-8.57907,5.8,15.5,0,1,,2024-May-16,21:09:59
7689,2024-05-16T21:10:59,53.31884,-8.57907,5.8,15.5,0,0,,2024-May-16,21:10:59
7690,2024-05-16T21:11:59,53.31884,-8.57907,5.8,15.5,0,1,,2024-May-16,21:11:59
7691,2024-05-16T21:12:59,53.31884,-8.57907,5.8,15.5,0,0,,2024-May-16,21:12:59
7692,2024-05-16T21:13:59,53.31884,-8.57907,5.8,15.25,0,0,,2024-May-16,21:13:59
7693,2024-05-16T21:14:59,53.31884,-8.57907,5.8,15.25,0,0,,2024-May-16,21:14:59
7694,2024-05-16T21:15:59,53.31884,-8.57907,5.8,15.25,0,1,,2024-May-16,21:15:59
7695,2024-05-16T21:16:59,53.31884,-8.57907,5.8,15.25,0,2,,2024-May-16,21:16:59
7696,2024-05-16T21:17:59,53.31884,-8.57907,5.8,15.25,0,2,,2024-May-16,21:17:59
7697,2024-05-16T21:18:59,53.31884,-8.57907,5.8,15.25,0,1,,2024-May-16,21:18:59
7698,2024-05-16T21:19:59,53.31884,-8.57907,5.7,15.25,0,0,,2024-May-16,21:19:59
7699,2024-05-16T21:20:59,53.31884,-8.57907,5.8,15.25,0,2,,2024-May-16,21:20:59
7700,2024-05-16T21:21:59,53.31884,-8.57907,5.8,15.25,0,2,,2024-May-16,21:21:59
7701,2024-05-16T21:22:59,53.31884,-8.57907,5.8,15.25,0,0,,2024-May-16,21:22:59
7702,2024-05-16T21:23:59,53.31884,-8.57907,5.8,15.25,0,1,,2024-May-16,21:23:59
7703,2024-05-16T21:24:59,53.31884,-8.57907,5.8,15.25,0,0,,2024-May-16,21:24:59
7704,2024-05-16T21:25:59,53.31884,-8.57907,5.8,15.0,0,1,,2024-May-16,21:25:59
7705,2024-05-16T21:26:59,53.31884,-8.57907,5.8,15.0,0,0,,2024-May-16,21:26:59
7706,2024-05-16T21:27:59,53.31884,-8.57907,5.8,15.25,0,1,,2024-May-16,21:27:59
7707,2024-05-16T21:28:59,53.31884,-8.57907,5.8,15.25,0,2,,2024-May-16,21:28:59
7708,2024-05-16T21:29:59,53.31884,-8.57907,5.8,15.25,0,0,,2024-May-16,21:29:59
7709,2024-05-16T21:30:59,53.31884,-8.57907,5.8,15.0,0,1,,2024-May-16,21:30:59
7710,2024-05-16T21:31:59,53.31884,-8.57907,5.8,15.25,0,2,,2024-May-16,21:31:59
7711,2024-05-16T21:32:59,53.31884,-8.57907,5.8,15.0,0,0,,2024-May-16,21:32:59
7712,2024-05-16T21:33:59,53.31884,-8.57907,5.8,15.0,0,0,,2024-May-16,21:33:59
7713,2024-05-16T21:34:59,53.31884,-8.57907,5.8,15.25,0,2,,2024-May-16,21:34:59
7714,2024-05-16T21:35:59,53.31884,-8.57907,5.8,15.0,0,1,,2024-May-16,21:35:59
7715,2024-05-16T21:36:59,53.31884,-8.57907,5.8,15.0,0,0,,2024-May-16,21:36:59
7716,2024-05-16T21:37:59,53.31884,-8.57907,5.8,15.0,0,1,,2024-May-16,21:37:59
7717,2024-05-16T21:38:59,53.31884,-8.57907,5.8,15.0,0,0,,2024-May-16,21:38:59
7718,2024-05-16T21:39:59,53.31884,-8.57907,5.8,15.0,0,1,,2024-May-16,21:39:59
7719,2024-05-16T21:40:59,53.31884,-8.57907,5.8,15.0,0,1,,2024-May-16,21:40:59
7720,2024-05-16T21:41:59,53.31884,-8.57907,5.8,15.0,0,1,,2024-May-16,21:41:59
7721,2024-05-16T21:42:59,53.31884,-8.57907,5.8,15.0,0,0,,2024-May-16,21:42:59
7722,2024-05-16T21:43:59,53.31884,-8.57907,5.8,15.0,0,1,,2024-May-16,21:43:59
7723,2024-05-16T21:44:59,53.31884,-8.57907,5.8,15.0,0,0,,2024-May-16,21:44:59
7724,2024-05-16T21:45:59,53.31884,-8.57907,5.8,14.75,0,0,,2024-May-16,21:45:59
7725,2024-05-16T21:46:59,53.31884,-8.57907,5.8,15.0,0,2,,2024-May-16,21:46:59
7726,2024-05-16T21:47:59,53.31884,-8.57907,5.8,14.75,0,2,,2024-May-16,21:47:59
7727,2024-05-16T21:48:59,53.31884,-8.57907,5.8,14.75,0,0,,2024-May-16,21:48:59
7728,2024-05-16T21:49:59,53.31884,-8.57907,5.8,14.75,0,0,,2024-May-16,21:49:59
7729,2024-05-16T21:50:59,53.31884,-8.57907,5.8,14.75,0,1,,2024-May-16,21:50:59
7730,2024-05-16T21:51:59,53.31884,-8.57907,5.8,14.75,0,3,,2024-May-16,21:51:59
7731,2024-05-16T21:52:59,53.31884,-8.57907,5.8,14.75,0,0,,2024-May-16,21:52:59
7732,2024-05-16T21:53:59,53.31884,-8.57907,5.8,14.75,0,0,,2024-May-16,21:53:59
7733,2024-05-16T21:54:59,53.31884,-8.57907,5.8,14.75,0,2,,2024-May-16,21:54:59
7734,2024-05-16T21:55:59,53.31884,-8.57907,5.8,14.75,0,0,,2024-May-16,21:55:59
7735,2024-05-16T21:56:59,53.31884,-8.57907,5.8,14.75,0,0,,2024-May-16,21:56:59
7736,2024-05-16T21:57:59,53.31884,-8.57907,5.8,14.5,0,0,,2024-May-16,21:57:59
7737,2024-05-16T21:58:59,53.31884,-8.57907,5.8,14.75,0,0,,2024-May-16,21:58:59
7738,2024-05-16T21:59:59,53.31884,-8.57907,5.8,14.75,0,0,,2024-May-16,21:59:59
7739,2024-05-16T22:00:59,53.31884,-8.57907,5.8,14.5,0,0,,2024-May-16,22:00:59
7740,2024-05-16T22:01:59,53.31884,-8.57907,5.8,14.5,0,1,,2024-May-16,22:01:59
7741,2024-05-16T22:02:59,53.31884,-8.57907,5.8,14.5,0,1,,2024-May-16,22:02:59
7742,2024-05-16T22:03:59,53.31884,-8.57907,5.8,14.75,0,0,,2024-May-16,22:03:59
7743,2024-05-16T22:04:59,53.31884,-8.57907,5.8,14.5,0,0,,2024-May-16,22:04:59
7744,2024-05-16T22:05:59,53.31884,-8.57907,5.8,14.5,0,0,,2024-May-16,22:05:59
7745,2024-05-16T22:06:59,53.31884,-8.57907,5.8,14.5,0,0,,2024-May-16,22:06:59
7746,2024-05-16T22:07:59,53.31884,-8.57907,5.8,14.5,0,1,,2024-May-16,22:07:59
7747,2024-05-16T22:08:59,53.31884,-8.57907,5.8,14.5,1,0,,2024-May-16,22:08:59
7748,2024-05-16T22:09:59,53.31884,-8.57907,5.8,14.5,1,0,,2024-May-16,22:09:59
7749,2024-05-16T22:10:59,53.31884,-8.57907,5.8,14.5,1,0,,2024-May-16,22:10:59
7750,2024-05-16T22:11:59,53.31884,-8.57907,5.8,14.75,4,1,,2024-May-16,22:11:59
7751,2024-05-16T22:12:59,53.31884,-8.57907,5.8,14.5,0,0,,2024-May-16,22:12:59
7752,2024-05-16T22:13:59,53.31884,-8.57907,5.8,14.5,0,0,,2024-May-16,22:13:59
7753,2024-05-16T22:14:59,53.31884,-8.57907,5.8,14.75,6,2,,2024-May-16,22:14:59
7754,2024-05-16T22:15:59,53.31884,-8.57907,5.8,14.75,3,0,,2024-May-16,22:15:59
7755,2024-05-16T22:16:59,53.31884,-8.57907,5.8,14.75,1,0,,2024-May-16,22:16:59
7756,2024-05-16T22:17:59,53.31884,-8.57907,5.8,14.75,0,1,,2024-May-16,22:17:59
7757,2024-05-16T22:18:59,53.31884,-8.57907,5.8,14.75,1,1,,2024-May-16,22:18:59
7758,2024-05-16T22:19:59,53.31884,-8.57907,5.8,14.75,3,0,,2024-May-16,22:19:59
7759,2024-05-16T22:20:59,53.31884,-8.57907,5.8,14.5,0,1,,2024-May-16,22:20:59
7760,2024-05-16T22:21:59,53.31884,-8.57907,5.8,14.75,3,1,,2024-May-16,22:21:59
7761,2024-05-16T22:22:59,53.31884,-8.57907,5.8,14.75,0,1,,2024-May-16,22:22:59
7762,2024-05-16T22:23:59,53.31884,-8.57907,5.8,14.75,0,1,,2024-May-16,22:23:59
7763,2024-05-16T22:24:59,53.31884,-8.57907,5.8,14.75,1,2,,2024-May-16,22:24:59
7764,2024-05-16T22:25:59,53.31884,-8.57907,5.8,14.75,0,0,,2024-May-16,22:25:59
7765,2024-05-16T22:26:59,53.31884,-8.57907,5.8,14.5,1,1,,2024-May-16,22:26:59
7766,2024-05-16T22:27:59,53.31884,-8.57907,5.8,14.5,1,2,,2024-May-16,22:27:59
7767,2024-05-16T22:28:59,53.31884,-8.57907,5.8,14.75,2,0,,2024-May-16,22:28:59
7768,2024-05-16T22:29:59,53.31884,-8.57907,5.8,14.5,0,1,,2024-May-16,22:29:59
7769,2024-05-16T22:30:59,53.31884,-8.57907,5.8,14.5,1,1,,2024-May-16,22:30:59
7770,2024-05-16T22:31:59,53.31884,-8.57907,5.8,14.5,1,0,,2024-May-16,22:31:59
7771,2024-05-16T22:32:59,53.31884,-8.57907,5.8,14.75,1,0,,2024-May-16,22:32:59
7772,2024-05-16T22:33:59,53.31884,-8.57907,5.8,14.75,1,0,,2024-May-16,22:33:59
7773,2024-05-16T22:34:59,53.31884,-8.57907,5.8,14.5,1,0,,2024-May-16,22:34:59
7774,2024-05-16T22:35:59,53.31884,-8.57907,5.8,14.5,0,1,,2024-May-16,22:35:59
7775,2024-05-16T22:36:59,53.31884,-8.57907,5.8,14.5,0,0,,2024-May-16,22:36:59
7776,2024-05-16T22:37:59,53.31884,-8.57907,5.8,14.5,0,1,,2024-May-16,22:37:59
7777,2024-05-16T22:38:59,53.31884,-8.57907,5.8,14.5,1,0,,2024-May-16,22:38:59
7778,2024-05-16T22:39:59,53.31884,-8.57907,5.8,14.5,0,0,,2024-May-16,22:39:59
7779,2024-05-16T22:40:59,53.31884,-8.57907,5.8,14.5,0,2,,2024-May-16,22:40:59
7780,2024-05-16T22:41:59,53.31884,-8.57907,5.8,14.5,1,2,,2024-May-16,22:41:59
7781,2024-05-16T22:42:59,53.31884,-8.57907,5.8,14.5,0,0,,2024-May-16,22:42:59
7782,2024-05-16T22:43:59,53.31884,-8.57907,5.8,14.5,0,0,,2024-May-16,22:43:59
7783,2024-05-16T22:44:59,53.31884,-8.57907,5.8,14.5,1,0,,2024-May-16,22:44:59
7784,2024-05-16T22:45:59,53.31884,-8.57907,5.8,14.5,0,0,,2024-May-16,22:45:59
7785,2024-05-16T22:46:59,53.31884,-8.57907,5.8,14.5,0,0,,2024-May-16,22:46:59
7786,2024-05-16T22:47:59,53.31884,-8.57907,5.7,14.5,2,1,,2024-May-16,22:47:59
7787,2024-05-16T22:48:59,53.31884,-8.57907,5.8,14.5,0,2,,2024-May-16,22:48:59
7788,2024-05-16T22:49:59,53.31884,-8.57907,5.7,14.5,1,2,,2024-May-16,22:49:59
7789,2024-05-16T22:50:59,53.31884,-8.57907,5.7,14.5,0,0,,2024-May-16,22:50:59
7790,2024-05-16T22:51:59,53.31884,-8.57907,5.8,14.5,2,0,,2024-May-16,22:51:59
7791,2024-05-16T22:52:59,53.31884,-8.57907,5.8,14.75,1,2,,2024-May-16,22:52:59
7792,2024-05-16T22:53:59,53.31884,-8.57907,5.8,14.5,4,1,,2024-May-16,22:53:59
7793,2024-05-16T22:54:59,53.31884,-8.57907,5.7,14.75,3,1,,2024-May-16,22:54:59
7794,2024-05-16T22:55:59,53.31884,-8.57907,5.7,14.75,2,1,,2024-May-16,22:55:59
7795,2024-05-16T22:56:59,53.31884,-8.57907,5.7,14.75,1,1,,2024-May-16,22:56:59
7796,2024-05-16T22:57:59,53.31884,-8.57907,5.8,14.75,1,0,,2024-May-16,22:57:59
7797,2024-05-16T22:58:59,53.31884,-8.57907,5.8,14.5,0,0,,2024-May-16,22:58:59
7798,2024-05-16T22:59:59,53.31884,-8.57907,5.7,14.5,1,1,,2024-May-16,22:59:59
7799,2024-05-16T23:00:59,53.31884,-8.57907,5.8,14.75,1,2,,2024-May-16,23:00:59
7800,2024-05-16T23:01:59,53.31884,-8.57907,5.8,14.5,3,0,,2024-May-16,23:01:59
7801,2024-05-16T23:02:59,53.31884,-8.57907,5.8,14.75,0,0,,2024-May-16,23:02:59
7802,2024-05-16T23:03:59,53.31884,-8.57907,5.8,14.5,2,0,,2024-May-16,23:03:59
7803,2024-05-16T23:04:59,53.31884,-8.57907,5.8,14.75,0,4,,2024-May-16,23:04:59
7804,2024-05-16T23:05:59,53.31884,-8.57907,5.8,14.5,1,2,,2024-May-16,23:05:59
7805,2024-05-16T23:06:59,53.31884,-8.57907,5.8,14.5,0,0,,2024-May-16,23:06:59
7806,2024-05-16T23:07:59,53.31884,-8.57907,5.8,14.5,0,1,,2024-May-16,23:07:59
7807,2024-05-16T23:08:59,53.31884,-8.57907,5.8,14.5,1,1,,2024-May-16,23:08:59
7808,2024-05-16T23:09:59,53.31884,-8.57907,5.8,14.5,2,0,,2024-May-16,23:09:59
7809,2024-05-16T23:10:59,53.31884,-8.57907,5.7,14.5,1,2,,2024-May-16,23:10:59
7810,2024-05-16T23:11:59,53.31884,-8.57907,5.7,14.5,1,3,,2024-May-16,23:11:59
7811,2024-05-16T23:12:59,53.31884,-8.57907,5.7,14.5,2,0,,2024-May-16,23:12:59
7812,2024-05-16T23:13:59,53.31884,-8.57907,5.8,14.5,0,1,,2024-May-16,23:13:59
7813,2024-05-16T23:14:59,53.31884,-8.57907,5.8,14.5,0,0,,2024-May-16,23:14:59
7814,2024-05-16T23:15:59,53.31884,-8.57907,5.8,14.5,1,1,,2024-May-16,23:15:59
7815,2024-05-16T23:16:59,53.31884,-8.57907,5.8,14.75,1,0,,2024-May-16,23:16:59
7816,2024-05-16T23:17:59,53.31884,-8.57907,5.8,14.5,2,0,,2024-May-16,23:17:59
7817,2024-05-16T23:18:59,53.31884,-8.57907,5.7,14.5,2,1,,2024-May-16,23:18:59
7818,2024-05-16T23:19:59,53.31884,-8.57907,5.8,14.5,2,0,,2024-May-16,23:19:59
7819,2024-05-16T23:20:59,53.31884,-8.57907,5.8,14.5,0,0,,2024-May-16,23:20:59
7820,2024-05-16T23:21:59,53.31884,-8.57907,5.8,14.5,1,0,,2024-May-16,23:21:59
7821,2024-05-16T23:22:59,53.31884,-8.57907,5.8,14.5,2,0,,2024-May-16,23:22:59
7822,2024-05-16T23:23:59,53.31884,-8.57907,5.8,14.5,0,1,,2024-May-16,23:23:59
7823,2024-05-16T23:24:59,53.31884,-8.57907,5.8,14.5,0,0,,2024-May-16,23:24:59
7824,2024-05-16T23:25:59,53.31884,-8.57907,5.8,14.5,1,2,,2024-May-16,23:25:59
7825,2024-05-16T23:26:59,53.31884,-8.57907,5.8,14.5,1,0,,2024-May-16,23:26:59
7826,2024-05-16T23:27:59,53.31884,-8.57907,5.8,14.5,0,0,,2024-May-16,23:27:59
7827,2024-05-16T23:28:59,53.31884,-8.57907,5.8,14.25,0,1,,2024-May-16,23:28:59
7828,2024-05-16T23:29:59,53.31884,-8.57907,5.8,14.5,2,1,,2024-May-16,23:29:59
7829,2024-05-16T23:30:59,53.31884,-8.57907,5.8,14.5,0,1,,2024-May-16,23:30:59
7830,2024-05-16T23:31:59,53.31884,-8.57907,5.8,14.5,2,1,,2024-May-16,23:31:59
7831,2024-05-16T23:32:59,53.31884,-8.57907,5.7,14.5,0,0,,2024-May-16,23:32:59
7832,2024-05-16T23:33:59,53.31884,-8.57907,5.8,14.5,1,1,,2024-May-16,23:33:59
7833,2024-05-16T23:34:59,53.31884,-8.57907,5.7,14.5,0,2,,2024-May-16,23:34:59
7834,2024-05-16T23:35:59,53.31884,-8.57907,5.8,14.5,2,1,,2024-May-16,23:35:59
7835,2024-05-16T23:36:59,53.31884,-8.57907,5.8,14.25,1,0,,2024-May-16,23:36:59
7836,2024-05-16T23:37:59,53.31884,-8.57907,5.8,14.5,2,0,,2024-May-16,23:37:59
7837,2024-05-16T23:38:59,53.31884,-8.57907,5.7,14.5,0,1,,2024-May-16,23:38:59
7838,2024-05-16T23:39:59,53.31884,-8.57907,5.8,14.5,1,0,,2024-May-16,23:39:59
7839,2024-05-16T23:40:59,53.31884,-8.57907,5.8,14.25,0,1,,2024-May-16,23:40:59
7840,2024-05-16T23:41:59,53.31884,-8.57907,5.7,14.25,1,1,,2024-May-16,23:41:59
7841,2024-05-16T23:42:59,53.31884,-8.57907,5.8,14.25,1,0,,2024-May-16,23:42:59
7842,2024-05-16T23:43:59,53.31884,-8.57907,5.7,14.25,1,0,,2024-May-16,23:43:59
7843,2024-05-16T23:44:59,53.31884,-8.57907,5.8,14.5,0,0,,2024-May-16,23:44:59
7844,2024-05-16T23:45:59,53.31884,-8.57907,5.8,14.5,0,0,,2024-May-16,23:45:59
7845,2024-05-16T23:46:59,53.31884,-8.57907,5.7,14.25,0,0,,2024-May-16,23:46:59
7846,2024-05-16T23:47:59,53.31884,-8.57907,5.8,14.25,1,0,,2024-May-16,23:47:59
7847,2024-05-16T23:48:59,53.31884,-8.57907,5.8,14.25,0,0,,2024-May-16,23:48:59
7848,2024-05-16T23:49:59,53.31884,-8.57907,5.8,14.25,0,0,,2024-May-16,23:49:59
7849,2024-05-16T23:50:59,53.31884,-8.57907,5.8,14.25,1,0,,2024-May-16,23:50:59
7850,2024-05-16T23:51:59,53.31884,-8.57907,5.7,14.25,1,0,,2024-May-16,23:51:59
7851,2024-05-16T23:52:59,53.31884,-8.57907,5.7,14.25,0,0,,2024-May-16,23:52:59
7852,2024-05-16T23:53:59,53.31884,-8.57907,5.8,14.25,0,0,,2024-May-16,23:53:59
7853,2024-05-16T23:54:59,53.31884,-8.57907,5.8,14.25,0,1,,2024-May-16,23:54:59
7854,2024-05-16T23:55:59,53.31884,-8.57907,5.8,14.25,1,0,,2024-May-16,23:55:59
7855,2024-05-16T23:56:59,53.31884,-8.57907,5.7,14.25,0,0,,2024-May-16,23:56:59
7856,2024-05-16T23:57:59,53.31884,-8.57907,5.7,14.25,0,0,,2024-May-16,23:57:59
7857,2024-05-16T23:58:59,53.31884,-8.57907,5.8,14.25,1,0,,2024-May-16,23:58:59
7858,2024-05-16T23:59:59,53.31884,-8.57907,5.7,14.25,0,1,,2024-May-16,23:59:59
10355,2024-05-16T20:55:59,51.7443,-9.31424,6.4,12.75,0,0,,2024-May-16,20:55:59
10356,2024-05-16T20:56:59,51.7443,-9.31424,6.5,12.75,0,1,,2024-May-16,20:56:59
10357,2024-05-16T20:57:59,51.7443,-9.31424,6.5,13.0,0,0,,2024-May-16,20:57:59
10358,2024-05-16T20:58:59,51.7443,-9.31424,6.5,13.0,0,0,,2024-May-16,20:58:59
10359,2024-05-16T20:59:59,51.7443,-9.31424,6.5,13.0,0,0,,2024-May-16,20:59:59
10360,2024-05-16T21:00:59,51.7443,-9.31424,6.5,13.25,0,1,,2024-May-16,21:00:59
10361,2024-05-16T21:01:59,51.7443,-9.31424,6.5,13.25,0,2,,2024-May-16,21:01:59
10362,2024-05-16T21:02:59,51.7443,-9.31424,6.5,13.25,0,0,,2024-May-16,21:02:59
10363,2024-05-16T21:03:59,51.7443,-9.31424,6.5,13.5,0,4,,2024-May-16,21:03:59
10364,2024-05-16T21:04:59,51.7443,-9.31424,6.4,13.25,0,5,,2024-May-16,21:04:59
10365,2024-05-16T21:05:59,51.7443,-9.31424,6.4,13.25,0,8,,2024-May-16,21:05:59
10366,2024-05-16T21:06:59,51.7443,-9.31424,6.5,13.25,0,11,,2024-May-16,21:06:59
10367,2024-05-16T21:07:59,51.7443,-9.31424,6.4,13.25,0,10,,2024-May-16,21:07:59
10368,2024-05-16T21:08:59,51.7443,-9.31424,6.5,13.25,0,8,,2024-May-16,21:08:59
10369,2024-05-16T21:09:59,51.7443,-9.31424,6.5,13.5,0,3,,2024-May-16,21:09:59
10370,2024-05-16T21:10:59,51.7443,-9.31424,6.5,13.5,0,2,,2024-May-16,21:10:59
10371,2024-05-16T21:11:59,51.7443,-9.31424,6.5,13.5,0,3,,2024-May-16,21:11:59
10372,2024-05-16T21:12:59,51.7443,-9.31424,6.5,13.25,0,4,,2024-May-16,21:12:59
10373,2024-05-16T21:13:59,51.7443,-9.31424,6.5,13.25,0,4,,2024-May-16,21:13:59
10374,2024-05-16T21:14:59,51.7443,-9.31424,6.5,13.5,0,3,,2024-May-16,21:14:59
10375,2024-05-16T21:15:59,51.7443,-9.31424,6.5,13.25,0,4,,2024-May-16,21:15:59
10376,2024-05-16T21:16:59,51.7443,-9.31424,6.5,13.25,0,6,,2024-May-16,21:16:59
10377,2024-05-16T21:17:59,51.7443,-9.31424,6.5,13.25,0,10,,2024-May-16,21:17:59
10378,2024-05-16T21:18:59,51.7443,-9.31424,6.5,13.25,0,8,,2024-May-16,21:18:59
10379,2024-05-16T21:19:59,51.7443,-9.31424,6.5,13.25,0,6,,2024-May-16,21:19:59
10380,2024-05-16T21:20:59,51.7443,-9.31424,6.4,13.25,0,6,,2024-May-16,21:20:59
10381,2024-05-16T21:21:59,51.7443,-9.31424,6.5,13.25,0,7,,2024-May-16,21:21:59
10382,2024-05-16T21:22:59,51.7443,-9.31424,6.5,13.25,0,6,,2024-May-16,21:22:59
10383,2024-05-16T21:23:59,51.7443,-9.31424,6.5,13.25,0,2,,2024-May-16,21:23:59
10384,2024-05-16T21:24:59,51.7443,-9.31424,6.5,13.25,0,3,,2024-May-16,21:24:59
10385,2024-05-16T21:25:59,51.7443,-9.31424,6.5,13.0,0,3,,2024-May-16,21:25:59
10386,2024-05-16T21:26:59,51.7443,-9.31424,6.5,13.25,0,5,,2024-May-16,21:26:59
10387,2024-05-16T21:27:59,51.7443,-9.31424,6.5,13.25,0,1,,2024-May-16,21:27:59
10388,2024-05-16T21:28:59,51.7443,-9.31424,6.5,13.0,0,2,,2024-May-16,21:28:59
10389,2024-05-16T21:29:59,51.7443,-9.31424,6.5,13.0,0,1,,2024-May-16,21:29:59
10390,2024-05-16T21:30:59,51.7443,-9.31424,6.5,13.0,0,1,,2024-May-16,21:30:59
10391,2024-05-16T21:31:59,51.7443,-9.31424,6.5,12.75,0,1,,2024-May-16,21:31:59
10392,2024-05-16T21:32:59,51.7443,-9.31424,6.5,13.0,0,2,,2024-May-16,21:32:59
10393,2024-05-16T21:33:59,51.7443,-9.31424,6.5,12.75,0,3,,2024-May-16,21:33:59
10394,2024-05-16T21:34:59,51.7443,-9.31424,6.4,12.75,0,3,,2024-May-16,21:34:59
10395,2024-05-16T21:35:59,51.7443,-9.31424,6.5,12.75,0,3,,2024-May-16,21:35:59
10396,2024-05-16T21:36:59,51.7443,-9.31424,6.4,12.75,0,5,,2024-May-16,21:36:59
10397,2024-05-16T21:37:59,51.7443,-9.31424,6.5,12.75,0,3,,2024-May-16,21:37:59
10398,2024-05-16T21:38:59,51.7443,-9.31424,6.5,12.75,0,3,,2024-May-16,21:38:59
10399,2024-05-16T21:39:59,51.7443,-9.31424,6.5,12.5,0,2,,2024-May-16,21:39:59
10400,2024-05-16T21:40:59,51.7443,-9.31424,6.4,12.5,0,5,,2024-May-16,21:40:59
10401,2024-05-16T21:41:59,51.7443,-9.31424,6.5,12.5,0,0,,2024-May-16,21:41:59
10402,2024-05-16T21:42:59,51.7443,-9.31424,6.5,12.5,0,1,,2024-May-16,21:42:59
10403,2024-05-16T21:43:59,51.7443,-9.31424,6.5,12.5,0,3,,2024-May-16,21:43:59
10404,2024-05-16T21:44:59,51.7443,-9.31424,6.5,12.5,0,1,,2024-May-16,21:44:59
10405,2024-05-16T21:45:59,51.7443,-9.31424,6.5,12.5,0,2,,2024-May-16,21:45:59
10406,2024-05-16T21:46:59,51.7443,-9.31424,6.4,12.5,0,3,,2024-May-16,21:46:59
10407,2024-05-16T21:47:59,51.7443,-9.31424,6.5,12.25,0,2,,2024-May-16,21:47:59
10408,2024-05-16T21:48:59,51.7443,-9.31424,6.5,12.25,0,4,,2024-May-16,21:48:59
10409,2024-05-16T21:49:59,51.7443,-9.31424,6.4,12.5,0,4,,2024-May-16,21:49:59
10410,2024-05-16T21:50:59,51.7443,-9.31424,6.4,12.25,0,3,,2024-May-16,21:50:59
10411,2024-05-16T21:51:59,51.7443,-9.31424,6.4,12.5,0,0,,2024-May-16,21:51:59
10412,2024-05-16T21:52:59,51.7443,-9.31424,6.4,12.25,0,1,,2024-May-16,21:52:59
10413,2024-05-16T21:53:59,51.7443,-9.31424,6.4,12.25,0,0,,2024-May-16,21:53:59
10414,2024-05-16T21:54:59,51.7443,-9.31424,6.4,12.25,0,2,,2024-May-16,21:54:59
10415,2024-05-16T21:55:59,51.7443,-9.31424,6.4,12.25,0,3,,2024-May-16,21:55:59
10416,2024-05-16T21:56:59,51.7443,-9.31424,6.4,12.25,0,0,,2024-May-16,21:56:59
10417,2024-05-16T21:57:59,51.7443,-9.31424,6.4,12.25,0,1,,2024-May-16,21:57:59
10418,2024-05-16T21:58:59,51.7443,-9.31424,6.4,12.25,0,0,,2024-May-16,21:58:59
10419,2024-05-16T21:59:59,51.7443,-9.31424,6.4,12.0,0,0,,2024-May-16,21:59:59
10420,2024-05-16T22:00:59,51.7443,-9.31424,6.4,12.25,0,1,,2024-May-16,22:00:59
10421,2024-05-16T22:01:59,51.7443,-9.31424,6.4,12.25,0,0,,2024-May-16,22:01:59
10422,2024-05-16T22:02:59,51.7443,-9.31424,6.4,12.0,0,0,,2024-May-16,22:02:59
10423,2024-05-16T22:03:59,51.7443,-9.31424,6.4,12.0,0,1,,2024-May-16,22:03:59
10424,2024-05-16T22:04:59,51.7443,-9.31424,6.4,12.0,0,3,,2024-May-16,22:04:59
10425,2024-05-16T22:05:59,51.7443,-9.31424,6.4,12.25,0,2,,2024-May-16,22:05:59
10426,2024-05-16T22:06:59,51.7443,-9.31424,6.4,12.25,0,2,,2024-May-16,22:06:59
10427,2024-05-16T22:07:59,51.7443,-9.31424,6.4,12.0,0,2,,2024-May-16,22:07:59
10428,2024-05-16T22:08:59,51.7443,-9.31424,6.4,12.25,0,1,,2024-May-16,22:08:59
10429,2024-05-16T22:09:59,51.7443,-9.31424,6.4,12.0,0,1,,2024-May-16,22:09:59
10430,2024-05-16T22:10:59,51.7443,-9.31424,6.4,12.0,0,2,,2024-May-16,22:10:59
10431,2024-05-16T22:11:59,51.7443,-9.31424,6.4,12.25,0,2,,2024-May-16,22:11:59
10432,2024-05-16T22:12:59,51.7443,-9.31424,6.4,12.0,0,1,,2024-May-16,22:12:59
10433,2024-05-16T22:13:59,51.7443,-9.31424,6.4,12.0,0,0,,2024-May-16,22:13:59
10434,2024-05-16T22:14:59,51.7443,-9.31424,6.4,12.0,0,1,,2024-May-16,22:14:59
10435,2024-05-16T22:15:59,51.7443,-9.31424,6.4,12.0,0,1,,2024-May-16,22:15:59
10436,2024-05-16T22:16:59,51.7443,-9.31424,6.4,12.25,0,5,,2024-May-16,22:16:59
10437,2024-05-16T22:17:59,51.7443,-9.31424,6.4,12.0,0,2,,2024-May-16,22:17:59
10438,2024-05-16T22:18:59,51.7443,-9.31424,6.5,12.0,0,1,,2024-May-16,22:18:59
10439,2024-05-16T22:19:59,51.7443,-9.31424,6.4,12.0,0,2,,2024-May-16,22:19:59
10440,2024-05-16T22:20:59,51.7443,-9.31424,6.5,12.0,0,2,,2024-May-16,22:20:59
10441,2024-05-16T22:21:59,51.7443,-9.31424,6.5,12.0,0,2,,2024-May-16,22:21:59
10442,2024-05-16T22:22:59,51.7443,-9.31424,6.4,12.25,0,1,,2024-May-16,22:22:59
10443,2024-05-16T22:23:59,51.7443,-9.31424,6.4,12.25,0,1,,2024-May-16,22:23:59
10444,2024-05-16T22:24:59,51.7443,-9.31424,6.4,12.0,0,1,,2024-May-16,22:24:59
10445,2024-05-16T22:25:59,51.7443,-9.31424,6.4,12.0,0,1,,2024-May-16,22:25:59
10446,2024-05-16T22:26:59,51.7443,-9.31424,6.4,12.0,0,2,,2024-May-16,22:26:59
10447,2024-05-16T22:27:59,51.7443,-9.31424,6.3,12.25,0,1,,2024-May-16,22:27:59
10448,2024-05-16T22:28:59,51.7443,-9.31424,6.4,12.0,0,3,,2024-May-16,22:28:59
10449,2024-05-16T22:29:59,51.7443,-9.31424,6.4,12.25,0,2,,2024-May-16,22:29:59
10450,2024-05-16T22:30:59,51.7443,-9.31424,6.4,12.0,0,2,,2024-May-16,22:30:59
10451,2024-05-16T22:31:59,51.7443,-9.31424,6.4,12.0,0,1,,2024-May-16,22:31:59
10452,2024-05-16T22:32:59,51.7443,-9.31424,6.4,12.0,0,2,,2024-May-16,22:32:59
10453,2024-05-16T22:33:59,51.7443,-9.31424,6.4,12.0,0,1,,2024-May-16,22:33:59
10454,2024-05-16T22:34:59,51.7443,-9.31424,6.4,12.0,0,2,,2024-May-16,22:34:59
10455,2024-05-16T22:35:59,51.7443,-9.31424,6.4,12.0,0,0,,2024-May-16,22:35:59
10456,2024-05-16T22:36:59,51.7443,-9.31424,6.4,12.0,0,2,,2024-May-16,22:36:59
10457,2024-05-16T22:37:59,51.7443,-9.31424,6.4,12.0,0,0,,2024-May-16,22:37:59
10458,2024-05-16T22:38:59,51.7443,-9.31424,6.4,12.0,0,0,,2024-May-16,22:38:59
10459,2024-05-16T22:39:59,51.7443,-9.31424,6.4,12.0,0,0,,2024-May-16,22:39:59
10460,2024-05-16T22:40:59,51.7443,-9.31424,6.4,12.0,0,0,,2024-May-16,22:40:59
10461,2024-05-16T22:41:59,51.7443,-9.31424,6.4,12.0,0,0,,2024-May-16,22:41:59
10462,2024-05-16T22:42:59,51.7443,-9.31424,6.4,12.0,0,1,,2024-May-16,22:42:59
10463,2024-05-16T22:43:59,51.7443,-9.31424,6.4,12.0,0,0,,2024-May-16,22:43:59
10464,2024-05-16T22:44:59,51.7443,-9.31424,6.4,12.0,0,0,,2024-May-16,22:44:59
10465,2024-05-16T22:45:59,51.7443,-9.31424,6.4,12.0,0,1,,2024-May-16,22:45:59
10466,2024-05-16T22:46:59,51.7443,-9.31424,6.4,11.75,0,1,,2024-May-16,22:46:59
10467,2024-05-16T22:47:59,51.7443,-9.31424,6.4,11.75,0,1,,2024-May-16,22:47:59
10468,2024-05-16T22:48:59,51.7443,-9.31424,6.4,11.75,0,2,,2024-May-16,22:48:59
10469,2024-05-16T22:49:59,51.7443,-9.31424,6.4,11.75,0,4,,2024-May-16,22:49:59
10470,2024-05-16T22:50:59,51.7443,-9.31424,6.4,11.75,0,2,,2024-May-16,22:50:59
10471,2024-05-16T22:51:59,51.7443,-9.31424,6.4,11.75,0,1,,2024-May-16,22:51:59
10472,2024-05-16T22:52:59,51.7443,-9.31424,6.4,12.0,0,2,,2024-May-16,22:52:59
10473,2024-05-16T22:53:59,51.7443,-9.31424,6.4,11.75,0,1,,2024-May-16,22:53:59
10474,2024-05-16T22:54:59,51.7443,-9.31424,6.4,11.75,0,2,,2024-May-16,22:54:59
10475,2024-05-16T22:55:59,51.7443,-9.31424,6.4,11.75,0,0,,2024-May-16,22:55:59
10476,2024-05-16T22:56:59,51.7443,-9.31424,6.4,11.75,0,0,,2024-May-16,22:56:59
10477,2024-05-16T22:57:59,51.7443,-9.31424,6.4,11.75,0,0,,2024-May-16,22:57:59
10478,2024-05-16T22:58:59,51.7443,-9.31424,6.4,11.75,0,1,,2024-May-16,22:58:59
10479,2024-05-16T22:59:59,51.7443,-9.31424,6.4,11.75,0,0,,2024-May-16,22:59:59
10480,2024-05-16T23:00:59,51.7443,-9.31424,6.4,11.75,0,0,,2024-May-16,23:00:59
10481,2024-05-16T23:01:59,51.7443,-9.31424,6.4,11.75,0,0,,2024-May-16,23:01:59
10482,2024-05-16T23:02:59,51.7443,-9.31424,6.4,11.75,0,2,,2024-May-16,23:02:59
10483,2024-05-16T23:03:59,51.7443,-9.31424,6.4,11.75,0,1,,2024-May-16,23:03:59
10484,2024-05-16T23:04:59,51.7443,-9.31424,6.4,11.75,0,0,,2024-May-16,23:04:59
10485,2024-05-16T23:05:59,51.7443,-9.31424,6.4,11.75,0,1,,2024-May-16,23:05:59
10486,2024-05-16T23:06:59,51.7443,-9.31424,6.4,11.75,0,0,,2024-May-16,23:06:59
10487,2024-05-16T23:07:59,51.7443,-9.31424,6.4,11.75,0,1,,2024-May-16,23:07:59
10488,2024-05-16T23:08:59,51.7443,-9.31424,6.4,11.75,0,1,,2024-May-16,23:08:59
10489,2024-05-16T23:09:59,51.7443,-9.31424,6.4,11.75,0,3,,2024-May-16,23:09:59
10490,2024-05-16T23:10:59,51.7443,-9.31424,6.4,11.5,0,0,,2024-May-16,23:10:59
10491,2024-05-16T23:11:59,51.7443,-9.31424,6.4,11.75,0,0,,2024-May-16,23:11:59
10492,2024-05-16T23:12:59,51.7443,-9.31424,6.4,11.75,0,1,,2024-May-16,23:12:59
10493,2024-05-16T23:13:59,51.7443,-9.31424,6.4,11.75,0,1,,2024-May-16,23:13:59
10494,2024-05-16T23:14:59,51.7443,-9.31424,6.4,11.75,0,1,,2024-May-16,23:14:59
10495,2024-05-16T23:15:59,51.7443,-9.31424,6.4,11.75,0,1,,2024-May-16,23:15:59
10496,2024-05-16T23:16:59,51.7443,-9.31424,6.4,11.75,0,1,,2024-May-16,23:16:59
10497,2024-05-16T23:17:59,51.7443,-9.31424,6.4,11.75,0,1,,2024-May-16,23:17:59
10498,2024-05-16T23:18:59,51.7443,-9.31424,6.4,11.75,0,0,,2024-May-16,23:18:59
10499,2024-05-16T23:19:59,51.7443,-9.31424,6.4,11.75,0,0,,2024-May-16,23:19:59
10500,2024-05-16T23:20:59,51.7443,-9.31424,6.3,11.75,0,1,,2024-May-16,23:20:59
10501,2024-05-16T23:21:59,51.7443,-9.31424,6.4,11.75,0,1,,2024-May-16,23:21:59
10502,2024-05-16T23:22:59,51.7443,-9.31424,6.4,11.75,0,0,,2024-May-16,23:22:59
10503,2024-05-16T23:23:59,51.7443,-9.31424,6.4,11.75,0,0,,2024-May-16,23:23:59
10504,2024-05-16T23:24:59,51.7443,-9.31424,6.4,11.75,0,0,,2024-May-16,23:24:59
10505,2024-05-16T23:25:59,51.7443,-9.31424,6.4,11.75,0,0,,2024-May-16,23:25:59
10506,2024-05-16T23:26:59,51.7443,-9.31424,6.4,11.75,0,0,,2024-May-16,23:26:59
10507,2024-05-16T23:27:59,51.7443,-9.31424,6.4,11.75,0,0,,2024-May-16,23:27:59
10508,2024-05-16T23:28:59,51.7443,-9.31424,6.4,11.75,0,0,,2024-May-16,23:28:59
10509,2024-05-16T23:29:59,51.7443,-9.31424,6.4,11.75,1,0,,2024-May-16,23:29:59
10510,2024-05-16T23:30:59,51.7443,-9.31424,6.4,11.75,0,0,,2024-May-16,23:30:59
10511,2024-05-16T23:31:59,51.7443,-9.31424,6.4,11.75,0,0,,2024-May-16,23:31:59
10512,2024-05-16T23:32:59,51.7443,-9.31424,6.4,11.75,0,0,,2024-May-16,23:32:59
10513,2024-05-16T23:33:59,51.7443,-9.31424,6.4,11.75,0,0,,2024-May-16,23:33:59
10514,2024-05-16T23:34:59,51.7443,-9.31424,6.4,11.75,0,0,,2024-May-16,23:34:59
10515,2024-05-16T23:35:59,51.7443,-9.31424,6.4,11.75,0,0,,2024-May-16,23:35:59
10516,2024-05-16T23:36:59,51.7443,-9.31424,6.4,11.75,0,0,,2024-May-16,23:36:59
10517,2024-05-16T23:37:59,51.7443,-9.31424,6.4,11.75,0,0,,2024-May-16,23:37:59
10518,2024-05-16T23:38:59,51.7443,-9.31424,6.4,11.75,0,0,,2024-May-16,23:38:59
10519,2024-05-16T23:39:59,51.7443,-9.31424,6.4,11.75,0,0,,2024-May-16,23:39:59
10520,2024-05-16T23:40:59,51.7443,-9.31424,6.4,11.75,0,0,,2024-May-16,23:40:59
10521,2024-05-16T23:41:59,51.7443,-9.31424,6.4,11.75,0,0,,2024-May-16,23:41:59
10522,2024-05-16T23:42:59,51.7443,-9.31424,6.4,11.75,1,0,,2024-May-16,23:42:59
10523,2024-05-16T23:43:59,51.7443,-9.31424,6.4,11.75,0,0,,2024-May-16,23:43:59
10524,2024-05-16T23:44:59,51.7443,-9.31424,6.4,11.75,0,0,,2024-May-16,23:44:59
10525,2024-05-16T23:45:59,51.7443,-9.31424,6.4,11.75,0,0,,2024-May-16,23:45:59
10526,2024-05-16T23:46:59,51.7443,-9.31424,6.4,11.5,0,0,,2024-May-16,23:46:59
10527,2024-05-16T23:47:59,51.7443,-9.31424,6.4,11.75,0,0,,2024-May-16,23:47:59
10528,2024-05-16T23:48:59,51.7443,-9.31424,6.4,11.75,1,0,,2024-May-16,23:48:59
10529,2024-05-16T23:49:59,51.7443,-9.31424,6.4,11.75,0,0,,2024-May-16,23:49:59
10530,2024-05-16T23:50:59,51.7443,-9.31424,6.4,11.75,0,0,,2024-May-16,23:50:59
10531,2024-05-16T23:51:59,51.7443,-9.31424,6.4,11.75,0,0,,2024-May-16,23:51:59
10532,2024-05-16T23:52:59,51.7443,-9.31424,6.4,11.75,0,0,,2024-May-16,23:52:59
10533,2024-05-16T23:53:59,51.7443,-9.31424,6.4,11.5,0,0,,2024-May-16,23:53:59
10534,2024-05-16T23:54:59,51.7443,-9.31424,6.4,11.75,0,0,,2024-May-16,23:54:59
10535,2024-05-16T23:55:59,51.7443,-9.31424,6.4,11.75,0,0,,2024-May-16,23:55:59
10536,2024-05-16T23:56:59,51.7443,-9.31424,6.4,11.75,0,0,,2024-May-16,23:56:59
10537,2024-05-16T23:57:59,51.7443,-9.31424,6.4,11.75,0,0,,2024-May-16,23:57:59
10538,2024-05-16T23:58:59,51.7443,-9.31424,6.4,11.75,0,0,,2024-May-16,23:58:59
10539,2024-05-16T23:59:59,51.7443,-9.31424,6.4,11.75,0,0,,2024-May-16,23:59:59
17894,2024-05-16T20:55:59,51.7443,-9.31424,6.4,12.75,0,0,,2024-May-16,20:55:59
17895,2024-05-16T20:56:59,51.7443,-9.31424,6.5,12.75,0,1,,2024-May-16,20:56:59
17896,2024-05-16T20:57:59,51.7443,-9.31424,6.5,13.0,0,0,,2024-May-16,20:57:59
17897,2024-05-16T20:58:59,51.7443,-9.31424,6.5,13.0,0,0,,2024-May-16,20:58:59
17898,2024-05-16T20:59:59,51.7443,-9.31424,6.5,13.0,0,0,,2024-May-16,20:59:59
17899,2024-05-16T21:00:59,51.7443,-9.31424,6.5,13.25,0,1,,2024-May-16,21:00:59
17900,2024-05-16T21:01:59,51.7443,-9.31424,6.5,13.25,0,2,,2024-May-16,21:01:59
17901,2024-05-16T21:02:59,51.7443,-9.31424,6.5,13.25,0,0,,2024-May-16,21:02:59
17902,2024-05-16T21:03:59,51.7443,-9.31424,6.5,13.5,0,4,,2024-May-16,21:03:59
17903,2024-05-16T21:04:59,51.7443,-9.31424,6.4,13.25,0,5,,2024-May-16,21:04:59
17904,2024-05-16T21:05:59,51.7443,-9.31424,6.4,13.25,0,8,,2024-May-16,21:05:59
17905,2024-05-16T21:06:59,51.7443,-9.31424,6.5,13.25,0,11,,2024-May-16,21:06:59
17906,2024-05-16T21:07:59,51.7443,-9.31424,6.4,13.25,0,10,,2024-May-16,21:07:59
17907,2024-05-16T21:08:59,51.7443,-9.31424,6.5,13.25,0,8,,2024-May-16,21:08:59
17908,2024-05-16T21:09:59,51.7443,-9.31424,6.5,13.5,0,3,,2024-May-16,21:09:59
17909,2024-05-16T21:10:59,51.7443,-9.31424,6.5,13.5,0,2,,2024-May-16,21:10:59
17910,2024-05-16T21:11:59,51.7443,-9.31424,6.5,13.5,0,3,,2024-May-16,21:11:59
17911,2024-05-16T21:12:59,51.7443,-9.31424,6.5,13.25,0,4,,2024-May-16,21:12:59
17912,2024-05-16T21:13:59,51.7443,-9.31424,6.5,13.25,0,4,,2024-May-16,21:13:59
17913,2024-05-16T21:14:59,51.7443,-9.31424,6.5,13.5,0,3,,2024-May-16,21:14:59
17914,2024-05-16T21:15:59,51.7443,-9.31424,6.5,13.25,0,4,,2024-May-16,21:15:59
17915,2024-05-16T21:16:59,51.7443,-9.31424,6.5,13.25,0,6,,2024-May-16,21:16:59
17916,2024-05-16T21:17:59,51.7443,-9.31424,6.5,13.25,0,10,,2024-May-16,21:17:59
17917,2024-05-16T21:18:59,51.7443,-9.31424,6.5,13.25,0,8,,2024-May-16,21:18:59
17918,2024-05-16T21:19:59,51.7443,-9.31424,6.5,13.25,0,6,,2024-May-16,21:19:59
17919,2024-05-16T21:20:59,51.7443,-9.31424,6.4,13.25,0,6,,2024-May-16,21:20:59
17920,2024-05-16T21:21:59,51.7443,-9.31424,6.5,13.25,0,7,,2024-May-16,21:21:59
17921,2024-05-16T21:22:59,51.7443,-9.31424,6.5,13.25,0,6,,2024-May-16,21:22:59
17922,2024-05-16T21:23:59,51.7443,-9.31424,6.5,13.25,0,2,,2024-May-16,21:23:59
17923,2024-05-16T21:24:59,51.7443,-9.31424,6.5,13.25,0,3,,2024-May-16,21:24:59
17924,2024-05-16T21:25:59,51.7443,-9.31424,6.5,13.0,0,3,,2024-May-16,21:25:59
17925,2024-05-16T21:26:59,51.7443,-9.31424,6.5,13.25,0,5,,2024-May-16,21:26:59
17926,2024-05-16T21:27:59,51.7443,-9.31424,6.5,13.25,0,1,,2024-May-16,21:27:59
17927,2024-05-16T21:28:59,51.7443,-9.31424,6.5,13.0,0,2,,2024-May-16,21:28:59
17928,2024-05-16T21:29:59,51.7443,-9.31424,6.5,13.0,0,1,,2024-May-16,21:29:59
17929,2024-05-16T21:30:59,51.7443,-9.31424,6.5,13.0,0,1,,2024-May-16,21:30:59
17930,2024-05-16T21:31:59,51.7443,-9.31424,6.5,12.75,0,1,,2024-May-16,21:31:59
17931,2024-05-16T21:32:59,51.7443,-9.31424,6.5,13.0,0,2,,2024-May-16,21:32:59
17932,2024-05-16T21:33:59,51.7443,-9.31424,6.5,12.75,0,3,,2024-May-16,21:33:59
17933,2024-05-16T21:34:59,51.7443,-9.31424,6.4,12.75,0,3,,2024-May-16,21:34:59
17934,2024-05-16T21:35:59,51.7443,-9.31424,6.5,12.75,0,3,,2024-May-16,21:35:59
17935,2024-05-16T21:36:59,51.7443,-9.31424,6.4,12.75,0,5,,2024-May-16,21:36:59
17936,2024-05-16T21:37:59,51.7443,-9.31424,6.5,12.75,0,3,,2024-May-16,21:37:59
17937,2024-05-16T21:38:59,51.7443,-9.31424,6.5,12.75,0,3,,2024-May-16,21:38:59
17938,2024-05-16T21:39:59,51.7443,-9.31424,6.5,12.5,0,2,,2024-May-16,21:39:59
17939,2024-05-16T21:40:59,51.7443,-9.31424,6.4,12.5,0,5,,2024-May-16,21:40:59
17940,2024-05-16T21:41:59,51.7443,-9.31424,6.5,12.5,0,0,,2024-May-16,21:41:59
17941,2024-05-16T21:42:59,51.7443,-9.31424,6.5,12.5,0,1,,2024-May-16,21:42:59
17942,2024-05-16T21:43:59,51.7443,-9.31424,6.5,12.5,0,3,,2024-May-16,21:43:59
17943,2024-05-16T21:44:59,51.7443,-9.31424,6.5,12.5,0,1,,2024-May-16,21:44:59
17944,2024-05-16T21:45:59,51.7443,-9.31424,6.5,12.5,0,2,,2024-May-16,21:45:59
17945,2024-05-16T21:46:59,51.7443,-9.31424,6.4,12.5,0,3,,2024-May-16,21:46:59
17946,2024-05-16T21:47:59,51.7443,-9.31424,6.5,12.25,0,2,,2024-May-16,21:47:59
17947,2024-05-16T21:48:59,51.7443,-9.31424,6.5,12.25,0,4,,2024-May-16,21:48:59
17948,2024-05-16T21:49:59,51.7443,-9.31424,6.4,12.5,0,4,,2024-May-16,21:49:59
17949,2024-05-16T21:50:59,51.7443,-9.31424,6.4,12.25,0,3,,2024-May-16,21:50:59
17950,2024-05-16T21:51:59,51.7443,-9.31424,6.4,12.5,0,0,,2024-May-16,21:51:59
17951,2024-05-16T21:52:59,51.7443,-9.31424,6.4,12.25,0,1,,2024-May-16,21:52:59
17952,2024-05-16T21:53:59,51.7443,-9.31424,6.4,12.25,0,0,,2024-May-16,21:53:59
17953,2024-05-16T21:54:59,51.7443,-9.31424,6.4,12.25,0,2,,2024-May-16,21:54:59
17954,2024-05-16T21:55:59,51.7443,-9.31424,6.4,12.25,0,3,,2024-May-16,21:55:59
17955,2024-05-16T21:56:59,51.7443,-9.31424,6.4,12.25,0,0,,2024-May-16,21:56:59
17956,2024-05-16T21:57:59,51.7443,-9.31424,6.4,12.25,0,1,,2024-May-16,21:57:59
17957,2024-05-16T21:58:59,51.7443,-9.31424,6.4,12.25,0,0,,2024-May-16,21:58:59
17958,2024-05-16T21:59:59,51.7443,-9.31424,6.4,12.0,0,0,,2024-May-16,21:59:59
17959,2024-05-16T22:00:59,51.7443,-9.31424,6.4,12.25,0,1,,2024-May-16,22:00:59
17960,2024-05-16T22:01:59,51.7443,-9.31424,6.4,12.25,0,0,,2024-May-16,22:01:59
17961,2024-05-16T22:02:59,51.7443,-9.31424,6.4,12.0,0,0,,2024-May-16,22:02:59
17962,2024-05-16T22:03:59,51.7443,-9.31424,6.4,12.0,0,1,,2024-May-16,22:03:59
17963,2024-05-16T22:04:59,51.7443,-9.31424,6.4,12.0,0,3,,2024-May-16,22:04:59
17964,2024-05-16T22:05:59,51.7443,-9.31424,6.4,12.25,0,2,,2024-May-16,22:05:59
17965,2024-05-16T22:06:59,51.7443,-9.31424,6.4,12.25,0,2,,2024-May-16,22:06:59
17966,2024-05-16T22:07:59,51.7443,-9.31424,6.4,12.0,0,2,,2024-May-16,22:07:59
17967,2024-05-16T22:08:59,51.7443,-9.31424,6.4,12.25,0,1,,2024-May-16,22:08:59
17968,2024-05-16T22:09:59,51.7443,-9.31424,6.4,12.0,0,1,,2024-May-16,22:09:59
17969,2024-05-16T22:10:59,51.7443,-9.31424,6.4,12.0,0,2,,2024-May-16,22:10:59
17970,2024-05-16T22:11:59,51.7443,-9.31424,6.4,12.25,0,2,,2024-May-16,22:11:59
17971,2024-05-16T22:12:59,51.7443,-9.31424,6.4,12.0,0,1,,2024-May-16,22:12:59
17972,2024-05-16T22:13:59,51.7443,-9.31424,6.4,12.0,0,0,,2024-May-16,22:13:59
17973,2024-05-16T22:14:59,51.7443,-9.31424,6.4,12.0,0,1,,2024-May-16,22:14:59
17974,2024-05-16T22:15:59,51.7443,-9.31424,6.4,12.0,0,1,,2024-May-16,22:15:59
17975,2024-05-16T22:16:59,51.7443,-9.31424,6.4,12.25,0,5,,2024-May-16,22:16:59
17976,2024-05-16T22:17:59,51.7443,-9.31424,6.4,12.0,0,2,,2024-May-16,22:17:59
17977,2024-05-16T22:18:59,51.7443,-9.31424,6.5,12.0,0,1,,2024-May-16,22:18:59
17978,2024-05-16T22:19:59,51.7443,-9.31424,6.4,12.0,0,2,,2024-May-16,22:19:59
17979,2024-05-16T22:20:59,51.7443,-9.31424,6.5,12.0,0,2,,2024-May-16,22:20:59
17980,2024-05-16T22:21:59,51.7443,-9.31424,6.5,12.0,0,2,,2024-May-16,22:21:59
17981,2024-05-16T22:22:59,51.7443,-9.31424,6.4,12.25,0,1,,2024-May-16,22:22:59
17982,2024-05-16T22:23:59,51.7443,-9.31424,6.4,12.25,0,1,,2024-May-16,22:23:59
17983,2024-05-16T22:24:59,51.7443,-9.31424,6.4,12.0,0,1,,2024-May-16,22:24:59
17984,2024-05-16T22:25:59,51.7443,-9.31424,6.4,12.0,0,1,,2024-May-16,22:25:59
17985,2024-05-16T22:26:59,51.7443,-9.31424,6.4,12.0,0,2,,2024-May-16,22:26:59
17986,2024-05-16T22:27:59,51.7443,-9.31424,6.3,12.25,0,1,,2024-May-16,22:27:59
17987,2024-05-16T22:28:59,51.7443,-9.31424,6.4,12.0,0,3,,2024-May-16,22:28:59
17988,2024-05-16T22:29:59,51.7443,-9.31424,6.4,12.25,0,2,,2024-May-16,22:29:59
17989,2024-05-16T22:30:59,51.7443,-9.31424,6.4,12.0,0,2,,2024-May-16,22:30:59
17990,2024-05-16T22:31:59,51.7443,-9.31424,6.4,12.0,0,1,,2024-May-16,22:31:59
17991,2024-05-16T22:32:59,51.7443,-9.31424,6.4,12.0,0,2,,2024-May-16,22:32:59
17992,2024-05-16T22:33:59,51.7443,-9.31424,6.4,12.0,0,1,,2024-May-16,22:33:59
17993,2024-05-16T22:34:59,51.7443,-9.31424,6.4,12.0,0,2,,2024-May-16,22:34:59
17994,2024-05-16T22:35:59,51.7443,-9.31424,6.4,12.0,0,0,,2024-May-16,22:35:59
17995,2024-05-16T22:36:59,51.7443,-9.31424,6.4,12.0,0,2,,2024-May-16,22:36:59
17996,2024-05-16T22:37:59,51.7443,-9.31424,6.4,12.0,0,0,,2024-May-16,22:37:59
17997,2024-05-16T22:38:59,51.7443,-9.31424,6.4,12.0,0,0,,2024-May-16,22:38:59
17998,2024-05-16T22:39:59,51.7443,-9.31424,6.4,12.0,0,0,,2024-May-16,22:39:59
17999,2024-05-16T22:40:59,51.7443,-9.31424,6.4,12.0,0,0,,2024-May-16,22:40:59
18000,2024-05-16T22:41:59,51.7443,-9.31424,6.4,12.0,0,0,,2024-May-16,22:41:59
18001,2024-05-16T22:42:59,51.7443,-9.31424,6.4,12.0,0,1,,2024-May-16,22:42:59
18002,2024-05-16T22:43:59,51.7443,-9.31424,6.4,12.0,0,0,,2024-May-16,22:43:59
18003,2024-05-16T22:44:59,51.7443,-9.31424,6.4,12.0,0,0,,2024-May-16,22:44:59
18004,2024-05-16T22:45:59,51.7443,-9.31424,6.4,12.0,0,1,,2024-May-16,22:45:59
18005,2024-05-16T22:46:59,51.7443,-9.31424,6.4,11.75,0,1,,2024-May-16,22:46:59
18006,2024-05-16T22:47:59,51.7443,-9.31424,6.4,11.75,0,1,,2024-May-16,22:47:59
18007,2024-05-16T22:48:59,51.7443,-9.31424,6.4,11.75,0,2,,2024-May-16,22:48:59
18008,2024-05-16T22:49:59,51.7443,-9.31424,6.4,11.75,0,4,,2024-May-16,22:49:59
18009,2024-05-16T22:50:59,51.7443,-9.31424,6.4,11.75,0,2,,2024-May-16,22:50:59
18010,2024-05-16T22:51:59,51.7443,-9.31424,6.4,11.75,0,1,,2024-May-16,22:51:59
18011,2024-05-16T22:52:59,51.7443,-9.31424,6.4,12.0,0,2,,2024-May-16,22:52:59
18012,2024-05-16T22:53:59,51.7443,-9.31424,6.4,11.75,0,1,,2024-May-16,22:53:59
18013,2024-05-16T22:54:59,51.7443,-9.31424,6.4,11.75,0,2,,2024-May-16,22:54:59
18014,2024-05-16T22:55:59,51.7443,-9.31424,6.4,11.75,0,0,,2024-May-16,22:55:59
18015,2024-05-16T22:56:59,51.7443,-9.31424,6.4,11.75,0,0,,2024-May-16,22:56:59
18016,2024-05-16T22:57:59,51.7443,-9.31424,6.4,11.75,0,0,,2024-May-16,22:57:59
18017,2024-05-16T22:58:59,51.7443,-9.31424,6.4,11.75,0,1,,2024-May-16,22:58:59
18018,2024-05-16T22:59:59,51.7443,-9.31424,6.4,11.75,0,0,,2024-May-16,22:59:59
18019,2024-05-16T23:00:59,51.7443,-9.31424,6.4,11.75,0,0,,2024-May-16,23:00:59
18020,2024-05-16T23:01:59,51.7443,-9.31424,6.4,11.75,0,0,,2024-May-16,23:01:59
18021,2024-05-16T23:02:59,51.7443,-9.31424,6.4,11.75,0,2,,2024-May-16,23:02:59
18022,2024-05-16T23:03:59,51.7443,-9.31424,6.4,11.75,0,1,,2024-May-16,23:03:59
18023,2024-05-16T23:04:59,51.7443,-9.31424,6.4,11.75,0,0,,2024-May-16,23:04:59
18024,2024-05-16T23:05:59,51.7443,-9.31424,6.4,11.75,0,1,,2024-May-16,23:05:59
18025,2024-05-16T23:06:59,51.7443,-9.31424,6.4,11.75,0,0,,2024-May-16,23:06:59
18026,2024-05-16T23:07:59,51.7443,-9.31424,6.4,11.75,0,1,,2024-May-16,23:07:59
18027,2024-05-16T23:08:59,51.7443,-9.31424,6.4,11.75,0,1,,2024-May-16,23:08:59
18028,2024-05-16T23:09:59,51.7443,-9.31424,6.4,11.75,0,3,,2024-May-16,23:09:59
18029,2024-05-16T23:10:59,51.7443,-9.31424,6.4,11.5,0,0,,2024-May-16,23:10:59
18030,2024-05-16T23:11:59,51.7443,-9.31424,6.4,11.75,0,0,,2024-May-16,23:11:59
18031,2024-05-16T23:12:59,51.7443,-9.31424,6.4,11.75,0,1,,2024-May-16,23:12:59
18032,2024-05-16T23:13:59,51.7443,-9.31424,6.4,11.75,0,1,,2024-May-16,23:13:59
18033,2024-05-16T23:14:59,51.7443,-9.31424,6.4,11.75,0,1,,2024-May-16,23:14:59
18034,2024-05-16T23:15:59,51.7443,-9.31424,6.4,11.75,0,1,,2024-May-16,23:15:59
18035,2024-05-16T23:16:59,51.7443,-9.31424,6.4,11.75,0,1,,2024-May-16,23:16:59
18036,2024-05-16T23:17:59,51.7443,-9.31424,6.4,11.75,0,1,,2024-May-16,23:17:59
18037,2024-05-16T23:18:59,51.7443,-9.31424,6.4,11.75,0,0,,2024-May-16,23:18:59
18038,2024-05-16T23:19:59,51.7443,-9.31424,6.4,11.75,0,0,,2024-May-16,23:19:59
18039,2024-05-16T23:20:59,51.7443,-9.31424,6.3,11.75,0,1,,2024-May-16,23:20:59
18040,2024-05-16T23:21:59,51.7443,-9.31424,6.4,11.75,0,1,,2024-May-16,23:21:59
18041,2024-05-16T23:22:59,51.7443,-9.31424,6.4,11.75,0,0,,2024-May-16,23:22:59
18042,2024-05-16T23:23:59,51.7443,-9.31424,6.4,11.75,0,0,,2024-May-16,23:23:59
18043,2024-05-16T23:24:59,51.7443,-9.31424,6.4,11.75,0,0,,2024-May-16,23:24:59
18044,2024-05-16T23:25:59,51.7443,-9.31424,6.4,11.75,0,0,,2024-May-16,23:25:59
18045,2024-05-16T23:26:59,51.7443,-9.31424,6.4,11.75,0,0,,2024-May-16,23:26:59
18046,2024-05-16T23:27:59,51.7443,-9.31424,6.4,11.75,0,0,,2024-May-16,23:27:59
18047,2024-05-16T23:28:59,51.7443,-9.31424,6.4,11.75,0,0,,2024-May-16,23:28:59
18048,2024-05-16T23:29:59,51.7443,-9.31424,6.4,11.75,1,0,,2024-May-16,23:29:59
18049,2024-05-16T23:30:59,51.7443,-9.31424,6.4,11.75,0,0,,2024-May-16,23:30:59
18050,2024-05-16T23:31:59,51.7443,-9.31424,6.4,11.75,0,0,,2024-May-16,23:31:59
18051,2024-05-16T23:32:59,51.7443,-9.31424,6.4,11.75,0,0,,2024-May-16,23:32:59
18052,2024-05-16T23:33:59,51.7443,-9.31424,6.4,11.75,0,0,,2024-May-16,23:33:59
18053,2024-05-16T23:34:59,51.7443,-9.31424,6.4,11.75,0,0,,2024-May-16,23:34:59
18054,2024-05-16T23:35:59,51.7443,-9.31424,6.4,11.75,0,0,,2024-May-16,23:35:59
18055,2024-05-16T23:36:59,51.7443,-9.31424,6.4,11.75,0,0,,2024-May-16,23:36:59
18056,2024-05-16T23:37:59,51.7443,-9.31424,6.4,11.75,0,0,,2024-May-16,23:37:59
18057,2024-05-16T23:38:59,51.7443,-9.31424,6.4,11.75,0,0,,2024-May-16,23:38:59
18058,2024-05-16T23:39:59,51.7443,-9.31424,6.4,11.75,0,0,,2024-May-16,23:39:59
18059,2024-05-16T23:40:59,51.7443,-9.31424,6.4,11.75,0,0,,2024-May-16,23:40:59
18060,2024-05-16T23:41:59,51.7443,-9.31424,6.4,11.75,0,0,,2024-May-16,23:41:59
18061,2024-05-16T23:42:59,51.7443,-9.31424,6.4,11.75,1,0,,2024-May-16,23:42:59
18062,2024-05-16T23:43:59,51.7443,-9.31424,6.4,11.75,0,0,,2024-May-16,23:43:59
18063,2024-05-16T23:44:59,51.7443,-9.31424,6.4,11.75,0,0,,2024-May-16,23:44:59
18064,2024-05-16T23:45:59,51.7443,-9.31424,6.4,11.75,0,0,,2024-May-16,23:45:59
18065,2024-05-16T23:46:59,51.7443,-9.31424,6.4,11.5,0,0,,2024-May-16,23:46:59
18066,2024-05-16T23:47:59,51.7443,-9.31424,6.4,11.75,0,0,,2024-May-16,23:47:59
18067,2024-05-16T23:48:59,51.7443,-9.31424,6.4,11.75,1,0,,2024-May-16,23:48:59
18068,2024-05-16T23:49:59,51.7443,-9.31424,6.4,11.75,0,0,,2024-May-16,23:49:59
18069,2024-05-16T23:50:59,51.7443,-9.31424,6.4,11.75,0,0,,2024-May-16,23:50:59
18070,2024-05-16T23:51:59,51.7443,-9.31424,6.4,11.75,0,0,,2024-May-16,23:51:59
18071,2024-05-16T23:52:59,51.7443,-9.31424,6.4,11.75,0,0,,2024-May-16,23:52:59
18072,2024-05-16T23:53:59,51.7443,-9.31424,6.4,11.5,0,0,,2024-May-16,23:53:59
18073,2024-05-16T23:54:59,51.7443,-9.31424,6.4,11.75,0,0,,2024-May-16,23:54:59
18074,2024-05-16T23:55:59,51.7443,-9.31424,6.4,11.75,0,0,,2024-May-16,23:55:59
18075,2024-05-16T23:56:59,51.7443,-9.31424,6.4,11.75,0,0,,2024-May-16,23:56:59
18076,2024-05-16T23:57:59,51.7443,-9.31424,6.4,11.75,0,0,,2024-May-16,23:57:59
18077,2024-05-16T23:58:59,51.7443,-9.31424,6.4,11.75,0,0,,2024-May-16,23:58:59
18078,2024-05-16T23:59:59,51.7443,-9.31424,6.4,11.75,0,0,,2024-May-16,23:59:59
25433,2024-05-16T03:45:02,53.31884,-8.57907,5.5,7.0,5,0,,2024-May-16,03:45:02
25434,2024-05-16T03:46:02,53.31884,-8.57907,5.5,7.5,5,0,,2024-May-16,03:46:02
25435,2024-05-16T03:47:02,53.31884,-8.57907,5.5,7.5,4,0,,2024-May-16,03:47:02
25436,2024-05-16T03:48:02,53.31884,-8.57907,5.5,7.5,6,1,,2024-May-16,03:48:02
25437,2024-05-16T03:49:02,53.31884,-8.57907,5.5,7.75,5,0,,2024-May-16,03:49:02
25438,2024-05-16T03:50:02,53.31884,-8.57907,5.6,7.75,5,2,,2024-May-16,03:50:02
25439,2024-05-16T03:51:02,53.31884,-8.57907,5.5,7.75,5,0,,2024-May-16,03:51:02
25440,2024-05-16T03:52:02,53.31884,-8.57907,5.5,7.75,5,0,,2024-May-16,03:52:02
25441,2024-05-16T03:53:02,53.31884,-8.57907,5.6,8.0,4,0,,2024-May-16,03:53:02
25442,2024-05-16T03:54:02,53.31884,-8.57907,5.5,8.0,4,0,,2024-May-16,03:54:02
25443,2024-05-16T03:55:02,53.31884,-8.57907,5.6,8.0,4,0,,2024-May-16,03:55:02
25444,2024-05-16T03:56:02,53.31884,-8.57907,5.5,8.0,5,0,,2024-May-16,03:56:02
25445,2024-05-16T03:57:02,53.31884,-8.57907,5.6,8.0,5,0,,2024-May-16,03:57:02
25446,2024-05-16T03:58:02,53.31884,-8.57907,5.5,8.0,4,1,,2024-May-16,03:58:02
25447,2024-05-16T03:59:02,53.31884,-8.57907,5.5,8.0,4,0,,2024-May-16,03:59:02
25448,2024-05-16T04:00:02,53.31884,-8.57907,5.5,8.0,4,1,,2024-May-16,04:00:02
25449,2024-05-16T04:01:02,53.31884,-8.57907,5.5,8.0,4,0,,2024-May-16,04:01:02
25450,2024-05-16T04:02:02,53.31884,-8.57907,5.5,8.25,5,0,,2024-May-16,04:02:02
25451,2024-05-16T04:03:02,53.31884,-8.57907,5.5,8.25,4,0,,2024-May-16,04:03:02
25452,2024-05-16T04:04:02,53.31884,-8.57907,5.6,8.25,5,0,,2024-May-16,04:04:02
25453,2024-05-16T04:05:02,53.31884,-8.57907,5.6,8.25,5,0,,2024-May-16,04:05:02
25454,2024-05-16T04:06:02,53.31884,-8.57907,5.5,8.25,5,0,,2024-May-16,04:06:02
25455,2024-05-16T04:07:02,53.31884,-8.57907,5.6,8.25,4,1,,2024-May-16,04:07:02
25456,2024-05-16T04:08:02,53.31884,-8.57907,5.5,8.25,3,0,,2024-May-16,04:08:02
25457,2024-05-16T04:09:02,53.31884,-8.57907,5.5,8.25,3,2,,2024-May-16,04:09:02
25458,2024-05-16T04:10:02,53.31884,-8.57907,5.5,8.25,5,0,,2024-May-16,04:10:02
25459,2024-05-16T04:11:02,53.31884,-8.57907,5.6,8.25,4,1,,2024-May-16,04:11:02
25460,2024-05-16T04:12:02,53.31884,-8.57907,5.6,8.25,4,0,,2024-May-16,04:12:02
25461,2024-05-16T04:13:02,53.31884,-8.57907,5.5,8.25,4,0,,2024-May-16,04:13:02
25462,2024-05-16T04:14:02,53.31884,-8.57907,5.5,8.25,3,2,,2024-May-16,04:14:02
25463,2024-05-16T04:15:02,53.31884,-8.57907,5.6,8.0,4,1,,2024-May-16,04:15:02
25464,2024-05-16T04:16:02,53.31884,-8.57907,5.5,8.25,4,0,,2024-May-16,04:16:02
25465,2024-05-16T04:17:02,53.31884,-8.57907,5.5,8.25,3,0,,2024-May-16,04:17:02
25466,2024-05-16T04:18:02,53.31884,-8.57907,5.6,8.25,3,0,,2024-May-16,04:18:02
25467,2024-05-16T04:19:02,53.31884,-8.57907,5.5,8.25,3,0,,2024-May-16,04:19:02
25468,2024-05-16T04:20:02,53.31884,-8.57907,5.5,8.5,3,1,,2024-May-16,04:20:02
25469,2024-05-16T04:21:02,53.31884,-8.57907,5.5,8.5,2,0,,2024-May-16,04:21:02
25470,2024-05-16T04:22:02,53.31884,-8.57907,5.6,8.25,1,1,,2024-May-16,04:22:02
25471,2024-05-16T04:23:02,53.31884,-8.57907,5.5,8.0,1,1,,2024-May-16,04:23:02
25472,2024-05-16T04:24:02,53.31884,-8.57907,5.5,8.25,4,0,,2024-May-16,04:24:02
25473,2024-05-16T04:25:02,53.31884,-8.57907,5.6,8.25,4,0,,2024-May-16,04:25:02
25474,2024-05-16T04:26:02,53.31884,-8.57907,5.5,8.25,1,0,,2024-May-16,04:26:02
25475,2024-05-16T04:27:02,53.31884,-8.57907,5.6,8.25,3,2,,2024-May-16,04:27:02
25476,2024-05-16T04:28:02,53.31884,-8.57907,5.6,8.0,1,1,,2024-May-16,04:28:02
25477,2024-05-16T04:29:02,53.31884,-8.57907,5.6,8.0,0,0,,2024-May-16,04:29:02
25478,2024-05-16T04:30:02,53.31884,-8.57907,5.5,8.0,2,2,,2024-May-16,04:30:02
25479,2024-05-16T04:31:02,53.31884,-8.57907,5.6,8.25,3,2,,2024-May-16,04:31:02
25480,2024-05-16T04:32:02,53.31884,-8.57907,5.6,8.25,3,1,,2024-May-16,04:32:02
25481,2024-05-16T04:33:02,53.31884,-8.57907,5.6,8.25,3,2,,2024-May-16,04:33:02
25482,2024-05-16T04:34:02,53.31884,-8.57907,5.5,8.0,2,0,,2024-May-16,04:34:02
25483,2024-05-16T04:35:02,53.31884,-8.57907,5.6,8.25,3,1,,2024-May-16,04:35:02
25484,2024-05-16T04:36:02,53.31884,-8.57907,5.6,8.25,3,0,,2024-May-16,04:36:02
25485,2024-05-16T04:37:02,53.31884,-8.57907,5.6,8.25,1,1,,2024-May-16,04:37:02
25486,2024-05-16T04:38:02,53.31884,-8.57907,5.6,8.25,3,0,,2024-May-16,04:38:02
25487,2024-05-16T04:39:02,53.31884,-8.57907,5.6,8.25,3,0,,2024-May-16,04:39:02
25488,2024-05-16T04:40:02,53.31884,-8.57907,5.6,8.25,2,1,,2024-May-16,04:40:02
25489,2024-05-16T04:41:02,53.31884,-8.57907,5.6,8.5,5,0,,2024-May-16,04:41:02
25490,2024-05-16T04:42:02,53.31884,-8.57907,5.6,8.5,1,1,,2024-May-16,04:42:02
25491,2024-05-16T04:43:02,53.31884,-8.57907,5.6,8.25,0,1,,2024-May-16,04:43:02
25492,2024-05-16T04:44:02,53.31884,-8.57907,5.6,8.25,4,1,,2024-May-16,04:44:02
25493,2024-05-16T04:45:02,53.31884,-8.57907,5.6,8.25,3,0,,2024-May-16,04:45:02
25494,2024-05-16T04:46:02,53.31884,-8.57907,5.6,8.25,1,0,,2024-May-16,04:46:02
25495,2024-05-16T04:47:02,53.31884,-8.57907,5.6,8.25,0,0,,2024-May-16,04:47:02
25496,2024-05-16T04:48:02,53.31884,-8.57907,5.6,8.25,0,0,,2024-May-16,04:48:02
25497,2024-05-16T04:49:02,53.31884,-8.57907,5.6,8.0,1,0,,2024-May-16,04:49:02
25498,2024-05-16T04:50:02,53.31884,-8.57907,5.6,8.0,0,0,,2024-May-16,04:50:02
25499,2024-05-16T04:51:02,53.31884,-8.57907,5.6,8.25,2,0,,2024-May-16,04:51:02
25500,2024-05-16T04:52:02,53.31884,-8.57907,5.6,8.25,0,0,,2024-May-16,04:52:02
25501,2024-05-16T04:53:02,53.31884,-8.57907,5.6,8.25,0,0,,2024-May-16,04:53:02
25502,2024-05-16T04:54:02,53.31884,-8.57907,5.6,8.25,0,0,,2024-May-16,04:54:02
25503,2024-05-16T04:55:02,53.31884,-8.57907,5.6,8.25,0,1,,2024-May-16,04:55:02
25504,2024-05-16T04:56:02,53.31884,-8.57907,5.6,8.25,0,0,,2024-May-16,04:56:02
25505,2024-05-16T04:57:02,53.31884,-8.57907,5.6,8.25,0,0,,2024-May-16,04:57:02
25506,2024-05-16T04:58:02,53.31884,-8.57907,5.6,8.0,0,0,,2024-May-16,04:58:02
25507,2024-05-16T04:59:02,53.31884,-8.57907,5.6,8.25,0,0,,2024-May-16,04:59:02
25508,2024-05-16T05:00:02,53.31884,-8.57907,5.6,8.25,0,0,,2024-May-16,05:00:02
25509,2024-05-16T05:01:02,53.31884,-8.57907,5.6,8.25,0,0,,2024-May-16,05:01:02
25510,2024-05-16T05:02:02,53.31884,-8.57907,5.6,8.0,0,0,,2024-May-16,05:02:02
25511,2024-05-16T05:03:02,53.31884,-8.57907,5.6,8.25,0,0,,2024-May-16,05:03:02
25512,2024-05-16T05:04:02,53.31884,-8.57907,5.6,8.25,0,0,,2024-May-16,05:04:02
25513,2024-05-16T05:05:02,53.31884,-8.57907,5.6,8.25,0,0,,2024-May-16,05:05:02
25514,2024-05-16T05:06:02,53.31884,-8.57907,5.6,8.25,0,0,,2024-May-16,05:06:02
25515,2024-05-16T05:07:02,53.31884,-8.57907,5.6,8.25,0,0,,2024-May-16,05:07:02
25516,2024-05-16T05:08:02,53.31884,-8.57907,5.6,8.25,0,0,,2024-May-16,05:08:02
25517,2024-05-16T05:09:02,53.31884,-8.57907,5.6,8.25,0,0,,2024-May-16,05:09:02
25518,2024-05-16T05:10:02,53.31884,-8.57907,5.6,8.25,0,0,,2024-May-16,05:10:02
25519,2024-05-16T05:11:02,53.31884,-8.57907,5.6,8.25,0,0,,2024-May-16,05:11:02
25520,2024-05-16T05:12:02,53.31884,-8.57907,5.6,8.25,0,1,,2024-May-16,05:12:02
25521,2024-05-16T05:13:02,53.31884,-8.57907,5.6,8.25,0,0,,2024-May-16,05:13:02
25522,2024-05-16T05:14:02,53.31884,-8.57907,5.6,8.25,0,0,,2024-May-16,05:14:02
25523,2024-05-16T05:15:02,53.31884,-8.57907,5.6,8.25,0,0,,2024-May-16,05:15:02
25524,2024-05-16T05:16:02,53.31884,-8.57907,5.6,8.25,0,0,,2024-May-16,05:16:02
25525,2024-05-16T05:17:02,53.31884,-8.57907,5.6,8.5,0,0,,2024-May-16,05:17:02
25526,2024-05-16T05:18:02,53.31884,-8.57907,5.6,8.5,0,0,,2024-May-16,05:18:02
25527,2024-05-16T05:19:02,53.31884,-8.57907,5.6,8.25,0,0,,2024-May-16,05:19:02
25528,2024-05-16T05:20:02,53.31884,-8.57907,5.6,8.5,0,0,,2024-May-16,05:20:02
25529,2024-05-16T05:21:02,53.31884,-8.57907,5.6,8.5,2,0,,2024-May-16,05:21:02
25530,2024-05-16T05:22:02,53.31884,-8.57907,5.6,8.5,0,0,,2024-May-16,05:22:02
25531,2024-05-16T05:23:02,53.31884,-8.57907,5.6,8.5,0,0,,2024-May-16,05:23:02
25532,2024-05-16T05:24:02,53.31884,-8.57907,5.6,8.5,0,0,,2024-May-16,05:24:02
25533,2024-05-16T05:25:02,53.31884,-8.57907,5.6,8.5,0,0,,2024-May-16,05:25:02
25534,2024-05-16T05:26:02,53.31884,-8.57907,5.6,8.5,0,0,,2024-May-16,05:26:02
25535,2024-05-16T05:27:02,53.31884,-8.57907,5.6,8.5,0,0,,2024-May-16,05:27:02
25536,2024-05-16T05:28:02,53.31884,-8.57907,5.6,8.5,0,0,,2024-May-16,05:28:02
25537,2024-05-16T05:29:02,53.31884,-8.57907,5.6,8.5,0,0,,2024-May-16,05:29:02
25538,2024-05-16T05:30:02,53.31884,-8.57907,5.6,8.5,0,0,,2024-May-16,05:30:02
25539,2024-05-16T05:31:02,53.31884,-8.57907,5.6,8.5,0,0,,2024-May-16,05:31:02
25540,2024-05-16T05:32:02,53.31884,-8.57907,5.6,8.5,0,0,,2024-May-16,05:32:02
25541,2024-05-16T05:33:02,53.31884,-8.57907,5.6,8.75,0,0,,2024-May-16,05:33:02
25542,2024-05-16T05:34:02,53.31884,-8.57907,5.6,8.75,0,0,,2024-May-16,05:34:02
25543,2024-05-16T05:35:02,53.31884,-8.57907,5.6,8.5,0,0,,2024-May-16,05:35:02
25544,2024-05-16T05:36:02,53.31884,-8.57907,5.6,8.75,0,0,,2024-May-16,05:36:02
25545,2024-05-16T05:37:02,53.31884,-8.57907,5.6,8.75,0,0,,2024-May-16,05:37:02
25546,2024-05-16T05:38:02,53.31884,-8.57907,5.5,8.75,2,1,,2024-May-16,05:38:02
25547,2024-05-16T05:39:02,53.31884,-8.57907,5.5,9.0,5,1,,2024-May-16,05:39:02
25548,2024-05-16T05:40:02,53.31884,-8.57907,5.6,9.0,3,3,,2024-May-16,05:40:02
25549,2024-05-16T05:41:02,53.31884,-8.57907,5.6,9.25,3,2,,2024-May-16,05:41:02
25550,2024-05-16T05:42:02,53.31884,-8.57907,5.6,9.0,0,0,,2024-May-16,05:42:02
25551,2024-05-16T05:43:02,53.31884,-8.57907,5.6,9.0,0,0,,2024-May-16,05:43:02
25552,2024-05-16T05:44:02,53.31884,-8.57907,5.6,9.0,0,0,,2024-May-16,05:44:02
25553,2024-05-16T05:45:02,53.31884,-8.57907,5.6,8.75,0,0,,2024-May-16,05:45:02
25554,2024-05-16T05:46:02,53.31884,-8.57907,5.6,8.75,0,0,,2024-May-16,05:46:02
25555,2024-05-16T05:47:02,53.31884,-8.57907,5.6,8.75,0,0,,2024-May-16,05:47:02
25556,2024-05-16T05:48:02,53.31884,-8.57907,5.6,8.75,0,0,,2024-May-16,05:48:02
25557,2024-05-16T05:49:02,53.31884,-8.57907,5.6,8.75,0,0,,2024-May-16,05:49:02
25558,2024-05-16T05:50:02,53.31884,-8.57907,5.6,8.75,0,0,,2024-May-16,05:50:02
25559,2024-05-16T05:51:02,53.31884,-8.57907,5.6,8.75,0,0,,2024-May-16,05:51:02
25560,2024-05-16T05:52:02,53.31884,-8.57907,5.6,8.75,0,0,,2024-May-16,05:52:02
25561,2024-05-16T05:53:02,53.31884,-8.57907,5.6,8.75,0,0,,2024-May-16,05:53:02
25562,2024-05-16T05:54:02,53.31884,-8.57907,5.6,8.75,0,0,,2024-May-16,05:54:02
25563,2024-05-16T05:55:02,53.31884,-8.57907,5.6,9.0,0,0,,2024-May-16,05:55:02
25564,2024-05-16T05:56:02,53.31884,-8.57907,5.6,8.75,0,0,,2024-May-16,05:56:02
25565,2024-05-16T05:57:02,53.31884,-8.57907,5.6,9.0,0,1,,2024-May-16,05:57:02
25566,2024-05-16T05:58:02,53.31884,-8.57907,5.6,9.0,0,0,,2024-May-16,05:58:02
25567,2024-05-16T05:59:02,53.31884,-8.57907,5.6,9.0,0,0,,2024-May-16,05:59:02
25568,2024-05-16T06:00:02,53.31884,-8.57907,5.6,8.75,0,0,,2024-May-16,06:00:02
25569,2024-05-16T06:01:02,53.31884,-8.57907,5.6,9.0,0,0,,2024-May-16,06:01:02
25570,2024-05-16T06:02:02,53.31884,-8.57907,5.6,8.75,0,0,,2024-May-16,06:02:02
25571,2024-05-16T06:03:00,53.31884,-8.57907,5.6,8.75,0,0,,2024-May-16,06:03:00
25572,2024-05-16T21:00:59,53.31884,-8.57907,5.9,15.25,0,1,,2024-May-16,21:00:59
25573,2024-05-16T21:01:59,53.31884,-8.57907,5.8,15.5,0,2,,2024-May-16,21:01:59
25574,2024-05-16T21:02:59,53.31884,-8.57907,5.8,15.5,0,1,,2024-May-16,21:02:59
25575,2024-05-16T21:03:59,53.31884,-8.57907,5.8,15.5,0,2,,2024-May-16,21:03:59
25576,2024-05-16T21:04:59,53.31884,-8.57907,5.8,15.25,0,1,,2024-May-16,21:04:59
25577,2024-05-16T21:05:59,53.31884,-8.57907,5.8,15.5,0,1,,2024-May-16,21:05:59
25578,2024-05-16T21:06:59,53.31884,-8.57907,5.8,15.5,0,2,,2024-May-16,21:06:59
25579,2024-05-16T21:07:59,53.31884,-8.57907,5.8,15.5,0,1,,2024-May-16,21:07:59
25580,2024-05-16T21:08:59,53.31884,-8.57907,5.8,15.5,0,0,,2024-May-16,21:08:59
25581,2024-05-16T21:09:59,53.31884,-8.57907,5.8,15.5,0,1,,2024-May-16,21:09:59
25582,2024-05-16T21:10:59,53.31884,-8.57907,5.8,15.5,0,0,,2024-May-16,21:10:59
25583,2024-05-16T21:11:59,53.31884,-8.57907,5.8,15.5,0,1,,2024-May-16,21:11:59
25584,2024-05-16T21:12:59,53.31884,-8.57907,5.8,15.5,0,0,,2024-May-16,21:12:59
25585,2024-05-16T21:13:59,53.31884,-8.57907,5.8,15.25,0,0,,2024-May-16,21:13:59
25586,2024-05-16T21:14:59,53.31884,-8.57907,5.8,15.25,0,0,,2024-May-16,21:14:59
25587,2024-05-16T21:15:59,53.31884,-8.57907,5.8,15.25,0,1,,2024-May-16,21:15:59
25588,2024-05-16T21:16:59,53.31884,-8.57907,5.8,15.25,0,2,,2024-May-16,21:16:59
25589,2024-05-16T21:17:59,53.31884,-8.57907,5.8,15.25,0,2,,2024-May-16,21:17:59
25590,2024-05-16T21:18:59,53.31884,-8.57907,5.8,15.25,0,1,,2024-May-16,21:18:59
25591,2024-05-16T21:19:59,53.31884,-8.57907,5.7,15.25,0,0,,2024-May-16,21:19:59
25592,2024-05-16T21:20:59,53.31884,-8.57907,5.8,15.25,0,2,,2024-May-16,21:20:59
25593,2024-05-16T21:21:59,53.31884,-8.57907,5.8,15.25,0,2,,2024-May-16,21:21:59
25594,2024-05-16T21:22:59,53.31884,-8.57907,5.8,15.25,0,0,,2024-May-16,21:22:59
25595,2024-05-16T21:23:59,53.31884,-8.57907,5.8,15.25,0,1,,2024-May-16,21:23:59
25596,2024-05-16T21:24:59,53.31884,-8.57907,5.8,15.25,0,0,,2024-May-16,21:24:59
25597,2024-05-16T21:25:59,53.31884,-8.57907,5.8,15.0,0,1,,2024-May-16,21:25:59
25598,2024-05-16T21:26:59,53.31884,-8.57907,5.8,15.0,0,0,,2024-May-16,21:26:59
25599,2024-05-16T21:27:59,53.31884,-8.57907,5.8,15.25,0,1,,2024-May-16,21:27:59
25600,2024-05-16T21:28:59,53.31884,-8.57907,5.8,15.25,0,2,,2024-May-16,21:28:59
25601,2024-05-16T21:29:59,53.31884,-8.57907,5.8,15.25,0,0,,2024-May-16,21:29:59
25602,2024-05-16T21:30:59,53.31884,-8.57907,5.8,15.0,0,1,,2024-May-16,21:30:59
25603,2024-05-16T21:31:59,53.31884,-8.57907,5.8,15.25,0,2,,2024-May-16,21:31:59
25604,2024-05-16T21:32:59,53.31884,-8.57907,5.8,15.0,0,0,,2024-May-16,21:32:59
25605,2024-05-16T21:33:59,53.31884,-8.57907,5.8,15.0,0,0,,2024-May-16,21:33:59
25606,2024-05-16T21:34:59,53.31884,-8.57907,5.8,15.25,0,2,,2024-May-16,21:34:59
25607,2024-05-16T21:35:59,53.31884,-8.57907,5.8,15.0,0,1,,2024-May-16,21:35:59
25608,2024-05-16T21:36:59,53.31884,-8.57907,5.8,15.0,0,0,,2024-May-16,21:36:59
25609,2024-05-16T21:37:59,53.31884,-8.57907,5.8,15.0,0,1,,2024-May-16,21:37:59
25610,2024-05-16T21:38:59,53.31884,-8.57907,5.8,15.0,0,0,,2024-May-16,21:38:59
25611,2024-05-16T21:39:59,53.31884,-8.57907,5.8,15.0,0,1,,2024-May-16,21:39:59
25612,2024-05-16T21:40:59,53.31884,-8.57907,5.8,15.0,0,1,,2024-May-16,21:40:59
25613,2024-05-16T21:41:59,53.31884,-8.57907,5.8,15.0,0,1,,2024-May-16,21:41:59
25614,2024-05-16T21:42:59,53.31884,-8.57907,5.8,15.0,0,0,,2024-May-16,21:42:59
25615,2024-05-16T21:43:59,53.31884,-8.57907,5.8,15.0,0,1,,2024-May-16,21:43:59
25616,2024-05-16T21:44:59,53.31884,-8.57907,5.8,15.0,0,0,,2024-May-16,21:44:59
25617,2024-05-16T21:45:59,53.31884,-8.57907,5.8,14.75,0,0,,2024-May-16,21:45:59
25618,2024-05-16T21:46:59,53.31884,-8.57907,5.8,15.0,0,2,,2024-May-16,21:46:59
25619,2024-05-16T21:47:59,53.31884,-8.57907,5.8,14.75,0,2,,2024-May-16,21:47:59
25620,2024-05-16T21:48:59,53.31884,-8.57907,5.8,14.75,0,0,,2024-May-16,21:48:59
25621,2024-05-16T21:49:59,53.31884,-8.57907,5.8,14.75,0,0,,2024-May-16,21:49:59
25622,2024-05-16T21:50:59,53.31884,-8.57907,5.8,14.75,0,1,,2024-May-16,21:50:59
25623,2024-05-16T21:51:59,53.31884,-8.57907,5.8,14.75,0,3,,2024-May-16,21:51:59
25624,2024-05-16T21:52:59,53.31884,-8.57907,5.8,14.75,0,0,,2024-May-16,21:52:59
25625,2024-05-16T21:53:59,53.31884,-8.57907,5.8,14.75,0,0,,2024-May-16,21:53:59
25626,2024-05-16T21:54:59,53.31884,-8.57907,5.8,14.75,0,2,,2024-May-16,21:54:59
25627,2024-05-16T21:55:59,53.31884,-8.57907,5.8,14.75,0,0,,2024-May-16,21:55:59
25628,2024-05-16T21:56:59,53.31884,-8.57907,5.8,14.75,0,0,,2024-May-16,21:56:59
25629,2024-05-16T21:57:59,53.31884,-8.57907,5.8,14.5,0,0,,2024-May-16,21:57:59
25630,2024-05-16T21:58:59,53.31884,-8.57907,5.8,14.75,0,0,,2024-May-16,21:58:59
25631,2024-05-16T21:59:59,53.31884,-8.57907,5.8,14.75,0,0,,2024-May-16,21:59:59
25632,2024-05-16T22:00:59,53.31884,-8.57907,5.8,14.5,0,0,,2024-May-16,22:00:59
25633,2024-05-16T22:01:59,53.31884,-8.57907,5.8,14.5,0,1,,2024-May-16,22:01:59
25634,2024-05-16T22:02:59,53.31884,-8.57907,5.8,14.5,0,1,,2024-May-16,22:02:59
25635,2024-05-16T22:03:59,53.31884,-8.57907,5.8,14.75,0,0,,2024-May-16,22:03:59
25636,2024-05-16T22:04:59,53.31884,-8.57907,5.8,14.5,0,0,,2024-May-16,22:04:59
25637,2024-05-16T22:05:59,53.31884,-8.57907,5.8,14.5,0,0,,2024-May-16,22:05:59
25638,2024-05-16T22:06:59,53.31884,-8.57907,5.8,14.5,0,0,,2024-May-16,22:06:59
25639,2024-05-16T22:07:59,53.31884,-8.57907,5.8,14.5,0,1,,2024-May-16,22:07:59
25640,2024-05-16T22:08:59,53.31884,-8.57907,5.8,14.5,1,0,,2024-May-16,22:08:59
25641,2024-05-16T22:09:59,53.31884,-8.57907,5.8,14.5,1,0,,2024-May-16,22:09:59
25642,2024-05-16T22:10:59,53.31884,-8.57907,5.8,14.5,1,0,,2024-May-16,22:10:59
25643,2024-05-16T22:11:59,53.31884,-8.57907,5.8,14.75,4,1,,2024-May-16,22:11:59
25644,2024-05-16T22:12:59,53.31884,-8.57907,5.8,14.5,0,0,,2024-May-16,22:12:59
25645,2024-05-16T22:13:59,53.31884,-8.57907,5.8,14.5,0,0,,2024-May-16,22:13:59
25646,2024-05-16T22:14:59,53.31884,-8.57907,5.8,14.75,6,2,,2024-May-16,22:14:59
25647,2024-05-16T22:15:59,53.31884,-8.57907,5.8,14.75,3,0,,2024-May-16,22:15:59
25648,2024-05-16T22:16:59,53.31884,-8.57907,5.8,14.75,1,0,,2024-May-16,22:16:59
25649,2024-05-16T22:17:59,53.31884,-8.57907,5.8,14.75,0,1,,2024-May-16,22:17:59
25650,2024-05-16T22:18:59,53.31884,-8.57907,5.8,14.75,1,1,,2024-May-16,22:18:59
25651,2024-05-16T22:19:59,53.31884,-8.57907,5.8,14.75,3,0,,2024-May-16,22:19:59
25652,2024-05-16T22:20:59,53.31884,-8.57907,5.8,14.5,0,1,,2024-May-16,22:20:59
25653,2024-05-16T22:21:59,53.31884,-8.57907,5.8,14.75,3,1,,2024-May-16,22:21:59
25654,2024-05-16T22:22:59,53.31884,-8.57907,5.8,14.75,0,1,,2024-May-16,22:22:59
25655,2024-05-16T22:23:59,53.31884,-8.57907,5.8,14.75,0,1,,2024-May-16,22:23:59
25656,2024-05-16T22:24:59,53.31884,-8.57907,5.8,14.75,1,2,,2024-May-16,22:24:59
25657,2024-05-16T22:25:59,53.31884,-8.57907,5.8,14.75,0,0,,2024-May-16,22:25:59
25658,2024-05-16T22:26:59,53.31884,-8.57907,5.8,14.5,1,1,,2024-May-16,22:26:59
25659,2024-05-16T22:27:59,53.31884,-8.57907,5.8,14.5,1,2,,2024-May-16,22:27:59
25660,2024-05-16T22:28:59,53.31884,-8.57907,5.8,14.75,2,0,,2024-May-16,22:28:59
25661,2024-05-16T22:29:59,53.31884,-8.57907,5.8,14.5,0,1,,2024-May-16,22:29:59
25662,2024-05-16T22:30:59,53.31884,-8.57907,5.8,14.5,1,1,,2024-May-16,22:30:59
25663,2024-05-16T22:31:59,53.31884,-8.57907,5.8,14.5,1,0,,2024-May-16,22:31:59
25664,2024-05-16T22:32:59,53.31884,-8.57907,5.8,14.75,1,0,,2024-May-16,22:32:59
25665,2024-05-16T22:33:59,53.31884,-8.57907,5.8,14.75,1,0,,2024-May-16,22:33:59
25666,2024-05-16T22:34:59,53.31884,-8.57907,5.8,14.5,1,0,,2024-May-16,22:34:59
25667,2024-05-16T22:35:59,53.31884,-8.57907,5.8,14.5,0,1,,2024-May-16,22:35:59
25668,2024-05-16T22:36:59,53.31884,-8.57907,5.8,14.5,0,0,,2024-May-16,22:36:59
25669,2024-05-16T22:37:59,53.31884,-8.57907,5.8,14.5,0,1,,2024-May-16,22:37:59
25670,2024-05-16T22:38:59,53.31884,-8.57907,5.8,14.5,1,0,,2024-May-16,22:38:59
25671,2024-05-16T22:39:59,53.31884,-8.57907,5.8,14.5,0,0,,2024-May-16,22:39:59
25672,2024-05-16T22:40:59,53.31884,-8.57907,5.8,14.5,0,2,,2024-May-16,22:40:59
25673,2024-05-16T22:41:59,53.31884,-8.57907,5.8,14.5,1,2,,2024-May-16,22:41:59
25674,2024-05-16T22:42:59,53.31884,-8.57907,5.8,14.5,0,0,,2024-May-16,22:42:59
25675,2024-05-16T22:43:59,53.31884,-8.57907,5.8,14.5,0,0,,2024-May-16,22:43:59
25676,2024-05-16T22:44:59,53.31884,-8.57907,5.8,14.5,1,0,,2024-May-16,22:44:59
25677,2024-05-16T22:45:59,53.31884,-8.57907,5.8,14.5,0,0,,2024-May-16,22:45:59
25678,2024-05-16T22:46:59,53.31884,-8.57907,5.8,14.5,0,0,,2024-May-16,22:46:59
25679,2024-05-16T22:47:59,53.31884,-8.57907,5.7,14.5,2,1,,2024-May-16,22:47:59
25680,2024-05-16T22:48:59,53.31884,-8.57907,5.8,14.5,0,2,,2024-May-16,22:48:59
25681,2024-05-16T22:49:59,53.31884,-8.57907,5.7,14.5,1,2,,2024-May-16,22:49:59
25682,2024-05-16T22:50:59,53.31884,-8.57907,5.7,14.5,0,0,,2024-May-16,22:50:59
25683,2024-05-16T22:51:59,53.31884,-8.57907,5.8,14.5,2,0,,2024-May-16,22:51:59
25684,2024-05-16T22:52:59,53.31884,-8.57907,5.8,14.75,1,2,,2024-May-16,22:52:59
25685,2024-05-16T22:53:59,53.31884,-8.57907,5.8,14.5,4,1,,2024-May-16,22:53:59
25686,2024-05-16T22:54:59,53.31884,-8.57907,5.7,14.75,3,1,,2024-May-16,22:54:59
25687,2024-05-16T22:55:59,53.31884,-8.57907,5.7,14.75,2,1,,2024-May-16,22:55:59
25688,2024-05-16T22:56:59,53.31884,-8.57907,5.7,14.75,1,1,,2024-May-16,22:56:59
25689,2024-05-16T22:57:59,53.31884,-8.57907,5.8,14.75,1,0,,2024-May-16,22:57:59
25690,2024-05-16T22:58:59,53.31884,-8.57907,5.8,14.5,0,0,,2024-May-16,22:58:59
25691,2024-05-16T22:59:59,53.31884,-8.57907,5.7,14.5,1,1,,2024-May-16,22:59:59
25692,2024-05-16T23:00:59,53.31884,-8.57907,5.8,14.75,1,2,,2024-May-16,23:00:59
25693,2024-05-16T23:01:59,53.31884,-8.57907,5.8,14.5,3,0,,2024-May-16,23:01:59
25694,2024-05-16T23:02:59,53.31884,-8.57907,5.8,14.75,0,0,,2024-May-16,23:02:59
25695,2024-05-16T23:03:59,53.31884,-8.57907,5.8,14.5,2,0,,2024-May-16,23:03:59
25696,2024-05-16T23:04:59,53.31884,-8.57907,5.8,14.75,0,4,,2024-May-16,23:04:59
25697,2024-05-16T23:05:59,53.31884,-8.57907,5.8,14.5,1,2,,2024-May-16,23:05:59
25698,2024-05-16T23:06:59,53.31884,-8.57907,5.8,14.5,0,0,,2024-May-16,23:06:59
25699,2024-05-16T23:07:59,53.31884,-8.57907,5.8,14.5,0,1,,2024-May-16,23:07:59
25700,2024-05-16T23:08:59,53.31884,-8.57907,5.8,14.5,1,1,,2024-May-16,23:08:59
25701,2024-05-16T23:09:59,53.31884,-8.57907,5.8,14.5,2,0,,2024-May-16,23:09:59
25702,2024-05-16T23:10:59,53.31884,-8.57907,5.7,14.5,1,2,,2024-May-16,23:10:59
25703,2024-05-16T23:11:59,53.31884,-8.57907,5.7,14.5,1,3,,2024-May-16,23:11:59
25704,2024-05-16T23:12:59,53.31884,-8.57907,5.7,14.5,2,0,,2024-May-16,23:12:59
25705,2024-05-16T23:13:59,53.31884,-8.57907,5.8,14.5,0,1,,2024-May-16,23:13:59
25706,2024-05-16T23:14:59,53.31884,-8.57907,5.8,14.5,0,0,,2024-May-16,23:14:59
25707,2024-05-16T23:15:59,53.31884,-8.57907,5.8,14.5,1,1,,2024-May-16,23:15:59
25708,2024-05-16T23:16:59,53.31884,-8.57907,5.8,14.75,1,0,,2024-May-16,23:16:59
25709,2024-05-16T23:17:59,53.31884,-8.57907,5.8,14.5,2,0,,2024-May-16,23:17:59
25710,2024-05-16T23:18:59,53.31884,-8.57907,5.7,14.5,2,1,,2024-May-16,23:18:59
25711,2024-05-16T23:19:59,53.31884,-8.57907,5.8,14.5,2,0,,2024-May-16,23:19:59
25712,2024-05-16T23:20:59,53.31884,-8.57907,5.8,14.5,0,0,,2024-May-16,23:20:59
25713,2024-05-16T23:21:59,53.31884,-8.57907,5.8,14.5,1,0,,2024-May-16,23:21:59
25714,2024-05-16T23:22:59,53.31884,-8.57907,5.8,14.5,2,0,,2024-May-16,23:22:59
25715,2024-05-16T23:23:59,53.31884,-8.57907,5.8,14.5,0,1,,2024-May-16,23:23:59
25716,2024-05-16T23:24:59,53.31884,-8.57907,5.8,14.5,0,0,,2024-May-16,23:24:59
25717,2024-05-16T23:25:59,53.31884,-8.57907,5.8,14.5,1,2,,2024-May-16,23:25:59
25718,2024-05-16T23:26:59,53.31884,-8.57907,5.8,14.5,1,0,,2024-May-16,23:26:59
25719,2024-05-16T23:27:59,53.31884,-8.57907,5.8,14.5,0,0,,2024-May-16,23:27:59
25720,2024-05-16T23:28:59,53.31884,-8.57907,5.8,14.25,0,1,,2024-May-16,23:28:59
25721,2024-05-16T23:29:59,53.31884,-8.57907,5.8,14.5,2,1,,2024-May-16,23:29:59
25722,2024-05-16T23:30:59,53.31884,-8.57907,5.8,14.5,0,1,,2024-May-16,23:30:59
25723,2024-05-16T23:31:59,53.31884,-8.57907,5.8,14.5,2,1,,2024-May-16,23:31:59
25724,2024-05-16T23:32:59,53.31884,-8.57907,5.7,14.5,0,0,,2024-May-16,23:32:59
25725,2024-05-16T23:33:59,53.31884,-8.57907,5.8,14.5,1,1,,2024-May-16,23:33:59
25726,2024-05-16T23:34:59,53.31884,-8.57907,5.7,14.5,0,2,,2024-May-16,23:34:59
25727,2024-05-16T23:35:59,53.31884,-8.57907,5.8,14.5,2,1,,2024-May-16,23:35:59
25728,2024-05-16T23:36:59,53.31884,-8.57907,5.8,14.25,1,0,,2024-May-16,23:36:59
25729,2024-05-16T23:37:59,53.31884,-8.57907,5.8,14.5,2,0,,2024-May-16,23:37:59
25730,2024-05-16T23:38:59,53.31884,-8.57907,5.7,14.5,0,1,,2024-May-16,23:38:59
25731,2024-05-16T23:39:59,53.31884,-8.57907,5.8,14.5,1,0,,2024-May-16,23:39:59
25732,2024-05-16T23:40:59,53.31884,-8.57907,5.8,14.25,0,1,,2024-May-16,23:40:59
25733,2024-05-16T23:41:59,53.31884,-8.57907,5.7,14.25,1,1,,2024-May-16,23:41:59
25734,2024-05-16T23:42:59,53.31884,-8.57907,5.8,14.25,1,0,,2024-May-16,23:42:59
25735,2024-05-16T23:43:59,53.31884,-8.57907,5.7,14.25,1,0,,2024-May-16,23:43:59
25736,2024-05-16T23:44:59,53.31884,-8.57907,5.8,14.5,0,0,,2024-May-16,23:44:59
25737,2024-05-16T23:45:59,53.31884,-8.57907,5.8,14.5,0,0,,2024-May-16,23:45:59
25738,2024-05-16T23:46:59,53.31884,-8.57907,5.7,14.25,0,0,,2024-May-16,23:46:59
25739,2024-05-16T23:47:59,53.31884,-8.57907,5.8,14.25,1,0,,2024-May-16,23:47:59
25740,2024-05-16T23:48:59,53.31884,-8.57907,5.8,14.25,0,0,,2024-May-16,23:48:59
25741,2024-05-16T23:49:59,53.31884,-8.57907,5.8,14.25,0,0,,2024-May-16,23:49:59
25742,2024-05-16T23:50:59,53.31884,-8.57907,5.8,14.25,1,0,,2024-May-16,23:50:59
25743,2024-05-16T23:51:59,53.31884,-8.57907,5.7,14.25,1,0,,2024-May-16,23:51:59
25744,2024-05-16T23:52:59,53.31884,-8.57907,5.7,14.25,0,0,,2024-May-16,23:52:59
25745,2024-05-16T23:53:59,53.31884,-8.57907,5.8,14.25,0,0,,2024-May-16,23:53:59
25746,2024-05-16T23:54:59,53.31884,-8.57907,5.8,14.25,0,1,,2024-May-16,23:54:59
25747,2024-05-16T23:55:59,53.31884,-8.57907,5.8,14.25,1,0,,2024-May-16,23:55:59
25748,2024-05-16T23:56:59,53.31884,-8.57907,5.7,14.25,0,0,,2024-May-16,23:56:59
25749,2024-05-16T23:57:59,53.31884,-8.57907,5.7,14.25,0,0,,2024-May-16,23:57:59
25750,2024-05-16T23:58:59,53.31884,-8.57907,5.8,14.25,1,0,,2024-May-16,23:58:59
25751,2024-05-16T23:59:59,53.31884,-8.57907,5.7,14.25,0,1,,2024-May-16,23:59:59
53934,2024-05-16T03:45:02,53.31884,-8.57907,5.5,7.0,5,0,,2024-May-16,03:45:02
53935,2024-05-16T03:46:02,53.31884,-8.57907,5.5,7.5,5,0,,2024-May-16,03:46:02
53936,2024-05-16T03:47:02,53.31884,-8.57907,5.5,7.5,4,0,,2024-May-16,03:47:02
53937,2024-05-16T03:48:02,53.31884,-8.57907,5.5,7.5,6,1,,2024-May-16,03:48:02
53938,2024-05-16T03:49:02,53.31884,-8.57907,5.5,7.75,5,0,,2024-May-16,03:49:02
53939,2024-05-16T03:50:02,53.31884,-8.57907,5.6,7.75,5,2,,2024-May-16,03:50:02
53940,2024-05-16T03:51:02,53.31884,-8.57907,5.5,7.75,5,0,,2024-May-16,03:51:02
53941,2024-05-16T03:52:02,53.31884,-8.57907,5.5,7.75,5,0,,2024-May-16,03:52:02
53942,2024-05-16T03:53:02,53.31884,-8.57907,5.6,8.0,4,0,,2024-May-16,03:53:02
53943,2024-05-16T03:54:02,53.31884,-8.57907,5.5,8.0,4,0,,2024-May-16,03:54:02
53944,2024-05-16T03:55:02,53.31884,-8.57907,5.6,8.0,4,0,,2024-May-16,03:55:02
53945,2024-05-16T03:56:02,53.31884,-8.57907,5.5,8.0,5,0,,2024-May-16,03:56:02
53946,2024-05-16T03:57:02,53.31884,-8.57907,5.6,8.0,5,0,,2024-May-16,03:57:02
53947,2024-05-16T03:58:02,53.31884,-8.57907,5.5,8.0,4,1,,2024-May-16,03:58:02
53948,2024-05-16T03:59:02,53.31884,-8.57907,5.5,8.0,4,0,,2024-May-16,03:59:02
53949,2024-05-16T04:00:02,53.31884,-8.57907,5.5,8.0,4,1,,2024-May-16,04:00:02
53950,2024-05-16T04:01:02,53.31884,-8.57907,5.5,8.0,4,0,,2024-May-16,04:01:02
53951,2024-05-16T04:02:02,53.31884,-8.57907,5.5,8.25,5,0,,2024-May-16,04:02:02
53952,2024-05-16T04:03:02,53.31884,-8.57907,5.5,8.25,4,0,,2024-May-16,04:03:02
53953,2024-05-16T04:04:02,53.31884,-8.57907,5.6,8.25,5,0,,2024-May-16,04:04:02
53954,2024-05-16T04:05:02,53.31884,-8.57907,5.6,8.25,5,0,,2024-May-16,04:05:02
53955,2024-05-16T04:06:02,53.31884,-8.57907,5.5,8.25,5,0,,2024-May-16,04:06:02
53956,2024-05-16T04:07:02,53.31884,-8.57907,5.6,8.25,4,1,,2024-May-16,04:07:02
53957,2024-05-16T04:08:02,53.31884,-8.57907,5.5,8.25,3,0,,2024-May-16,04:08:02
53958,2024-05-16T04:09:02,53.31884,-8.57907,5.5,8.25,3,2,,2024-May-16,04:09:02
53959,2024-05-16T04:10:02,53.31884,-8.57907,5.5,8.25,5,0,,2024-May-16,04:10:02
53960,2024-05-16T04:11:02,53.31884,-8.57907,5.6,8.25,4,1,,2024-May-16,04:11:02
53961,2024-05-16T04:12:02,53.31884,-8.57907,5.6,8.25,4,0,,2024-May-16,04:12:02
53962,2024-05-16T04:13:02,53.31884,-8.57907,5.5,8.25,4,0,,2024-May-16,04:13:02
53963,2024-05-16T04:14:02,53.31884,-8.57907,5.5,8.25,3,2,,2024-May-16,04:14:02
53964,2024-05-16T04:15:02,53.31884,-8.57907,5.6,8.0,4,1,,2024-May-16,04:15:02
53965,2024-05-16T04:16:02,53.31884,-8.57907,5.5,8.25,4,0,,2024-May-16,04:16:02
53966,2024-05-16T04:17:02,53.31884,-8.57907,5.5,8.25,3,0,,2024-May-16,04:17:02
53967,2024-05-16T04:18:02,53.31884,-8.57907,5.6,8.25,3,0,,2024-May-16,04:18:02
53968,2024-05-16T04:19:02,53.31884,-8.57907,5.5,8.25,3,0,,2024-May-16,04:19:02
53969,2024-05-16T04:20:02,53.31884,-8.57907,5.5,8.5,3,1,,2024-May-16,04:20:02
53970,2024-05-16T04:21:02,53.31884,-8.57907,5.5,8.5,2,0,,2024-May-16,04:21:02
53971,2024-05-16T04:22:02,53.31884,-8.57907,5.6,8.25,1,1,,2024-May-16,04:22:02
53972,2024-05-16T04:23:02,53.31884,-8.57907,5.5,8.0,1,1,,2024-May-16,04:23:02
53973,2024-05-16T04:24:02,53.31884,-8.57907,5.5,8.25,4,0,,2024-May-16,04:24:02
53974,2024-05-16T04:25:02,53.31884,-8.57907,5.6,8.25,4,0,,2024-May-16,04:25:02
53975,2024-05-16T04:26:02,53.31884,-8.57907,5.5,8.25,1,0,,2024-May-16,04:26:02
53976,2024-05-16T04:27:02,53.31884,-8.57907,5.6,8.25,3,2,,2024-May-16,04:27:02
53977,2024-05-16T04:28:02,53.31884,-8.57907,5.6,8.0,1,1,,2024-May-16,04:28:02
53978,2024-05-16T04:29:02,53.31884,-8.57907,5.6,8.0,0,0,,2024-May-16,04:29:02
53979,2024-05-16T04:30:02,53.31884,-8.57907,5.5,8.0,2,2,,2024-May-16,04:30:02
53980,2024-05-16T04:31:02,53.31884,-8.57907,5.6,8.25,3,2,,2024-May-16,04:31:02
53981,2024-05-16T04:32:02,53.31884,-8.57907,5.6,8.25,3,1,,2024-May-16,04:32:02
53982,2024-05-16T04:33:02,53.31884,-8.57907,5.6,8.25,3,2,,2024-May-16,04:33:02
53983,2024-05-16T04:34:02,53.31884,-8.57907,5.5,8.0,2,0,,2024-May-16,04:34:02
53984,2024-05-16T04:35:02,53.31884,-8.57907,5.6,8.25,3,1,,2024-May-16,04:35:02
53985,2024-05-16T04:36:02,53.31884,-8.57907,5.6,8.25,3,0,,2024-May-16,04:36:02
53986,2024-05-16T04:37:02,53.31884,-8.57907,5.6,8.25,1,1,,2024-May-16,04:37:02
53987,2024-05-16T04:38:02,53.31884,-8.57907,5.6,8.25,3,0,,2024-May-16,04:38:02
53988,2024-05-16T04:39:02,53.31884,-8.57907,5.6,8.25,3,0,,2024-May-16,04:39:02
53989,2024-05-16T04:40:02,53.31884,-8.57907,5.6,8.25,2,1,,2024-May-16,04:40:02
53990,2024-05-16T04:41:02,53.31884,-8.57907,5.6,8.5,5,0,,2024-May-16,04:41:02
53991,2024-05-16T04:42:02,53.31884,-8.57907,5.6,8.5,1,1,,2024-May-16,04:42:02
53992,2024-05-16T04:43:02,53.31884,-8.57907,5.6,8.25,0,1,,2024-May-16,04:43:02
53993,2024-05-16T04:44:02,53.31884,-8.57907,5.6,8.25,4,1,,2024-May-16,04:44:02
53994,2024-05-16T04:45:02,53.31884,-8.57907,5.6,8.25,3,0,,2024-May-16,04:45:02
53995,2024-05-16T04:46:02,53.31884,-8.57907,5.6,8.25,1,0,,2024-May-16,04:46:02
53996,2024-05-16T04:47:02,53.31884,-8.57907,5.6,8.25,0,0,,2024-May-16,04:47:02
53997,2024-05-16T04:48:02,53.31884,-8.57907,5.6,8.25,0,0,,2024-May-16,04:48:02
53998,2024-05-16T04:49:02,53.31884,-8.57907,5.6,8.0,1,0,,2024-May-16,04:49:02
53999,2024-05-16T04:50:02,53.31884,-8.57907,5.6,8.0,0,0,,2024-May-16,04:50:02
54000,2024-05-16T04:51:02,53.31884,-8.57907,5.6,8.25,2,0,,2024-May-16,04:51:02
54001,2024-05-16T04:52:02,53.31884,-8.57907,5.6,8.25,0,0,,2024-May-16,04:52:02
54002,2024-05-16T04:53:02,53.31884,-8.57907,5.6,8.25,0,0,,2024-May-16,04:53:02
54003,2024-05-16T04:54:02,53.31884,-8.57907,5.6,8.25,0,0,,2024-May-16,04:54:02
54004,2024-05-16T04:55:02,53.31884,-8.57907,5.6,8.25,0,1,,2024-May-16,04:55:02
54005,2024-05-16T04:56:02,53.31884,-8.57907,5.6,8.25,0,0,,2024-May-16,04:56:02
54006,2024-05-16T04:57:02,53.31884,-8.57907,5.6,8.25,0,0,,2024-May-16,04:57:02
54007,2024-05-16T04:58:02,53.31884,-8.57907,5.6,8.0,0,0,,2024-May-16,04:58:02
54008,2024-05-16T04:59:02,53.31884,-8.57907,5.6,8.25,0,0,,2024-May-16,04:59:02
54009,2024-05-16T05:00:02,53.31884,-8.57907,5.6,8.25,0,0,,2024-May-16,05:00:02
54010,2024-05-16T05:01:02,53.31884,-8.57907,5.6,8.25,0,0,,2024-May-16,05:01:02
54011,2024-05-16T05:02:02,53.31884,-8.57907,5.6,8.0,0,0,,2024-May-16,05:02:02
54012,2024-05-16T05:03:02,53.31884,-8.57907,5.6,8.25,0,0,,2024-May-16,05:03:02
54013,2024-05-16T05:04:02,53.31884,-8.57907,5.6,8.25,0,0,,2024-May-16,05:04:02
54014,2024-05-16T05:05:02,53.31884,-8.57907,5.6,8.25,0,0,,2024-May-16,05:05:02
54015,2024-05-16T05:06:02,53.31884,-8.57907,5.6,8.25,0,0,,2024-May-16,05:06:02
54016,2024-05-16T05:07:02,53.31884,-8.57907,5.6,8.25,0,0,,2024-May-16,05:07:02
54017,2024-05-16T05:08:02,53.31884,-8.57907,5.6,8.25,0,0,,2024-May-16,05:08:02
54018,2024-05-16T05:09:02,53.31884,-8.57907,5.6,8.25,0,0,,2024-May-16,05:09:02
54019,2024-05-16T05:10:02,53.31884,-8.57907,5.6,8.25,0,0,,2024-May-16,05:10:02
54020,2024-05-16T05:11:02,53.31884,-8.57907,5.6,8.25,0,0,,2024-May-16,05:11:02
54021,2024-05-16T05:12:02,53.31884,-8.57907,5.6,8.25,0,1,,2024-May-16,05:12:02
54022,2024-05-16T05:13:02,53.31884,-8.57907,5.6,8.25,0,0,,2024-May-16,05:13:02
54023,2024-05-16T05:14:02,53.31884,-8.57907,5.6,8.25,0,0,,2024-May-16,05:14:02
54024,2024-05-16T05:15:02,53.31884,-8.57907,5.6,8.25,0,0,,2024-May-16,05:15:02
54025,2024-05-16T05:16:02,53.31884,-8.57907,5.6,8.25,0,0,,2024-May-16,05:16:02
54026,2024-05-16T05:17:02,53.31884,-8.57907,5.6,8.5,0,0,,2024-May-16,05:17:02
54027,2024-05-16T05:18:02,53.31884,-8.57907,5.6,8.5,0,0,,2024-May-16,05:18:02
54028,2024-05-16T05:19:02,53.31884,-8.57907,5.6,8.25,0,0,,2024-May-16,05:19:02
54029,2024-05-16T05:20:02,53.31884,-8.57907,5.6,8.5,0,0,,2024-May-16,05:20:02
54030,2024-05-16T05:21:02,53.31884,-8.57907,5.6,8.5,2,0,,2024-May-16,05:21:02
54031,2024-05-16T05:22:02,53.31884,-8.57907,5.6,8.5,0,0,,2024-May-16,05:22:02
54032,2024-05-16T05:23:02,53.31884,-8.57907,5.6,8.5,0,0,,2024-May-16,05:23:02
54033,2024-05-16T05:24:02,53.31884,-8.57907,5.6,8.5,0,0,,2024-May-16,05:24:02
54034,2024-05-16T05:25:02,53.31884,-8.57907,5.6,8.5,0,0,,2024-May-16,05:25:02
54035,2024-05-16T05:26:02,53.31884,-8.57907,5.6,8.5,0,0,,2024-May-16,05:26:02
54036,2024-05-16T05:27:02,53.31884,-8.57907,5.6,8.5,0,0,,2024-May-16,05:27:02
54037,2024-05-16T05:28:02,53.31884,-8.57907,5.6,8.5,0,0,,2024-May-16,05:28:02
54038,2024-05-16T05:29:02,53.31884,-8.57907,5.6,8.5,0,0,,2024-May-16,05:29:02
54039,2024-05-16T05:30:02,53.31884,-8.57907,5.6,8.5,0,0,,2024-May-16,05:30:02
54040,2024-05-16T05:31:02,53.31884,-8.57907,5.6,8.5,0,0,,2024-May-16,05:31:02
54041,2024-05-16T05:32:02,53.31884,-8.57907,5.6,8.5,0,0,,2024-May-16,05:32:02
54042,2024-05-16T05:33:02,53.31884,-8.57907,5.6,8.75,0,0,,2024-May-16,05:33:02
54043,2024-05-16T05:34:02,53.31884,-8.57907,5.6,8.75,0,0,,2024-May-16,05:34:02
54044,2024-05-16T05:35:02,53.31884,-8.57907,5.6,8.5,0,0,,2024-May-16,05:35:02
54045,2024-05-16T05:36:02,53.31884,-8.57907,5.6,8.75,0,0,,2024-May-16,05:36:02
54046,2024-05-16T05:37:02,53.31884,-8.57907,5.6,8.75,0,0,,2024-May-16,05:37:02
54047,2024-05-16T05:38:02,53.31884,-8.57907,5.5,8.75,2,1,,2024-May-16,05:38:02
54048,2024-05-16T05:39:02,53.31884,-8.57907,5.5,9.0,5,1,,2024-May-16,05:39:02
54049,2024-05-16T05:40:02,53.31884,-8.57907,5.6,9.0,3,3,,2024-May-16,05:40:02
54050,2024-05-16T05:41:02,53.31884,-8.57907,5.6,9.25,3,2,,2024-May-16,05:41:02
54051,2024-05-16T05:42:02,53.31884,-8.57907,5.6,9.0,0,0,,2024-May-16,05:42:02
54052,2024-05-16T05:43:02,53.31884,-8.57907,5.6,9.0,0,0,,2024-May-16,05:43:02
54053,2024-05-16T05:44:02,53.31884,-8.57907,5.6,9.0,0,0,,2024-May-16,05:44:02
54054,2024-05-16T05:45:02,53.31884,-8.57907,5.6,8.75,0,0,,2024-May-16,05:45:02
54055,2024-05-16T05:46:02,53.31884,-8.57907,5.6,8.75,0,0,,2024-May-16,05:46:02
54056,2024-05-16T05:47:02,53.31884,-8.57907,5.6,8.75,0,0,,2024-May-16,05:47:02
54057,2024-05-16T05:48:02,53.31884,-8.57907,5.6,8.75,0,0,,2024-May-16,05:48:02
54058,2024-05-16T05:49:02,53.31884,-8.57907,5.6,8.75,0,0,,2024-May-16,05:49:02
54059,2024-05-16T05:50:02,53.31884,-8.57907,5.6,8.75,0,0,,2024-May-16,05:50:02
54060,2024-05-16T05:51:02,53.31884,-8.57907,5.6,8.75,0,0,,2024-May-16,05:51:02
54061,2024-05-16T05:52:02,53.31884,-8.57907,5.6,8.75,0,0,,2024-May-16,05:52:02
54062,2024-05-16T05:53:02,53.31884,-8.57907,5.6,8.75,0,0,,2024-May-16,05:53:02
54063,2024-05-16T05:54:02,53.31884,-8.57907,5.6,8.75,0,0,,2024-May-16,05:54:02
54064,2024-05-16T05:55:02,53.31884,-8.57907,5.6,9.0,0,0,,2024-May-16,05:55:02
54065,2024-05-16T05:56:02,53.31884,-8.57907,5.6,8.75,0,0,,2024-May-16,05:56:02
54066,2024-05-16T05:57:02,53.31884,-8.57907,5.6,9.0,0,1,,2024-May-16,05:57:02
54067,2024-05-16T05:58:02,53.31884,-8.57907,5.6,9.0,0,0,,2024-May-16,05:58:02
54068,2024-05-16T05:59:02,53.31884,-8.57907,5.6,9.0,0,0,,2024-May-16,05:59:02
54069,2024-05-16T06:00:02,53.31884,-8.57907,5.6,8.75,0,0,,2024-May-16,06:00:02
54070,2024-05-16T06:01:02,53.31884,-8.57907,5.6,9.0,0,0,,2024-May-16,06:01:02
54071,2024-05-16T06:02:02,53.31884,-8.57907,5.6,8.75,0,0,,2024-May-16,06:02:02
54072,2024-05-16T06:03:00,53.31884,-8.57907,5.6,8.75,0,0,,2024-May-16,06:03:00
54073,2024-05-16T21:00:59,53.31884,-8.57907,5.9,15.25,0,1,,2024-May-16,21:00:59
54074,2024-05-16T21:01:59,53.31884,-8.57907,5.8,15.5,0,2,,2024-May-16,21:01:59
54075,2024-05-16T21:02:59,53.31884,-8.57907,5.8,15.5,0,1,,2024-May-16,21:02:59
54076,2024-05-16T21:03:59,53.31884,-8.57907,5.8,15.5,0,2,,2024-May-16,21:03:59
54077,2024-05-16T21:04:59,53.31884,-8.57907,5.8,15.25,0,1,,2024-May-16,21:04:59
54078,2024-05-16T21:05:59,53.31884,-8.57907,5.8,15.5,0,1,,2024-May-16,21:05:59
54079,2024-05-16T21:06:59,53.31884,-8.57907,5.8,15.5,0,2,,2024-May-16,21:06:59
54080,2024-05-16T21:07:59,53.31884,-8.57907,5.8,15.5,0,1,,2024-May-16,21:07:59
54081,2024-05-16T21:08:59,53.31884,-8.57907,5.8,15.5,0,0,,2024-May-16,21:08:59
54082,2024-05-16T21:09:59,53.31884,-8.57907,5.8,15.5,0,1,,2024-May-16,21:09:59
54083,2024-05-16T21:10:59,53.31884,-8.57907,5.8,15.5,0,0,,2024-May-16,21:10:59
54084,2024-05-16T21:11:59,53.31884,-8.57907,5.8,15.5,0,1,,2024-May-16,21:11:59
54085,2024-05-16T21:12:59,53.31884,-8.57907,5.8,15.5,0,0,,2024-May-16,21:12:59
54086,2024-05-16T21:13:59,53.31884,-8.57907,5.8,15.25,0,0,,2024-May-16,21:13:59
54087,2024-05-16T21:14:59,53.31884,-8.57907,5.8,15.25,0,0,,2024-May-16,21:14:59
54088,2024-05-16T21:15:59,53.31884,-8.57907,5.8,15.25,0,1,,2024-May-16,21:15:59
54089,2024-05-16T21:16:59,53.31884,-8.57907,5.8,15.25,0,2,,2024-May-16,21:16:59
54090,2024-05-16T21:17:59,53.31884,-8.57907,5.8,15.25,0,2,,2024-May-16,21:17:59
54091,2024-05-16T21:18:59,53.31884,-8.57907,5.8,15.25,0,1,,2024-May-16,21:18:59
54092,2024-05-16T21:19:59,53.31884,-8.57907,5.7,15.25,0,0,,2024-May-16,21:19:59
54093,2024-05-16T21:20:59,53.31884,-8.57907,5.8,15.25,0,2,,2024-May-16,21:20:59
54094,2024-05-16T21:21:59,53.31884,-8.57907,5.8,15.25,0,2,,2024-May-16,21:21:59
54095,2024-05-16T21:22:59,53.31884,-8.57907,5.8,15.25,0,0,,2024-May-16,21:22:59
54096,2024-05-16T21:23:59,53.31884,-8.57907,5.8,15.25,0,1,,2024-May-16,21:23:59
54097,2024-05-16T21:24:59,53.31884,-8.57907,5.8,15.25,0,0,,2024-May-16,21:24:59
54098,2024-05-16T21:25:59,53.31884,-8.57907,5.8,15.0,0,1,,2024-May-16,21:25:59
54099,2024-05-16T21:26:59,53.31884,-8.57907,5.8,15.0,0,0,,2024-May-16,21:26:59
54100,2024-05-16T21:27:59,53.31884,-8.57907,5.8,15.25,0,1,,2024-May-16,21:27:59
54101,2024-05-16T21:28:59,53.31884,-8.57907,5.8,15.25,0,2,,2024-May-16,21:28:59
54102,2024-05-16T21:29:59,53.31884,-8.57907,5.8,15.25,0,0,,2024-May-16,21:29:59
54103,2024-05-16T21:30:59,53.31884,-8.57907,5.8,15.0,0,1,,2024-May-16,21:30:59
54104,2024-05-16T21:31:59,53.31884,-8.57907,5.8,15.25,0,2,,2024-May-16,21:31:59
54105,2024-05-16T21:32:59,53.31884,-8.57907,5.8,15.0,0,0,,2024-May-16,21:32:59
54106,2024-05-16T21:33:59,53.31884,-8.57907,5.8,15.0,0,0,,2024-May-16,21:33:59
54107,2024-05-16T21:34:59,53.31884,-8.57907,5.8,15.25,0,2,,2024-May-16,21:34:59
54108,2024-05-16T21:35:59,53.31884,-8.57907,5.8,15.0,0,1,,2024-May-16,21:35:59
54109,2024-05-16T21:36:59,53.31884,-8.57907,5.8,15.0,0,0,,2024-May-16,21:36:59
54110,2024-05-16T21:37:59,53.31884,-8.57907,5.8,15.0,0,1,,2024-May-16,21:37:59
54111,2024-05-16T21:38:59,53.31884,-8.57907,5.8,15.0,0,0,,2024-May-16,21:38:59
54112,2024-05-16T21:39:59,53.31884,-8.57907,5.8,15.0,0,1,,2024-May-16,21:39:59
54113,2024-05-16T21:40:59,53.31884,-8.57907,5.8,15.0,0,1,,2024-May-16,21:40:59
54114,2024-05-16T21:41:59,53.31884,-8.57907,5.8,15.0,0,1,,2024-May-16,21:41:59
54115,2024-05-16T21:42:59,53.31884,-8.57907,5.8,15.0,0,0,,2024-May-16,21:42:59
54116,2024-05-16T21:43:59,53.31884,-8.57907,5.8,15.0,0,1,,2024-May-16,21:43:59
54117,2024-05-16T21:44:59,53.31884,-8.57907,5.8,15.0,0,0,,2024-May-16,21:44:59
54118,2024-05-16T21:45:59,53.31884,-8.57907,5.8,14.75,0,0,,2024-May-16,21:45:59
54119,2024-05-16T21:46:59,53.31884,-8.57907,5.8,15.0,0,2,,2024-May-16,21:46:59
54120,2024-05-16T21:47:59,53.31884,-8.57907,5.8,14.75,0,2,,2024-May-16,21:47:59
54121,2024-05-16T21:48:59,53.31884,-8.57907,5.8,14.75,0,0,,2024-May-16,21:48:59
54122,2024-05-16T21:49:59,53.31884,-8.57907,5.8,14.75,0,0,,2024-May-16,21:49:59
54123,2024-05-16T21:50:59,53.31884,-8.57907,5.8,14.75,0,1,,2024-May-16,21:50:59
54124,2024-05-16T21:51:59,53.31884,-8.57907,5.8,14.75,0,3,,2024-May-16,21:51:59
54125,2024-05-16T21:52:59,53.31884,-8.57907,5.8,14.75,0,0,,2024-May-16,21:52:59
54126,2024-05-16T21:53:59,53.31884,-8.57907,5.8,14.75,0,0,,2024-May-16,21:53:59
54127,2024-05-16T21:54:59,53.31884,-8.57907,5.8,14.75,0,2,,2024-May-16,21:54:59
54128,2024-05-16T21:55:59,53.31884,-8.57907,5.8,14.75,0,0,,2024-May-16,21:55:59
54129,2024-05-16T21:56:59,53.31884,-8.57907,5.8,14.75,0,0,,2024-May-16,21:56:59
54130,2024-05-16T21:57:59,53.31884,-8.57907,5.8,14.5,0,0,,2024-May-16,21:57:59
54131,2024-05-16T21:58:59,53.31884,-8.57907,5.8,14.75,0,0,,2024-May-16,21:58:59
54132,2024-05-16T21:59:59,53.31884,-8.57907,5.8,14.75,0,0,,2024-May-16,21:59:59
54133,2024-05-16T22:00:59,53.31884,-8.57907,5.8,14.5,0,0,,2024-May-16,22:00:59
54134,2024-05-16T22:01:59,53.31884,-8.57907,5.8,14.5,0,1,,2024-May-16,22:01:59
54135,2024-05-16T22:02:59,53.31884,-8.57907,5.8,14.5,0,1,,2024-May-16,22:02:59
54136,2024-05-16T22:03:59,53.31884,-8.57907,5.8,14.75,0,0,,2024-May-16,22:03:59
54137,2024-05-16T22:04:59,53.31884,-8.57907,5.8,14.5,0,0,,2024-May-16,22:04:59
54138,2024-05-16T22:05:59,53.31884,-8.57907,5.8,14.5,0,0,,2024-May-16,22:05:59
54139,2024-05-16T22:06:59,53.31884,-8.57907,5.8,14.5,0,0,,2024-May-16,22:06:59
54140,2024-05-16T22:07:59,53.31884,-8.57907,5.8,14.5,0,1,,2024-May-16,22:07:59
54141,2024-05-16T22:08:59,53.31884,-8.57907,5.8,14.5,1,0,,2024-May-16,22:08:59
54142,2024-05-16T22:09:59,53.31884,-8.57907,5.8,14.5,1,0,,2024-May-16,22:09:59
54143,2024-05-16T22:10:59,53.31884,-8.57907,5.8,14.5,1,0,,2024-May-16,22:10:59
54144,2024-05-16T22:11:59,53.31884,-8.57907,5.8,14.75,4,1,,2024-May-16,22:11:59
54145,2024-05-16T22:12:59,53.31884,-8.57907,5.8,14.5,0,0,,2024-May-16,22:12:59
54146,2024-05-16T22:13:59,53.31884,-8.57907,5.8,14.5,0,0,,2024-May-16,22:13:59
54147,2024-05-16T22:14:59,53.31884,-8.57907,5.8,14.75,6,2,,2024-May-16,22:14:59
54148,2024-05-16T22:15:59,53.31884,-8.57907,5.8,14.75,3,0,,2024-May-16,22:15:59
54149,2024-05-16T22:16:59,53.31884,-8.57907,5.8,14.75,1,0,,2024-May-16,22:16:59
54150,2024-05-16T22:17:59,53.31884,-8.57907,5.8,14.75,0,1,,2024-May-16,22:17:59
54151,2024-05-16T22:18:59,53.31884,-8.57907,5.8,14.75,1,1,,2024-May-16,22:18:59
54152,2024-05-16T22:19:59,53.31884,-8.57907,5.8,14.75,3,0,,2024-May-16,22:19:59
54153,2024-05-16T22:20:59,53.31884,-8.57907,5.8,14.5,0,1,,2024-May-16,22:20:59
54154,2024-05-16T22:21:59,53.31884,-8.57907,5.8,14.75,3,1,,2024-May-16,22:21:59
54155,2024-05-16T22:22:59,53.31884,-8.57907,5.8,14.75,0,1,,2024-May-16,22:22:59
54156,2024-05-16T22:23:59,53.31884,-8.57907,5.8,14.75,0,1,,2024-May-16,22:23:59
54157,2024-05-16T22:24:59,53.31884,-8.57907,5.8,14.75,1,2,,2024-May-16,22:24:59
54158,2024-05-16T22:25:59,53.31884,-8.57907,5.8,14.75,0,0,,2024-May-16,22:25:59
54159,2024-05-16T22:26:59,53.31884,-8.57907,5.8,14.5,1,1,,2024-May-16,22:26:59
54160,2024-05-16T22:27:59,53.31884,-8.57907,5.8,14.5,1,2,,2024-May-16,22:27:59
54161,2024-05-16T22:28:59,53.31884,-8.57907,5.8,14.75,2,0,,2024-May-16,22:28:59
54162,2024-05-16T22:29:59,53.31884,-8.57907,5.8,14.5,0,1,,2024-May-16,22:29:59
54163,2024-05-16T22:30:59,53.31884,-8.57907,5.8,14.5,1,1,,2024-May-16,22:30:59
54164,2024-05-16T22:31:59,53.31884,-8.57907,5.8,14.5,1,0,,2024-May-16,22:31:59
54165,2024-05-16T22:32:59,53.31884,-8.57907,5.8,14.75,1,0,,2024-May-16,22:32:59
54166,2024-05-16T22:33:59,53.31884,-8.57907,5.8,14.75,1,0,,2024-May-16,22:33:59
54167,2024-05-16T22:34:59,53.31884,-8.57907,5.8,14.5,1,0,,2024-May-16,22:34:59
54168,2024-05-16T22:35:59,53.31884,-8.57907,5.8,14.5,0,1,,2024-May-16,22:35:59
54169,2024-05-16T22:36:59,53.31884,-8.57907,5.8,14.5,0,0,,2024-May-16,22:36:59
54170,2024-05-16T22:37:59,53.31884,-8.57907,5.8,14.5,0,1,,2024-May-16,22:37:59
54171,2024-05-16T22:38:59,53.31884,-8.57907,5.8,14.5,1,0,,2024-May-16,22:38:59
54172,2024-05-16T22:39:59,53.31884,-8.57907,5.8,14.5,0,0,,2024-May-16,22:39:59
54173,2024-05-16T22:40:59,53.31884,-8.57907,5.8,14.5,0,2,,2024-May-16,22:40:59
54174,2024-05-16T22:41:59,53.31884,-8.57907,5.8,14.5,1,2,,2024-May-16,22:41:59
54175,2024-05-16T22:42:59,53.31884,-8.57907,5.8,14.5,0,0,,2024-May-16,22:42:59
54176,2024-05-16T22:43:59,53.31884,-8.57907,5.8,14.5,0,0,,2024-May-16,22:43:59
54177,2024-05-16T22:44:59,53.31884,-8.57907,5.8,14.5,1,0,,2024-May-16,22:44:59
54178,2024-05-16T22:45:59,53.31884,-8.57907,5.8,14.5,0,0,,2024-May-16,22:45:59
54179,2024-05-16T22:46:59,53.31884,-8.57907,5.8,14.5,0,0,,2024-May-16,22:46:59
54180,2024-05-16T22:47:59,53.31884,-8.57907,5.7,14.5,2,1,,2024-May-16,22:47:59
54181,2024-05-16T22:48:59,53.31884,-8.57907,5.8,14.5,0,2,,2024-May-16,22:48:59
54182,2024-05-16T22:49:59,53.31884,-8.57907,5.7,14.5,1,2,,2024-May-16,22:49:59
54183,2024-05-16T22:50:59,53.31884,-8.57907,5.7,14.5,0,0,,2024-May-16,22:50:59
54184,2024-05-16T22:51:59,53.31884,-8.57907,5.8,14.5,2,0,,2024-May-16,22:51:59
54185,2024-05-16T22:52:59,53.31884,-8.57907,5.8,14.75,1,2,,2024-May-16,22:52:59
54186,2024-05-16T22:53:59,53.31884,-8.57907,5.8,14.5,4,1,,2024-May-16,22:53:59
54187,2024-05-16T22:54:59,53.31884,-8.57907,5.7,14.75,3,1,,2024-May-16,22:54:59
54188,2024-05-16T22:55:59,53.31884,-8.57907,5.7,14.75,2,1,,2024-May-16,22:55:59
54189,2024-05-16T22:56:59,53.31884,-8.57907,5.7,14.75,1,1,,2024-May-16,22:56:59
54190,2024-05-16T22:57:59,53.31884,-8.57907,5.8,14.75,1,0,,2024-May-16,22:57:59
54191,2024-05-16T22:58:59,53.31884,-8.57907,5.8,14.5,0,0,,2024-May-16,22:58:59
54192,2024-05-16T22:59:59,53.31884,-8.57907,5.7,14.5,1,1,,2024-May-16,22:59:59
54193,2024-05-16T23:00:59,53.31884,-8.57907,5.8,14.75,1,2,,2024-May-16,23:00:59
54194,2024-05-16T23:01:59,53.31884,-8.57907,5.8,14.5,3,0,,2024-May-16,23:01:59
54195,2024-05-16T23:02:59,53.31884,-8.57907,5.8,14.75,0,0,,2024-May-16,23:02:59
54196,2024-05-16T23:03:59,53.31884,-8.57907,5.8,14.5,2,0,,2024-May-16,23:03:59
54197,2024-05-16T23:04:59,53.31884,-8.57907,5.8,14.75,0,4,,2024-May-16,23:04:59
54198,2024-05-16T23:05:59,53.31884,-8.57907,5.8,14.5,1,2,,2024-May-16,23:05:59
54199,2024-05-16T23:06:59,53.31884,-8.57907,5.8,14.5,0,0,,2024-May-16,23:06:59
54200,2024-05-16T23:07:59,53.31884,-8.57907,5.8,14.5,0,1,,2024-May-16,23:07:59
54201,2024-05-16T23:08:59,53.31884,-8.57907,5.8,14.5,1,1,,2024-May-16,23:08:59
54202,2024-05-16T23:09:59,53.31884,-8.57907,5.8,14.5,2,0,,2024-May-16,23:09:59
54203,2024-05-16T23:10:59,53.31884,-8.57907,5.7,14.5,1,2,,2024-May-16,23:10:59
54204,2024-05-16T23:11:59,53.31884,-8.57907,5.7,14.5,1,3,,2024-May-16,23:11:59
54205,2024-05-16T23:12:59,53.31884,-8.57907,5.7,14.5,2,0,,2024-May-16,23:12:59
54206,2024-05-16T23:13:59,53.31884,-8.57907,5.8,14.5,0,1,,2024-May-16,23:13:59
54207,2024-05-16T23:14:59,53.31884,-8.57907,5.8,14.5,0,0,,2024-May-16,23:14:59
54208,2024-05-16T23:15:59,53.31884,-8.57907,5.8,14.5,1,1,,2024-May-16,23:15:59
54209,2024-05-16T23:16:59,53.31884,-8.57907,5.8,14.75,1,0,,2024-May-16,23:16:59
54210,2024-05-16T23:17:59,53.31884,-8.57907,5.8,14.5,2,0,,2024-May-16,23:17:59
54211,2024-05-16T23:18:59,53.31884,-8.57907,5.7,14.5,2,1,,2024-May-16,23:18:59
54212,2024-05-16T23:19:59,53.31884,-8.57907,5.8,14.5,2,0,,2024-May-16,23:19:59
54213,2024-05-16T23:20:59,53.31884,-8.57907,5.8,14.5,0,0,,2024-May-16,23:20:59
54214,2024-05-16T23:21:59,53.31884,-8.57907,5.8,14.5,1,0,,2024-May-16,23:21:59
54215,2024-05-16T23:22:59,53.31884,-8.57907,5.8,14.5,2,0,,2024-May-16,23:22:59
54216,2024-05-16T23:23:59,53.31884,-8.57907,5.8,14.5,0,1,,2024-May-16,23:23:59
54217,2024-05-16T23:24:59,53.31884,-8.57907,5.8,14.5,0,0,,2024-May-16,23:24:59
54218,2024-05-16T23:25:59,53.31884,-8.57907,5.8,14.5,1,2,,2024-May-16,23:25:59
54219,2024-05-16T23:26:59,53.31884,-8.57907,5.8,14.5,1,0,,2024-May-16,23:26:59
54220,2024-05-16T23:27:59,53.31884,-8.57907,5.8,14.5,0,0,,2024-May-16,23:27:59
54221,2024-05-16T23:28:59,53.31884,-8.57907,5.8,14.25,0,1,,2024-May-16,23:28:59
54222,2024-05-16T23:29:59,53.31884,-8.57907,5.8,14.5,2,1,,2024-May-16,23:29:59
54223,2024-05-16T23:30:59,53.31884,-8.57907,5.8,14.5,0,1,,2024-May-16,23:30:59
54224,2024-05-16T23:31:59,53.31884,-8.57907,5.8,14.5,2,1,,2024-May-16,23:31:59
54225,2024-05-16T23:32:59,53.31884,-8.57907,5.7,14.5,0,0,,2024-May-16,23:32:59
54226,2024-05-16T23:33:59,53.31884,-8.57907,5.8,14.5,1,1,,2024-May-16,23:33:59
54227,2024-05-16T23:34:59,53.31884,-8.57907,5.7,14.5,0,2,,2024-May-16,23:34:59
54228,2024-05-16T23:35:59,53.31884,-8.57907,5.8,14.5,2,1,,2024-May-16,23:35:59
54229,2024-05-16T23:36:59,53.31884,-8.57907,5.8,14.25,1,0,,2024-May-16,23:36:59
54230,2024-05-16T23:37:59,53.31884,-8.57907,5.8,14.5,2,0,,2024-May-16,23:37:59
54231,2024-05-16T23:38:59,53.31884,-8.57907,5.7,14.5,0,1,,2024-May-16,23:38:59
54232,2024-05-16T23:39:59,53.31884,-8.57907,5.8,14.5,1,0,,2024-May-16,23:39:59
54233,2024-05-16T23:40:59,53.31884,-8.57907,5.8,14.25,0,1,,2024-May-16,23:40:59
54234,2024-05-16T23:41:59,53.31884,-8.57907,5.7,14.25,1,1,,2024-May-16,23:41:59
54235,2024-05-16T23:42:59,53.31884,-8.57907,5.8,14.25,1,0,,2024-May-16,23:42:59
54236,2024-05-16T23:43:59,53.31884,-8.57907,5.7,14.25,1,0,,2024-May-16,23:43:59
54237,2024-05-16T23:44:59,53.31884,-8.57907,5.8,14.5,0,0,,2024-May-16,23:44:59
54238,2024-05-16T23:45:59,53.31884,-8.57907,5.8,14.5,0,0,,2024-May-16,23:45:59
54239,2024-05-16T23:46:59,53.31884,-8.57907,5.7,14.25,0,0,,2024-May-16,23:46:59
54240,2024-05-16T23:47:59,53.31884,-8.57907,5.8,14.25,1,0,,2024-May-16,23:47:59
54241,2024-05-16T23:48:59,53.31884,-8.57907,5.8,14.25,0,0,,2024-May-16,23:48:59
54242,2024-05-16T23:49:59,53.31884,-8.57907,5.8,14.25,0,0,,2024-May-16,23:49:59
54243,2024-05-16T23:50:59,53.31884,-8.57907,5.8,14.25,1,0,,2024-May-16,23:50:59
54244,2024-05-16T23:51:59,53.31884,-8.57907,5.7,14.25,1,0,,2024-May-16,23:51:59
54245,2024-05-16T23:52:59,53.31884,-8.57907,5.7,14.25,0,0,,2024-May-16,23:52:59
54246,2024-05-16T23:53:59,53.31884,-8.57907,5.8,14.25,0,0,,2024-May-16,23:53:59
54247,2024-05-16T23:54:59,53.31884,-8.57907,5.8,14.25,0,1,,2024-May-16,23:54:59
54248,2024-05-16T23:55:59,53.31884,-8.57907,5.8,14.25,1,0,,2024-May-16,23:55:59
54249,2024-05-16T23:56:59,53.31884,-8.57907,5.7,14.25,0,0,,2024-May-16,23:56:59
54250,2024-05-16T23:57:59,53.31884,-8.57907,5.7,14.25,0,0,,2024-May-16,23:57:59
54251,2024-05-16T23:58:59,53.31884,-8.57907,5.8,14.25,1,0,,2024-May-16,23:58:59
54252,2024-05-16T23:59:59,53.31884,-8.57907,5.7,14.25,0,1,,2024-May-16,23:59:59
56749,2024-05-16T20:55:59,51.7443,-9.31424,6.4,12.75,0,0,,2024-May-16,20:55:59
56750,2024-05-16T20:56:59,51.7443,-9.31424,6.5,12.75,0,1,,2024-May-16,20:56:59
56751,2024-05-16T20:57:59,51.7443,-9.31424,6.5,13.0,0,0,,2024-May-16,20:57:59
56752,2024-05-16T20:58:59,51.7443,-9.31424,6.5,13.0,0,0,,2024-May-16,20:58:59
56753,2024-05-16T20:59:59,51.7443,-9.31424,6.5,13.0,0,0,,2024-May-16,20:59:59
56754,2024-05-16T21:00:59,51.7443,-9.31424,6.5,13.25,0,1,,2024-May-16,21:00:59
56755,2024-05-16T21:01:59,51.7443,-9.31424,6.5,13.25,0,2,,2024-May-16,21:01:59
56756,2024-05-16T21:02:59,51.7443,-9.31424,6.5,13.25,0,0,,2024-May-16,21:02:59
56757,2024-05-16T21:03:59,51.7443,-9.31424,6.5,13.5,0,4,,2024-May-16,21:03:59
56758,2024-05-16T21:04:59,51.7443,-9.31424,6.4,13.25,0,5,,2024-May-16,21:04:59
56759,2024-05-16T21:05:59,51.7443,-9.31424,6.4,13.25,0,8,,2024-May-16,21:05:59
56760,2024-05-16T21:06:59,51.7443,-9.31424,6.5,13.25,0,11,,2024-May-16,21:06:59
56761,2024-05-16T21:07:59,51.7443,-9.31424,6.4,13.25,0,10,,2024-May-16,21:07:59
56762,2024-05-16T21:08:59,51.7443,-9.31424,6.5,13.25,0,8,,2024-May-16,21:08:59
56763,2024-05-16T21:09:59,51.7443,-9.31424,6.5,13.5,0,3,,2024-May-16,21:09:59
56764,2024-05-16T21:10:59,51.7443,-9.31424,6.5,13.5,0,2,,2024-May-16,21:10:59
56765,2024-05-16T21:11:59,51.7443,-9.31424,6.5,13.5,0,3,,2024-May-16,21:11:59
56766,2024-05-16T21:12:59,51.7443,-9.31424,6.5,13.25,0,4,,2024-May-16,21:12:59
56767,2024-05-16T21:13:59,51.7443,-9.31424,6.5,13.25,0,4,,2024-May-16,21:13:59
56768,2024-05-16T21:14:59,51.7443,-9.31424,6.5,13.5,0,3,,2024-May-16,21:14:59
56769,2024-05-16T21:15:59,51.7443,-9.31424,6.5,13.25,0,4,,2024-May-16,21:15:59
56770,2024-05-16T21:16:59,51.7443,-9.31424,6.5,13.25,0,6,,2024-May-16,21:16:59
56771,2024-05-16T21:17:59,51.7443,-9.31424,6.5,13.25,0,10,,2024-May-16,21:17:59
56772,2024-05-16T21:18:59,51.7443,-9.31424,6.5,13.25,0,8,,2024-May-16,21:18:59
56773,2024-05-16T21:19:59,51.7443,-9.31424,6.5,13.25,0,6,,2024-May-16,21:19:59
56774,2024-05-16T21:20:59,51.7443,-9.31424,6.4,13.25,0,6,,2024-May-16,21:20:59
56775,2024-05-16T21:21:59,51.7443,-9.31424,6.5,13.25,0,7,,2024-May-16,21:21:59
56776,2024-05-16T21:22:59,51.7443,-9.31424,6.5,13.25,0,6,,2024-May-16,21:22:59
56777,2024-05-16T21:23:59,51.7443,-9.31424,6.5,13.25,0,2,,2024-May-16,21:23:59
56778,2024-05-16T21:24:59,51.7443,-9.31424,6.5,13.25,0,3,,2024-May-16,21:24:59
56779,2024-05-16T21:25:59,51.7443,-9.31424,6.5,13.0,0,3,,2024-May-16,21:25:59
56780,2024-05-16T21:26:59,51.7443,-9.31424,6.5,13.25,0,5,,2024-May-16,21:26:59
56781,2024-05-16T21:27:59,51.7443,-9.31424,6.5,13.25,0,1,,2024-May-16,21:27:59
56782,2024-05-16T21:28:59,51.7443,-9.31424,6.5,13.0,0,2,,2024-May-16,21:28:59
56783,2024-05-16T21:29:59,51.7443,-9.31424,6.5,13.0,0,1,,2024-May-16,21:29:59
56784,2024-05-16T21:30:59,51.7443,-9.31424,6.5,13.0,0,1,,2024-May-16,21:30:59
56785,2024-05-16T21:31:59,51.7443,-9.31424,6.5,12.75,0,1,,2024-May-16,21:31:59
56786,2024-05-16T21:32:59,51.7443,-9.31424,6.5,13.0,0,2,,2024-May-16,21:32:59
56787,2024-05-16T21:33:59,51.7443,-9.31424,6.5,12.75,0,3,,2024-May-16,21:33:59
56788,2024-05-16T21:34:59,51.7443,-9.31424,6.4,12.75,0,3,,2024-May-16,21:34:59
56789,2024-05-16T21:35:59,51.7443,-9.31424,6.5,12.75,0,3,,2024-May-16,21:35:59
56790,2024-05-16T21:36:59,51.7443,-9.31424,6.4,12.75,0,5,,2024-May-16,21:36:59
56791,2024-05-16T21:37:59,51.7443,-9.31424,6.5,12.75,0,3,,2024-May-16,21:37:59
56792,2024-05-16T21:38:59,51.7443,-9.31424,6.5,12.75,0,3,,2024-May-16,21:38:59
56793,2024-05-16T21:39:59,51.7443,-9.31424,6.5,12.5,0,2,,2024-May-16,21:39:59
56794,2024-05-16T21:40:59,51.7443,-9.31424,6.4,12.5,0,5,,2024-May-16,21:40:59
56795,2024-05-16T21:41:59,51.7443,-9.31424,6.5,12.5,0,0,,2024-May-16,21:41:59
56796,2024-05-16T21:42:59,51.7443,-9.31424,6.5,12.5,0,1,,2024-May-16,21:42:59
56797,2024-05-16T21:43:59,51.7443,-9.31424,6.5,12.5,0,3,,2024-May-16,21:43:59
56798,2024-05-16T21:44:59,51.7443,-9.31424,6.5,12.5,0,1,,2024-May-16,21:44:59
56799,2024-05-16T21:45:59,51.7443,-9.31424,6.5,12.5,0,2,,2024-May-16,21:45:59
56800,2024-05-16T21:46:59,51.7443,-9.31424,6.4,12.5,0,3,,2024-May-16,21:46:59
56801,2024-05-16T21:47:59,51.7443,-9.31424,6.5,12.25,0,2,,2024-May-16,21:47:59
56802,2024-05-16T21:48:59,51.7443,-9.31424,6.5,12.25,0,4,,2024-May-16,21:48:59
56803,2024-05-16T21:49:59,51.7443,-9.31424,6.4,12.5,0,4,,2024-May-16,21:49:59
56804,2024-05-16T21:50:59,51.7443,-9.31424,6.4,12.25,0,3,,2024-May-16,21:50:59
56805,2024-05-16T21:51:59,51.7443,-9.31424,6.4,12.5,0,0,,2024-May-16,21:51:59
56806,2024-05-16T21:52:59,51.7443,-9.31424,6.4,12.25,0,1,,2024-May-16,21:52:59
56807,2024-05-16T21:53:59,51.7443,-9.31424,6.4,12.25,0,0,,2024-May-16,21:53:59
56808,2024-05-16T21:54:59,51.7443,-9.31424,6.4,12.25,0,2,,2024-May-16,21:54:59
56809,2024-05-16T21:55:59,51.7443,-9.31424,6.4,12.25,0,3,,2024-May-16,21:55:59
56810,2024-05-16T21:56:59,51.7443,-9.31424,6.4,12.25,0,0,,2024-May-16,21:56:59
56811,2024-05-16T21:57:59,51.7443,-9.31424,6.4,12.25,0,1,,2024-May-16,21:57:59
56812,2024-05-16T21:58:59,51.7443,-9.31424,6.4,12.25,0,0,,2024-May-16,21:58:59
56813,2024-05-16T21:59:59,51.7443,-9.31424,6.4,12.0,0,0,,2024-May-16,21:59:59
56814,2024-05-16T22:00:59,51.7443,-9.31424,6.4,12.25,0,1,,2024-May-16,22:00:59
56815,2024-05-16T22:01:59,51.7443,-9.31424,6.4,12.25,0,0,,2024-May-16,22:01:59
56816,2024-05-16T22:02:59,51.7443,-9.31424,6.4,12.0,0,0,,2024-May-16,22:02:59
56817,2024-05-16T22:03:59,51.7443,-9.31424,6.4,12.0,0,1,,2024-May-16,22:03:59
56818,2024-05-16T22:04:59,51.7443,-9.31424,6.4,12.0,0,3,,2024-May-16,22:04:59
56819,2024-05-16T22:05:59,51.7443,-9.31424,6.4,12.25,0,2,,2024-May-16,22:05:59
56820,2024-05-16T22:06:59,51.7443,-9.31424,6.4,12.25,0,2,,2024-May-16,22:06:59
56821,2024-05-16T22:07:59,51.7443,-9.31424,6.4,12.0,0,2,,2024-May-16,22:07:59
56822,2024-05-16T22:08:59,51.7443,-9.31424,6.4,12.25,0,1,,2024-May-16,22:08:59
56823,2024-05-16T22:09:59,51.7443,-9.31424,6.4,12.0,0,1,,2024-May-16,22:09:59
56824,2024-05-16T22:10:59,51.7443,-9.31424,6.4,12.0,0,2,,2024-May-16,22:10:59
56825,2024-05-16T22:11:59,51.7443,-9.31424,6.4,12.25,0,2,,2024-May-16,22:11:59
56826,2024-05-16T22:12:59,51.7443,-9.31424,6.4,12.0,0,1,,2024-May-16,22:12:59
56827,2024-05-16T22:13:59,51.7443,-9.31424,6.4,12.0,0,0,,2024-May-16,22:13:59
56828,2024-05-16T22:14:59,51.7443,-9.31424,6.4,12.0,0,1,,2024-May-16,22:14:59
56829,2024-05-16T22:15:59,51.7443,-9.31424,6.4,12.0,0,1,,2024-May-16,22:15:59
56830,2024-05-16T22:16:59,51.7443,-9.31424,6.4,12.25,0,5,,2024-May-16,22:16:59
56831,2024-05-16T22:17:59,51.7443,-9.31424,6.4,12.0,0,2,,2024-May-16,22:17:59
56832,2024-05-16T22:18:59,51.7443,-9.31424,6.5,12.0,0,1,,2024-May-16,22:18:59
56833,2024-05-16T22:19:59,51.7443,-9.31424,6.4,12.0,0,2,,2024-May-16,22:19:59
56834,2024-05-16T22:20:59,51.7443,-9.31424,6.5,12.0,0,2,,2024-May-16,22:20:59
56835,2024-05-16T22:21:59,51.7443,-9.31424,6.5,12.0,0,2,,2024-May-16,22:21:59
56836,2024-05-16T22:22:59,51.7443,-9.31424,6.4,12.25,0,1,,2024-May-16,22:22:59
56837,2024-05-16T22:23:59,51.7443,-9.31424,6.4,12.25,0,1,,2024-May-16,22:23:59
56838,2024-05-16T22:24:59,51.7443,-9.31424,6.4,12.0,0,1,,2024-May-16,22:24:59
56839,2024-05-16T22:25:59,51.7443,-9.31424,6.4,12.0,0,1,,2024-May-16,22:25:59
56840,2024-05-16T22:26:59,51.7443,-9.31424,6.4,12.0,0,2,,2024-May-16,22:26:59
56841,2024-05-16T22:27:59,51.7443,-9.31424,6.3,12.25,0,1,,2024-May-16,22:27:59
56842,2024-05-16T22:28:59,51.7443,-9.31424,6.4,12.0,0,3,,2024-May-16,22:28:59
56843,2024-05-16T22:29:59,51.7443,-9.31424,6.4,12.25,0,2,,2024-May-16,22:29:59
56844,2024-05-16T22:30:59,51.7443,-9.31424,6.4,12.0,0,2,,2024-May-16,22:30:59
56845,2024-05-16T22:31:59,51.7443,-9.31424,6.4,12.0,0,1,,2024-May-16,22:31:59
56846,2024-05-16T22:32:59,51.7443,-9.31424,6.4,12.0,0,2,,2024-May-16,22:32:59
56847,2024-05-16T22:33:59,51.7443,-9.31424,6.4,12.0,0,1,,2024-May-16,22:33:59
56848,2024-05-16T22:34:59,51.7443,-9.31424,6.4,12.0,0,2,,2024-May-16,22:34:59
56849,2024-05-16T22:35:59,51.7443,-9.31424,6.4,12.0,0,0,,2024-May-16,22:35:59
56850,2024-05-16T22:36:59,51.7443,-9.31424,6.4,12.0,0,2,,2024-May-16,22:36:59
56851,2024-05-16T22:37:59,51.7443,-9.31424,6.4,12.0,0,0,,2024-May-16,22:37:59
56852,2024-05-16T22:38:59,51.7443,-9.31424,6.4,12.0,0,0,,2024-May-16,22:38:59
56853,2024-05-16T22:39:59,51.7443,-9.31424,6.4,12.0,0,0,,2024-May-16,22:39:59
56854,2024-05-16T22:40:59,51.7443,-9.31424,6.4,12.0,0,0,,2024-May-16,22:40:59
56855,2024-05-16T22:41:59,51.7443,-9.31424,6.4,12.0,0,0,,2024-May-16,22:41:59
56856,2024-05-16T22:42:59,51.7443,-9.31424,6.4,12.0,0,1,,2024-May-16,22:42:59
56857,2024-05-16T22:43:59,51.7443,-9.31424,6.4,12.0,0,0,,2024-May-16,22:43:59
56858,2024-05-16T22:44:59,51.7443,-9.31424,6.4,12.0,0,0,,2024-May-16,22:44:59
56859,2024-05-16T22:45:59,51.7443,-9.31424,6.4,12.0,0,1,,2024-May-16,22:45:59
56860,2024-05-16T22:46:59,51.7443,-9.31424,6.4,11.75,0,1,,2024-May-16,22:46:59
56861,2024-05-16T22:47:59,51.7443,-9.31424,6.4,11.75,0,1,,2024-May-16,22:47:59
56862,2024-05-16T22:48:59,51.7443,-9.31424,6.4,11.75,0,2,,2024-May-16,22:48:59
56863,2024-05-16T22:49:59,51.7443,-9.31424,6.4,11.75,0,4,,2024-May-16,22:49:59
56864,2024-05-16T22:50:59,51.7443,-9.31424,6.4,11.75,0,2,,2024-May-16,22:50:59
56865,2024-05-16T22:51:59,51.7443,-9.31424,6.4,11.75,0,1,,2024-May-16,22:51:59
56866,2024-05-16T22:52:59,51.7443,-9.31424,6.4,12.0,0,2,,2024-May-16,22:52:59
56867,2024-05-16T22:53:59,51.7443,-9.31424,6.4,11.75,0,1,,2024-May-16,22:53:59
56868,2024-05-16T22:54:59,51.7443,-9.31424,6.4,11.75,0,2,,2024-May-16,22:54:59
56869,2024-05-16T22:55:59,51.7443,-9.31424,6.4,11.75,0,0,,2024-May-16,22:55:59
56870,2024-05-16T22:56:59,51.7443,-9.31424,6.4,11.75,0,0,,2024-May-16,22:56:59
56871,2024-05-16T22:57:59,51.7443,-9.31424,6.4,11.75,0,0,,2024-May-16,22:57:59
56872,2024-05-16T22:58:59,51.7443,-9.31424,6.4,11.75,0,1,,2024-May-16,22:58:59
56873,2024-05-16T22:59:59,51.7443,-9.31424,6.4,11.75,0,0,,2024-May-16,22:59:59
56874,2024-05-16T23:00:59,51.7443,-9.31424,6.4,11.75,0,0,,2024-May-16,23:00:59
56875,2024-05-16T23:01:59,51.7443,-9.31424,6.4,11.75,0,0,,2024-May-16,23:01:59
56876,2024-05-16T23:02:59,51.7443,-9.31424,6.4,11.75,0,2,,2024-May-16,23:02:59
56877,2024-05-16T23:03:59,51.7443,-9.31424,6.4,11.75,0,1,,2024-May-16,23:03:59
56878,2024-05-16T23:04:59,51.7443,-9.31424,6.4,11.75,0,0,,2024-May-16,23:04:59
56879,2024-05-16T23:05:59,51.7443,-9.31424,6.4,11.75,0,1,,2024-May-16,23:05:59
56880,2024-05-16T23:06:59,51.7443,-9.31424,6.4,11.75,0,0,,2024-May-16,23:06:59
56881,2024-05-16T23:07:59,51.7443,-9.31424,6.4,11.75,0,1,,2024-May-16,23:07:59
56882,2024-05-16T23:08:59,51.7443,-9.31424,6.4,11.75,0,1,,2024-May-16,23:08:59
56883,2024-05-16T23:09:59,51.7443,-9.31424,6.4,11.75,0,3,,2024-May-16,23:09:59
56884,2024-05-16T23:10:59,51.7443,-9.31424,6.4,11.5,0,0,,2024-May-16,23:10:59
56885,2024-05-16T23:11:59,51.7443,-9.31424,6.4,11.75,0,0,,2024-May-16,23:11:59
56886,2024-05-16T23:12:59,51.7443,-9.31424,6.4,11.75,0,1,,2024-May-16,23:12:59
56887,2024-05-16T23:13:59,51.7443,-9.31424,6.4,11.75,0,1,,2024-May-16,23:13:59
56888,2024-05-16T23:14:59,51.7443,-9.31424,6.4,11.75,0,1,,2024-May-16,23:14:59
56889,2024-05-16T23:15:59,51.7443,-9.31424,6.4,11.75,0,1,,2024-May-16,23:15:59
56890,2024-05-16T23:16:59,51.7443,-9.31424,6.4,11.75,0,1,,2024-May-16,23:16:59
56891,2024-05-16T23:17:59,51.7443,-9.31424,6.4,11.75,0,1,,2024-May-16,23:17:59
56892,2024-05-16T23:18:59,51.7443,-9.31424,6.4,11.75,0,0,,2024-May-16,23:18:59
56893,2024-05-16T23:19:59,51.7443,-9.31424,6.4,11.75,0,0,,2024-May-16,23:19:59
56894,2024-05-16T23:20:59,51.7443,-9.31424,6.3,11.75,0,1,,2024-May-16,23:20:59
56895,2024-05-16T23:21:59,51.7443,-9.31424,6.4,11.75,0,1,,2024-May-16,23:21:59
56896,2024-05-16T23:22:59,51.7443,-9.31424,6.4,11.75,0,0,,2024-May-16,23:22:59
56897,2024-05-16T23:23:59,51.7443,-9.31424,6.4,11.75,0,0,,2024-May-16,23:23:59
56898,2024-05-16T23:24:59,51.7443,-9.31424,6.4,11.75,0,0,,2024-May-16,23:24:59
56899,2024-05-16T23:25:59,51.7443,-9.31424,6.4,11.75,0,0,,2024-May-16,23:25:59
56900,2024-05-16T23:26:59,51.7443,-9.31424,6.4,11.75,0,0,,2024-May-16,23:26:59
56901,2024-05-16T23:27:59,51.7443,-9.31424,6.4,11.75,0,0,,2024-May-16,23:27:59
56902,2024-05-16T23:28:59,51.7443,-9.31424,6.4,11.75,0,0,,2024-May-16,23:28:59
56903,2024-05-16T23:29:59,51.7443,-9.31424,6.4,11.75,1,0,,2024-May-16,23:29:59
56904,2024-05-16T23:30:59,51.7443,-9.31424,6.4,11.75,0,0,,2024-May-16,23:30:59
56905,2024-05-16T23:31:59,51.7443,-9.31424,6.4,11.75,0,0,,2024-May-16,23:31:59
56906,2024-05-16T23:32:59,51.7443,-9.31424,6.4,11.75,0,0,,2024-May-16,23:32:59
56907,2024-05-16T23:33:59,51.7443,-9.31424,6.4,11.75,0,0,,2024-May-16,23:33:59
56908,2024-05-16T23:34:59,51.7443,-9.31424,6.4,11.75,0,0,,2024-May-16,23:34:59
56909,2024-05-16T23:35:59,51.7443,-9.31424,6.4,11.75,0,0,,2024-May-16,23:35:59
56910,2024-05-16T23:36:59,51.7443,-9.31424,6.4,11.75,0,0,,2024-May-16,23:36:59
56911,2024-05-16T23:37:59,51.7443,-9.31424,6.4,11.75,0,0,,2024-May-16,23:37:59
56912,2024-05-16T23:38:59,51.7443,-9.31424,6.4,11.75,0,0,,2024-May-16,23:38:59
56913,2024-05-16T23:39:59,51.7443,-9.31424,6.4,11.75,0,0,,2024-May-16,23:39:59
56914,2024-05-16T23:40:59,51.7443,-9.31424,6.4,11.75,0,0,,2024-May-16,23:40:59
56915,2024-05-16T23:41:59,51.7443,-9.31424,6.4,11.75,0,0,,2024-May-16,23:41:59
56916,2024-05-16T23:42:59,51.7443,-9.31424,6.4,11.75,1,0,,2024-May-16,23:42:59
56917,2024-05-16T23:43:59,51.7443,-9.31424,6.4,11.75,0,0,,2024-May-16,23:43:59
56918,2024-05-16T23:44:59,51.7443,-9.31424,6.4,11.75,0,0,,2024-May-16,23:44:59
56919,2024-05-16T23:45:59,51.7443,-9.31424,6.4,11.75,0,0,,2024-May-16,23:45:59
56920,2024-05-16T23:46:59,51.7443,-9.31424,6.4,11.5,0,0,,2024-May-16,23:46:59
56921,2024-05-16T23:47:59,51.7443,-9.31424,6.4,11.75,0,0,,2024-May-16,23:47:59
56922,2024-05-16T23:48:59,51.7443,-9.31424,6.4,11.75,1,0,,2024-May-16,23:48:59
56923,2024-05-16T23:49:59,51.7443,-9.31424,6.4,11.75,0,0,,2024-May-16,23:49:59
56924,2024-05-16T23:50:59,51.7443,-9.31424,6.4,11.75,0,0,,2024-May-16,23:50:59
56925,2024-05-16T23:51:59,51.7443,-9.31424,6.4,11.75,0,0,,2024-May-16,23:51:59
56926,2024-05-16T23:52:59,51.7443,-9.31424,6.4,11.75,0,0,,2024-May-16,23:52:59
56927,2024-05-16T23:53:59,51.7443,-9.31424,6.4,11.5,0,0,,2024-May-16,23:53:59
56928,2024-05-16T23:54:59,51.7443,-9.31424,6.4,11.75,0,0,,2024-May-16,23:54:59
56929,2024-05-16T23:55:59,51.7443,-9.31424,6.4,11.75,0,0,,2024-May-16,23:55:59
56930,2024-05-16T23:56:59,51.7443,-9.31424,6.4,11.75,0,0,,2024-May-16,23:56:59
56931,2024-05-16T23:57:59,51.7443,-9.31424,6.4,11.75,0,0,,2024-May-16,23:57:59
56932,2024-05-16T23:58:59,51.7443,-9.31424,6.4,11.75,0,0,,2024-May-16,23:58:59
56933,2024-05-16T23:59:59,51.7443,-9.31424,6.4,11.75,0,0,,2024-May-16,23:59:59
103819,2024-05-16T00:00:59,53.31884,-8.57907,5.6,8.25,4,0,,2024-May-16,00:00:59
103820,2024-05-16T00:01:59,53.31884,-8.57907,5.7,8.0,5,0,,2024-May-16,00:01:59
103821,2024-05-16T00:02:59,53.31884,-8.57907,5.7,8.25,4,0,,2024-May-16,00:02:59
103822,2024-05-16T00:03:59,53.31884,-8.57907,5.6,8.25,5,0,,2024-May-16,00:03:59
103823,2024-05-16T00:04:59,53.31884,-8.57907,5.6,8.0,4,1,,2024-May-16,00:04:59
103824,2024-05-16T00:05:59,53.31884,-8.57907,5.6,8.0,4,2,,2024-May-16,00:05:59
103825,2024-05-16T00:06:59,53.31884,-8.57907,5.6,8.0,4,0,,2024-May-16,00:06:59
103826,2024-05-16T00:07:59,53.31884,-8.57907,5.6,8.0,5,0,,2024-May-16,00:07:59
103827,2024-05-16T00:08:59,53.31884,-8.57907,5.6,8.0,4,0,,2024-May-16,00:08:59
103828,2024-05-16T00:09:59,53.31884,-8.57907,5.6,8.0,4,0,,2024-May-16,00:09:59
103829,2024-05-16T00:10:59,53.31884,-8.57907,5.6,8.0,4,0,,2024-May-16,00:10:59
103830,2024-05-16T00:11:59,53.31884,-8.57907,5.7,8.0,5,0,,2024-May-16,00:11:59
103831,2024-05-16T00:12:59,53.31884,-8.57907,5.7,8.0,4,1,,2024-May-16,00:12:59
103832,2024-05-16T00:13:59,53.31884,-8.57907,5.7,8.0,3,1,,2024-May-16,00:13:59
103833,2024-05-16T00:14:59,53.31884,-8.57907,5.6,8.0,3,0,,2024-May-16,00:14:59
103834,2024-05-16T00:15:59,53.31884,-8.57907,5.6,7.75,4,1,,2024-May-16,00:15:59
103835,2024-05-16T00:16:59,53.31884,-8.57907,5.6,7.75,4,0,,2024-May-16,00:16:59
103836,2024-05-16T00:17:59,53.31884,-8.57907,5.6,7.75,3,1,,2024-May-16,00:17:59
103837,2024-05-16T00:18:59,53.31884,-8.57907,5.7,8.0,4,0,,2024-May-16,00:18:59
103838,2024-05-16T00:19:59,53.31884,-8.57907,5.7,7.75,3,0,,2024-May-16,00:19:59
103839,2024-05-16T00:20:59,53.31884,-8.57907,5.6,7.75,4,0,,2024-May-16,00:20:59
103840,2024-05-16T00:21:59,53.31884,-8.57907,5.7,7.75,5,0,,2024-May-16,00:21:59
103841,2024-05-16T00:22:59,53.31884,-8.57907,5.7,7.75,4,0,,2024-May-16,00:22:59
103842,2024-05-16T00:23:59,53.31884,-8.57907,5.6,7.75,3,0,,2024-May-16,00:23:59
103843,2024-05-16T00:24:59,53.31884,-8.57907,5.7,7.75,4,0,,2024-May-16,00:24:59
103844,2024-05-16T00:25:59,53.31884,-8.57907,5.6,7.75,4,0,,2024-May-16,00:25:59
103845,2024-05-16T00:26:59,53.31884,-8.57907,5.6,7.75,4,2,,2024-May-16,00:26:59
103846,2024-05-16T00:27:59,53.31884,-8.57907,5.7,7.75,5,0,,2024-May-16,00:27:59
103847,2024-05-16T00:28:59,53.31884,-8.57907,5.6,7.75,4,0,,2024-May-16,00:28:59
103848,2024-05-16T00:29:59,53.31884,-8.57907,5.6,7.5,5,1,,2024-May-16,00:29:59
103849,2024-05-16T00:30:59,53.31884,-8.57907,5.6,7.5,5,0,,2024-May-16,00:30:59
103850,2024-05-16T00:31:59,53.31884,-8.57907,5.6,7.5,3,0,,2024-May-16,00:31:59
103851,2024-05-16T00:32:59,53.31884,-8.57907,5.6,7.75,4,0,,2024-May-16,00:32:59
103852,2024-05-16T00:33:59,53.31884,-8.57907,5.6,7.75,4,0,,2024-May-16,00:33:59
103853,2024-05-16T00:34:59,53.31884,-8.57907,5.6,7.5,4,0,,2024-May-16,00:34:59
103854,2024-05-16T00:35:59,53.31884,-8.57907,5.6,7.75,6,0,,2024-May-16,00:35:59
103855,2024-05-16T00:36:59,53.31884,-8.57907,5.6,7.75,3,0,,2024-May-16,00:36:59
103856,2024-05-16T00:37:59,53.31884,-8.57907,5.6,7.5,3,1,,2024-May-16,00:37:59
103857,2024-05-16T00:38:59,53.31884,-8.57907,5.7,7.75,4,1,,2024-May-16,00:38:59
103858,2024-05-16T00:39:59,53.31884,-8.57907,5.6,7.75,5,1,,2024-May-16,00:39:59
103859,2024-05-16T00:40:59,53.31884,-8.57907,5.7,7.75,5,0,,2024-May-16,00:40:59
103860,2024-05-16T00:41:59,53.31884,-8.57907,5.6,7.75,3,0,,2024-May-16,00:41:59
103861,2024-05-16T00:42:59,53.31884,-8.57907,5.7,7.5,7,0,,2024-May-16,00:42:59
103862,2024-05-16T00:43:59,53.31884,-8.57907,5.7,7.75,3,1,,2024-May-16,00:43:59
103863,2024-05-16T00:44:59,53.31884,-8.57907,5.6,7.5,4,0,,2024-May-16,00:44:59
103864,2024-05-16T00:45:59,53.31884,-8.57907,5.7,7.5,5,1,,2024-May-16,00:45:59
103865,2024-05-16T00:46:59,53.31884,-8.57907,5.7,7.5,4,1,,2024-May-16,00:46:59
103866,2024-05-16T00:47:59,53.31884,-8.57907,5.6,7.5,4,1,,2024-May-16,00:47:59
103867,2024-05-16T00:48:59,53.31884,-8.57907,5.7,7.5,2,0,,2024-May-16,00:48:59
103868,2024-05-16T00:49:59,53.31884,-8.57907,5.6,7.5,4,0,,2024-May-16,00:49:59
103869,2024-05-16T00:50:59,53.31884,-8.57907,5.7,7.5,2,0,,2024-May-16,00:50:59
103870,2024-05-16T00:51:59,53.31884,-8.57907,5.6,7.5,3,0,,2024-May-16,00:51:59
103871,2024-05-16T00:52:59,53.31884,-8.57907,5.6,7.5,2,0,,2024-May-16,00:52:59
103872,2024-05-16T00:53:59,53.31884,-8.57907,5.7,7.5,6,0,,2024-May-16,00:53:59
103873,2024-05-16T00:54:59,53.31884,-8.57907,5.6,7.5,2,1,,2024-May-16,00:54:59
103874,2024-05-16T00:55:59,53.31884,-8.57907,5.6,7.5,7,0,,2024-May-16,00:55:59
103875,2024-05-16T00:56:59,53.31884,-8.57907,5.6,7.5,5,0,,2024-May-16,00:56:59
103876,2024-05-16T00:57:59,53.31884,-8.57907,5.7,7.5,4,0,,2024-May-16,00:57:59
103877,2024-05-16T00:58:59,53.31884,-8.57907,5.7,7.5,3,1,,2024-May-16,00:58:59
103878,2024-05-16T00:59:59,53.31884,-8.57907,5.7,7.5,3,0,,2024-May-16,00:59:59
103879,2024-05-16T01:00:59,53.31884,-8.57907,5.6,7.5,4,0,,2024-May-16,01:00:59
103880,2024-05-16T01:01:59,53.31884,-8.57907,5.7,7.5,4,0,,2024-May-16,01:01:59
103881,2024-05-16T01:02:59,53.31884,-8.57907,5.6,7.5,4,0,,2024-May-16,01:02:59
103882,2024-05-16T01:03:59,53.31884,-8.57907,5.7,7.5,5,0,,2024-May-16,01:03:59
103883,2024-05-16T01:04:59,53.31884,-8.57907,5.6,7.75,3,1,,2024-May-16,01:04:59
103884,2024-05-16T01:05:59,53.31884,-8.57907,5.6,7.75,4,0,,2024-May-16,01:05:59
103885,2024-05-16T01:06:59,53.31884,-8.57907,5.6,7.75,5,0,,2024-May-16,01:06:59
103886,2024-05-16T01:07:59,53.31884,-8.57907,5.7,7.5,4,0,,2024-May-16,01:07:59
103887,2024-05-16T01:08:59,53.31884,-8.57907,5.6,7.75,4,0,,2024-May-16,01:08:59
103888,2024-05-16T01:09:59,53.31884,-8.57907,5.6,7.5,3,1,,2024-May-16,01:09:59
103889,2024-05-16T01:10:59,53.31884,-8.57907,5.6,7.5,5,0,,2024-May-16,01:10:59
103890,2024-05-16T01:11:59,53.31884,-8.57907,5.6,7.5,4,1,,2024-May-16,01:11:59
103891,2024-05-16T01:12:59,53.31884,-8.57907,5.6,7.5,3,0,,2024-May-16,01:12:59
103892,2024-05-16T01:13:59,53.31884,-8.57907,5.6,7.5,4,0,,2024-May-16,01:13:59
103893,2024-05-16T01:14:59,53.31884,-8.57907,5.6,7.5,4,0,,2024-May-16,01:14:59
103894,2024-05-16T01:15:59,53.31884,-8.57907,5.7,7.5,5,0,,2024-May-16,01:15:59
103895,2024-05-16T01:16:59,53.31884,-8.57907,5.6,7.5,3,0,,2024-May-16,01:16:59
103896,2024-05-16T01:17:59,53.31884,-8.57907,5.6,7.5,4,0,,2024-May-16,01:17:59
103897,2024-05-16T01:18:59,53.31884,-8.57907,5.6,7.5,4,0,,2024-May-16,01:18:59
103898,2024-05-16T01:19:59,53.31884,-8.57907,5.6,7.5,4,0,,2024-May-16,01:19:59
103899,2024-05-16T01:20:59,53.31884,-8.57907,5.6,7.5,5,0,,2024-May-16,01:20:59
103900,2024-05-16T01:21:59,53.31884,-8.57907,5.7,7.5,5,1,,2024-May-16,01:21:59
103901,2024-05-16T01:22:59,53.31884,-8.57907,5.6,7.5,4,0,,2024-May-16,01:22:59
103902,2024-05-16T01:23:59,53.31884,-8.57907,5.7,7.5,4,0,,2024-May-16,01:23:59
103903,2024-05-16T01:24:59,53.31884,-8.57907,5.6,7.5,5,0,,2024-May-16,01:24:59
103904,2024-05-16T01:25:59,53.31884,-8.57907,5.6,7.5,3,0,,2024-May-16,01:25:59
103905,2024-05-16T01:26:59,53.31884,-8.57907,5.6,7.5,3,1,,2024-May-16,01:26:59
103906,2024-05-16T01:27:59,53.31884,-8.57907,5.6,7.5,3,2,,2024-May-16,01:27:59
103907,2024-05-16T01:28:59,53.31884,-8.57907,5.7,7.25,4,0,,2024-May-16,01:28:59
103908,2024-05-16T01:29:59,53.31884,-8.57907,5.6,7.5,3,0,,2024-May-16,01:29:59
103909,2024-05-16T01:30:59,53.31884,-8.57907,5.6,7.5,4,1,,2024-May-16,01:30:59
103910,2024-05-16T01:31:59,53.31884,-8.57907,5.6,7.5,4,0,,2024-May-16,01:31:59
103911,2024-05-16T01:32:59,53.31884,-8.57907,5.6,7.25,4,0,,2024-May-16,01:32:59
103912,2024-05-16T01:33:59,53.31884,-8.57907,5.6,7.25,3,0,,2024-May-16,01:33:59
103913,2024-05-16T01:34:59,53.31884,-8.57907,5.6,7.5,4,0,,2024-May-16,01:34:59
103914,2024-05-16T01:35:59,53.31884,-8.57907,5.6,7.25,3,0,,2024-May-16,01:35:59
103915,2024-05-16T01:36:59,53.31884,-8.57907,5.7,7.25,5,0,,2024-May-16,01:36:59
103916,2024-05-16T01:37:59,53.31884,-8.57907,5.6,7.25,4,0,,2024-May-16,01:37:59
103917,2024-05-16T01:38:59,53.31884,-8.57907,5.6,7.25,4,0,,2024-May-16,01:38:59
103918,2024-05-16T01:39:59,53.31884,-8.57907,5.6,7.5,4,1,,2024-May-16,01:39:59
103919,2024-05-16T01:40:59,53.31884,-8.57907,5.7,7.25,5,0,,2024-May-16,01:40:59
103920,2024-05-16T01:41:59,53.31884,-8.57907,5.6,7.25,4,0,,2024-May-16,01:41:59
103921,2024-05-16T01:42:59,53.31884,-8.57907,5.6,7.25,4,0,,2024-May-16,01:42:59
103922,2024-05-16T01:43:59,53.31884,-8.57907,5.6,7.25,5,0,,2024-May-16,01:43:59
103923,2024-05-16T01:44:59,53.31884,-8.57907,5.7,7.25,4,2,,2024-May-16,01:44:59
103924,2024-05-16T01:45:59,53.31884,-8.57907,5.6,7.25,3,0,,2024-May-16,01:45:59
103925,2024-05-16T01:46:59,53.31884,-8.57907,5.7,7.25,6,1,,2024-May-16,01:46:59
103926,2024-05-16T01:47:59,53.31884,-8.57907,5.6,7.25,4,2,,2024-May-16,01:47:59
103927,2024-05-16T01:48:59,53.31884,-8.57907,5.6,7.25,4,0,,2024-May-16,01:48:59
103928,2024-05-16T01:49:59,53.31884,-8.57907,5.7,7.25,5,0,,2024-May-16,01:49:59
103929,2024-05-16T01:50:59,53.31884,-8.57907,5.6,7.25,4,1,,2024-May-16,01:50:59
103930,2024-05-16T01:51:59,53.31884,-8.57907,5.6,7.25,4,1,,2024-May-16,01:51:59
103931,2024-05-16T01:52:59,53.31884,-8.57907,5.6,7.25,6,0,,2024-May-16,01:52:59
103932,2024-05-16T01:53:59,53.31884,-8.57907,5.6,7.0,5,0,,2024-May-16,01:53:59
103933,2024-05-16T01:54:59,53.31884,-8.57907,5.6,7.0,4,0,,2024-May-16,01:54:59
103934,2024-05-16T01:55:59,53.31884,-8.57907,5.6,7.0,5,0,,2024-May-16,01:55:59
103935,2024-05-16T01:56:59,53.31884,-8.57907,5.6,7.0,4,0,,2024-May-16,01:56:59
103936,2024-05-16T01:58:01,53.31884,-8.57907,5.7,7.0,4,1,,2024-May-16,01:58:01
103937,2024-05-16T01:59:01,53.31884,-8.57907,5.6,7.0,6,1,,2024-May-16,01:59:01
103938,2024-05-16T02:00:01,53.31884,-8.57907,5.7,6.75,3,1,,2024-May-16,02:00:01
103939,2024-05-16T02:01:01,53.31884,-8.57907,5.6,6.75,1,1,,2024-May-16,02:01:01
103940,2024-05-16T02:02:01,53.31884,-8.57907,5.6,6.75,5,0,,2024-May-16,02:02:01
103941,2024-05-16T02:03:01,53.31884,-8.57907,5.6,6.75,4,0,,2024-May-16,02:03:01
103942,2024-05-16T02:04:01,53.31884,-8.57907,5.6,6.75,5,0,,2024-May-16,02:04:01
103943,2024-05-16T02:05:01,53.31884,-8.57907,5.7,6.75,4,0,,2024-May-16,02:05:01
103944,2024-05-16T02:06:01,53.31884,-8.57907,5.6,6.75,3,1,,2024-May-16,02:06:01
103945,2024-05-16T02:07:01,53.31884,-8.57907,5.7,6.75,4,1,,2024-May-16,02:07:01
103946,2024-05-16T02:08:01,53.31884,-8.57907,5.7,6.75,3,2,,2024-May-16,02:08:01
103947,2024-05-16T02:09:01,53.31884,-8.57907,5.7,6.75,0,1,,2024-May-16,02:09:01
103948,2024-05-16T02:10:01,53.31884,-8.57907,5.7,6.75,3,1,,2024-May-16,02:10:01
103949,2024-05-16T02:11:01,53.31884,-8.57907,5.6,6.75,3,1,,2024-May-16,02:11:01
103950,2024-05-16T02:12:01,53.31884,-8.57907,5.6,6.75,2,0,,2024-May-16,02:12:01
103951,2024-05-16T02:13:01,53.31884,-8.57907,5.7,6.75,4,0,,2024-May-16,02:13:01
103952,2024-05-16T02:14:01,53.31884,-8.57907,5.7,6.5,2,0,,2024-May-16,02:14:01
103953,2024-05-16T02:15:01,53.31884,-8.57907,5.6,6.5,1,0,,2024-May-16,02:15:01
103954,2024-05-16T02:16:01,53.31884,-8.57907,5.7,6.5,5,0,,2024-May-16,02:16:01
103955,2024-05-16T02:17:01,53.31884,-8.57907,5.7,6.75,3,0,,2024-May-16,02:17:01
103956,2024-05-16T02:18:01,53.31884,-8.57907,5.6,6.5,3,1,,2024-May-16,02:18:01
103957,2024-05-16T02:19:01,53.31884,-8.57907,5.6,6.5,4,1,,2024-May-16,02:19:01
103958,2024-05-16T02:20:01,53.31884,-8.57907,5.7,6.75,6,1,,2024-May-16,02:20:01
103959,2024-05-16T02:21:01,53.31884,-8.57907,5.6,6.5,4,0,,2024-May-16,02:21:01
103960,2024-05-16T02:22:01,53.31884,-8.57907,5.7,6.5,4,0,,2024-May-16,02:22:01
103961,2024-05-16T02:23:01,53.31884,-8.57907,5.7,6.75,1,0,,2024-May-16,02:23:01
103962,2024-05-16T02:24:01,53.31884,-8.57907,5.7,6.5,0,0,,2024-May-16,02:24:01
103963,2024-05-16T02:25:01,53.31884,-8.57907,5.7,6.25,0,0,,2024-May-16,02:25:01
103964,2024-05-16T02:26:01,53.31884,-8.57907,5.7,6.25,2,0,,2024-May-16,02:26:01
103965,2024-05-16T02:27:01,53.31884,-8.57907,5.6,6.5,3,0,,2024-May-16,02:27:01
103966,2024-05-16T02:28:01,53.31884,-8.57907,5.7,6.25,4,0,,2024-May-16,02:28:01
103967,2024-05-16T02:29:01,53.31884,-8.57907,5.7,6.25,3,0,,2024-May-16,02:29:01
103968,2024-05-16T02:30:01,53.31884,-8.57907,5.6,6.5,2,0,,2024-May-16,02:30:01
103969,2024-05-16T02:31:01,53.31884,-8.57907,5.7,6.25,3,1,,2024-May-16,02:31:01
103970,2024-05-16T02:32:01,53.31884,-8.57907,5.7,6.25,2,0,,2024-May-16,02:32:01
103971,2024-05-16T02:33:01,53.31884,-8.57907,5.7,6.25,1,0,,2024-May-16,02:33:01
103972,2024-05-16T02:34:01,53.31884,-8.57907,5.7,6.25,0,0,,2024-May-16,02:34:01
103973,2024-05-16T02:35:01,53.31884,-8.57907,5.7,6.25,3,0,,2024-May-16,02:35:01
103974,2024-05-16T02:36:01,53.31884,-8.57907,5.7,6.25,1,1,,2024-May-16,02:36:01
103975,2024-05-16T02:37:01,53.31884,-8.57907,5.7,6.0,0,0,,2024-May-16,02:37:01
103976,2024-05-16T02:38:01,53.31884,-8.57907,5.7,6.0,2,0,,2024-May-16,02:38:01
103977,2024-05-16T02:39:01,53.31884,-8.57907,5.6,6.0,5,0,,2024-May-16,02:39:01
103978,2024-05-16T02:40:01,53.31884,-8.57907,5.7,6.25,4,0,,2024-May-16,02:40:01
103979,2024-05-16T02:41:01,53.31884,-8.57907,5.7,6.25,5,0,,2024-May-16,02:41:01
103980,2024-05-16T02:42:01,53.31884,-8.57907,5.7,6.25,3,0,,2024-May-16,02:42:01
103981,2024-05-16T02:43:01,53.31884,-8.57907,5.6,6.25,3,0,,2024-May-16,02:43:01
103982,2024-05-16T02:44:01,53.31884,-8.57907,5.7,6.25,2,0,,2024-May-16,02:44:01
103983,2024-05-16T02:45:01,53.31884,-8.57907,5.6,6.0,2,0,,2024-May-16,02:45:01
103984,2024-05-16T02:46:01,53.31884,-8.57907,5.7,6.0,3,0,,2024-May-16,02:46:01
103985,2024-05-16T02:47:01,53.31884,-8.57907,5.7,6.0,3,1,,2024-May-16,02:47:01
103986,2024-05-16T02:48:01,53.31884,-8.57907,5.6,6.0,0,0,,2024-May-16,02:48:01
103987,2024-05-16T02:49:01,53.31884,-8.57907,5.7,6.25,5,0,,2024-May-16,02:49:01
103988,2024-05-16T02:50:01,53.31884,-8.57907,5.7,6.0,4,1,,2024-May-16,02:50:01
103989,2024-05-16T02:51:01,53.31884,-8.57907,5.7,6.0,1,1,,2024-May-16,02:51:01
103990,2024-05-16T02:52:01,53.31884,-8.57907,5.7,6.0,2,0,,2024-May-16,02:52:01
103991,2024-05-16T02:53:01,53.31884,-8.57907,5.6,6.0,4,1,,2024-May-16,02:53:01
103992,2024-05-16T02:54:01,53.31884,-8.57907,5.7,6.0,3,0,,2024-May-16,02:54:01
103993,2024-05-16T02:55:01,53.31884,-8.57907,5.6,6.0,2,1,,2024-May-16,02:55:01
103994,2024-05-16T02:56:01,53.31884,-8.57907,5.5,6.0,4,1,,2024-May-16,02:56:01
103995,2024-05-16T02:57:01,53.31884,-8.57907,5.6,6.0,4,0,,2024-May-16,02:57:01
103996,2024-05-16T02:58:01,53.31884,-8.57907,5.6,6.0,4,1,,2024-May-16,02:58:01
103997,2024-05-16T02:59:01,53.31884,-8.57907,5.5,6.0,6,1,,2024-May-16,02:59:01
103998,2024-05-16T03:00:01,53.31884,-8.57907,5.6,6.0,4,0,,2024-May-16,03:00:01
103999,2024-05-16T03:01:01,53.31884,-8.57907,5.6,6.0,6,0,,2024-May-16,03:01:01
104000,2024-05-16T03:02:01,53.31884,-8.57907,5.6,6.0,5,0,,2024-May-16,03:02:01
104001,2024-05-16T03:03:01,53.31884,-8.57907,5.5,6.0,3,0,,2024-May-16,03:03:01
104002,2024-05-16T03:04:01,53.31884,-8.57907,5.6,6.0,2,0,,2024-May-16,03:04:01
104003,2024-05-16T03:05:01,53.31884,-8.57907,5.6,6.0,5,0,,2024-May-16,03:05:01
104004,2024-05-16T03:06:01,53.31884,-8.57907,5.6,6.0,4,0,,2024-May-16,03:06:01
104005,2024-05-16T03:07:01,53.31884,-8.57907,5.6,6.0,3,0,,2024-May-16,03:07:01
104006,2024-05-16T03:08:01,53.31884,-8.57907,5.6,6.0,3,0,,2024-May-16,03:08:01
104007,2024-05-16T03:09:01,53.31884,-8.57907,5.7,6.0,4,0,,2024-May-16,03:09:01
104008,2024-05-16T03:10:01,53.31884,-8.57907,5.5,6.0,3,0,,2024-May-16,03:10:01
104009,2024-05-16T03:11:01,53.31884,-8.57907,5.5,6.0,4,1,,2024-May-16,03:11:01
104010,2024-05-16T03:12:01,53.31884,-8.57907,5.6,6.0,5,0,,2024-May-16,03:12:01
104011,2024-05-16T03:13:01,53.31884,-8.57907,5.6,6.0,5,0,,2024-May-16,03:13:01
104012,2024-05-16T03:14:01,53.31884,-8.57907,5.6,6.0,4,1,,2024-May-16,03:14:01
104013,2024-05-16T03:15:01,53.31884,-8.57907,5.5,6.0,4,3,,2024-May-16,03:15:01
104014,2024-05-16T03:16:01,53.31884,-8.57907,5.6,6.0,5,0,,2024-May-16,03:16:01
104015,2024-05-16T03:17:01,53.31884,-8.57907,5.6,6.0,6,0,,2024-May-16,03:17:01
104016,2024-05-16T03:18:01,53.31884,-8.57907,5.5,6.0,4,1,,2024-May-16,03:18:01
104017,2024-05-16T03:19:01,53.31884,-8.57907,5.6,6.25,8,1,,2024-May-16,03:19:01
104018,2024-05-16T03:20:01,53.31884,-8.57907,5.5,6.25,5,0,,2024-May-16,03:20:01
104019,2024-05-16T03:21:01,53.31884,-8.57907,5.5,6.25,5,0,,2024-May-16,03:21:01
104020,2024-05-16T03:22:01,53.31884,-8.57907,5.6,6.5,6,1,,2024-May-16,03:22:01
104021,2024-05-16T03:23:01,53.31884,-8.57907,5.6,6.25,5,0,,2024-May-16,03:23:01
104022,2024-05-16T03:24:01,53.31884,-8.57907,5.5,6.5,5,0,,2024-May-16,03:24:01
104023,2024-05-16T03:25:01,53.31884,-8.57907,5.5,6.5,3,0,,2024-May-16,03:25:01
104024,2024-05-16T03:26:01,53.31884,-8.57907,5.6,6.5,5,1,,2024-May-16,03:26:01
104025,2024-05-16T03:27:01,53.31884,-8.57907,5.5,6.25,2,1,,2024-May-16,03:27:01
104026,2024-05-16T03:28:01,53.31884,-8.57907,5.6,6.5,3,1,,2024-May-16,03:28:01
104027,2024-05-16T03:29:01,53.31884,-8.57907,5.6,6.5,0,2,,2024-May-16,03:29:01
104028,2024-05-16T03:30:01,53.31884,-8.57907,5.5,6.5,2,0,,2024-May-16,03:30:01
104029,2024-05-16T03:31:01,53.31884,-8.57907,5.5,6.5,5,1,,2024-May-16,03:31:01
104030,2024-05-16T03:32:01,53.31884,-8.57907,5.6,6.5,5,0,,2024-May-16,03:32:01
104031,2024-05-16T03:33:01,53.31884,-8.57907,5.5,6.5,0,2,,2024-May-16,03:33:01
104032,2024-05-16T03:34:01,53.31884,-8.57907,5.5,6.5,4,0,,2024-May-16,03:34:01
104033,2024-05-16T03:35:01,53.31884,-8.57907,5.5,6.5,4,0,,2024-May-16,03:35:01
104034,2024-05-16T03:36:01,53.31884,-8.57907,5.6,6.5,4,0,,2024-May-16,03:36:01
104035,2024-05-16T03:37:01,53.31884,-8.57907,5.5,6.75,3,0,,2024-May-16,03:37:01
104036,2024-05-16T03:38:01,53.31884,-8.57907,5.5,6.75,5,0,,2024-May-16,03:38:01
104037,2024-05-16T03:39:01,53.31884,-8.57907,5.6,6.75,5,0,,2024-May-16,03:39:01
104038,2024-05-16T03:40:01,53.31884,-8.57907,5.5,6.75,3,1,,2024-May-16,03:40:01
104039,2024-05-16T03:41:01,53.31884,-8.57907,5.5,6.5,4,1,,2024-May-16,03:41:01
104040,2024-05-16T03:42:01,53.31884,-8.57907,5.6,6.75,7,1,,2024-May-16,03:42:01
104041,2024-05-16T03:43:01,53.31884,-8.57907,5.5,6.75,4,1,,2024-May-16,03:43:01
104042,2024-05-16T03:44:01,53.31884,-8.57907,5.6,6.75,4,0,,2024-May-16,03:44:01
104043,2024-05-16T20:00:00,54.0,-7.0,5.0,10.0,1,0,test,2024-May-16,20:00:00
104044,2024-05-16T20:55:59,51.7443,-9.31424,6.5,13.5,0,2,,2024-May-16,20:55:59
104045,2024-05-16T20:56:59,51.7443,-9.31424,6.4,13.5,0,1,,2024-May-16,20:56:59
104046,2024-05-16T20:57:59,51.7443,-9.31424,6.5,13.75,0,4,,2024-May-16,20:57:59
104047,2024-05-16T20:58:59,51.7443,-9.31424,6.5,13.5,0,2,,2024-May-16,20:58:59
104048,2024-05-16T20:59:59,51.7443,-9.31424,6.5,13.75,0,4,,2024-May-16,20:59:59
104049,2024-05-16T21:00:59,51.7443,-9.31424,6.5,13.75,0,1,,2024-May-16,21:00:59
104050,2024-05-16T21:01:59,51.7443,-9.31424,6.5,13.75,0,4,,2024-May-16,21:01:59
104051,2024-05-16T21:02:59,51.7443,-9.31424,6.5,13.75,0,1,,2024-May-16,21:02:59
104052,2024-05-16T21:03:59,51.7443,-9.31424,6.5,13.75,0,6,,2024-May-16,21:03:59
104053,2024-05-16T21:04:59,51.7443,-9.31424,6.5,13.75,0,5,,2024-May-16,21:04:59
104054,2024-05-16T21:05:59,51.7443,-9.31424,6.5,13.75,0,5,,2024-May-16,21:05:59
104055,2024-05-16T21:06:59,51.7443,-9.31424,6.4,14.0,1,3,,2024-May-16,21:06:59
104056,2024-05-16T21:07:59,51.7443,-9.31424,6.4,14.0,0,6,,2024-May-16,21:07:59
104057,2024-05-16T21:08:59,51.7443,-9.31424,6.4,14.0,0,10,,2024-May-16,21:08:59
104058,2024-05-16T21:09:59,51.7443,-9.31424,6.4,14.0,0,9,,2024-May-16,21:09:59
104059,2024-05-16T21:10:59,51.7443,-9.31424,6.4,14.25,0,8,,2024-May-16,21:10:59
104060,2024-05-16T21:11:59,51.7443,-9.31424,6.5,14.0,0,9,,2024-May-16,21:11:59
104061,2024-05-16T21:12:59,51.7443,-9.31424,6.5,14.25,0,7,,2024-May-16,21:12:59
104062,2024-05-16T21:13:59,51.7443,-9.31424,6.4,14.25,0,6,,2024-May-16,21:13:59
104063,2024-05-16T21:14:59,51.7443,-9.31424,6.5,14.0,0,4,,2024-May-16,21:14:59
104064,2024-05-16T21:15:59,51.7443,-9.31424,6.5,14.25,0,3,,2024-May-16,21:15:59
104065,2024-05-16T21:16:59,51.7443,-9.31424,6.4,14.25,0,4,,2024-May-16,21:16:59
104066,2024-05-16T21:17:59,51.7443,-9.31424,6.5,14.0,0,6,,2024-May-16,21:17:59
104067,2024-05-16T21:18:59,51.7443,-9.31424,6.5,14.0,0,3,,2024-May-16,21:18:59
104068,2024-05-16T21:19:59,51.7443,-9.31424,6.5,14.25,0,7,,2024-May-16,21:19:59
104069,2024-05-16T21:20:59,51.7443,-9.31424,6.5,14.0,0,8,,2024-May-16,21:20:59
104070,2024-05-16T21:21:59,51.7443,-9.31424,6.4,14.0,0,6,,2024-May-16,21:21:59
104071,2024-05-16T21:22:59,51.7443,-9.31424,6.5,14.0,0,5,,2024-May-16,21:22:59
104072,2024-05-16T21:23:59,51.7443,-9.31424,6.5,14.0,0,6,,2024-May-16,21:23:59
104073,2024-05-16T21:24:59,51.7443,-9.31424,6.4,14.0,0,6,,2024-May-16,21:24:59
104074,2024-05-16T21:25:59,51.7443,-9.31424,6.4,13.75,0,9,,2024-May-16,21:25:59
104075,2024-05-16T21:26:59,51.7443,-9.31424,6.5,13.75,0,5,,2024-May-16,21:26:59
104076,2024-05-16T21:27:59,51.7443,-9.31424,6.4,13.75,0,1,,2024-May-16,21:27:59
104077,2024-05-16T21:28:59,51.7443,-9.31424,6.5,13.75,0,4,,2024-May-16,21:28:59
104078,2024-05-16T21:29:59,51.7443,-9.31424,6.5,13.5,0,1,,2024-May-16,21:29:59
104079,2024-05-16T21:30:59,51.7443,-9.31424,6.4,13.5,0,3,,2024-May-16,21:30:59
104080,2024-05-16T21:31:59,51.7443,-9.31424,6.5,13.5,0,1,,2024-May-16,21:31:59
104081,2024-05-16T21:32:59,51.7443,-9.31424,6.5,13.5,0,3,,2024-May-16,21:32:59
104082,2024-05-16T21:33:59,51.7443,-9.31424,6.5,13.5,0,3,,2024-May-16,21:33:59
104083,2024-05-16T21:34:59,51.7443,-9.31424,6.5,13.25,0,3,,2024-May-16,21:34:59
104084,2024-05-16T21:35:59,51.7443,-9.31424,6.4,13.25,0,3,,2024-May-16,21:35:59
104085,2024-05-16T21:36:59,51.7443,-9.31424,6.5,13.25,0,2,,2024-May-16,21:36:59
104086,2024-05-16T21:37:59,51.7443,-9.31424,6.5,13.0,0,3,,2024-May-16,21:37:59
104087,2024-05-16T21:38:59,51.7443,-9.31424,6.5,13.25,0,3,,2024-May-16,21:38:59
104088,2024-05-16T21:39:59,51.7443,-9.31424,6.4,13.0,0,6,,2024-May-16,21:39:59
104089,2024-05-16T21:40:59,51.7443,-9.31424,6.5,13.0,0,4,,2024-May-16,21:40:59
104090,2024-05-16T21:41:59,51.7443,-9.31424,6.5,13.0,0,2,,2024-May-16,21:41:59
104091,2024-05-16T21:42:59,51.7443,-9.31424,6.5,13.0,0,3,,2024-May-16,21:42:59
104092,2024-05-16T21:43:59,51.7443,-9.31424,6.4,13.0,0,3,,2024-May-16,21:43:59
104093,2024-05-16T21:44:59,51.7443,-9.31424,6.5,13.0,0,4,,2024-May-16,21:44:59
104094,2024-05-16T21:45:59,51.7443,-9.31424,6.5,12.75,0,4,,2024-May-16,21:45:59
104095,2024-05-16T21:46:59,51.7443,-9.31424,6.4,13.0,0,3,,2024-May-16,21:46:59
104096,2024-05-16T21:47:59,51.7443,-9.31424,6.4,13.0,0,2,,2024-May-16,21:47:59
104097,2024-05-16T21:48:59,51.7443,-9.31424,6.5,12.75,0,0,,2024-May-16,21:48:59
104098,2024-05-16T21:49:59,51.7443,-9.31424,6.5,12.75,0,2,,2024-May-16,21:49:59
104099,2024-05-16T21:50:59,51.7443,-9.31424,6.5,13.0,0,2,,2024-May-16,21:50:59
104100,2024-05-16T21:51:59,51.7443,-9.31424,6.5,12.75,0,5,,2024-May-16,21:51:59
104101,2024-05-16T21:52:59,51.7443,-9.31424,6.5,12.75,0,3,,2024-May-16,21:52:59
104102,2024-05-16T21:53:59,51.7443,-9.31424,6.5,12.75,0,2,,2024-May-16,21:53:59
104103,2024-05-16T21:54:59,51.7443,-9.31424,6.4,13.0,0,1,,2024-May-16,21:54:59
104104,2024-05-16T21:55:59,51.7443,-9.31424,6.4,12.75,0,1,,2024-May-16,21:55:59
104105,2024-05-16T21:56:59,51.7443,-9.31424,6.5,12.75,0,1,,2024-May-16,21:56:59
104106,2024-05-16T21:57:59,51.7443,-9.31424,6.4,12.75,0,1,,2024-May-16,21:57:59
104107,2024-05-16T21:58:59,51.7443,-9.31424,6.5,12.75,0,2,,2024-May-16,21:58:59
104108,2024-05-16T21:59:59,51.7443,-9.31424,6.5,12.75,0,0,,2024-May-16,21:59:59
104109,2024-05-16T22:00:59,51.7443,-9.31424,6.5,12.75,0,1,,2024-May-16,22:00:59
104110,2024-05-16T22:01:59,51.7443,-9.31424,6.5,12.5,0,0,,2024-May-16,22:01:59
104111,2024-05-16T22:02:59,51.7443,-9.31424,6.5,12.75,0,1,,2024-May-16,22:02:59
104112,2024-05-16T22:03:59,51.7443,-9.31424,6.4,12.5,0,1,,2024-May-16,22:03:59
104113,2024-05-16T22:04:59,51.7443,-9.31424,6.5,12.75,0,0,,2024-May-16,22:04:59
104114,2024-05-16T22:05:59,51.7443,-9.31424,6.4,12.75,0,0,,2024-May-16,22:05:59
104115,2024-05-16T22:06:59,51.7443,-9.31424,6.4,12.5,0,2,,2024-May-16,22:06:59
104116,2024-05-16T22:07:59,51.7443,-9.31424,6.4,12.5,1,1,,2024-May-16,22:07:59
104117,2024-05-16T22:08:59,51.7443,-9.31424,6.4,12.5,0,0,,2024-May-16,22:08:59
104118,2024-05-16T22:09:59,51.7443,-9.31424,6.4,12.5,0,2,,2024-May-16,22:09:59
104119,2024-05-16T22:10:59,51.7443,-9.31424,6.4,12.5,0,1,,2024-May-16,22:10:59
104120,2024-05-16T22:11:59,51.7443,-9.31424,6.4,12.5,1,1,,2024-May-16,22:11:59
104121,2024-05-16T22:12:59,51.7443,-9.31424,6.4,12.5,0,1,,2024-May-16,22:12:59
104122,2024-05-16T22:13:59,51.7443,-9.31424,6.5,12.5,0,0,,2024-May-16,22:13:59
104123,2024-05-16T22:14:59,51.7443,-9.31424,6.4,12.75,0,2,,2024-May-16,22:14:59
104124,2024-05-16T22:15:59,51.7443,-9.31424,6.4,12.5,0,2,,2024-May-16,22:15:59
104125,2024-05-16T22:16:59,51.7443,-9.31424,6.4,12.5,0,1,,2024-May-16,22:16:59
104126,2024-05-16T22:17:59,51.7443,-9.31424,6.4,12.5,0,2,,2024-May-16,22:17:59
104127,2024-05-16T22:18:59,51.7443,-9.31424,6.4,12.75,0,1,,2024-May-16,22:18:59
104128,2024-05-16T22:19:59,51.7443,-9.31424,6.4,12.75,0,3,,2024-May-16,22:19:59
104129,2024-05-16T22:20:59,51.7443,-9.31424,6.4,12.5,0,0,,2024-May-16,22:20:59
104130,2024-05-16T22:21:59,51.7443,-9.31424,6.4,12.5,0,0,,2024-May-16,22:21:59
104131,2024-05-16T22:22:59,51.7443,-9.31424,6.4,12.5,0,3,,2024-May-16,22:22:59
104132,2024-05-16T22:23:59,51.7443,-9.31424,6.4,12.75,0,3,,2024-May-16,22:23:59
104133,2024-05-16T22:24:59,51.7443,-9.31424,6.4,12.25,0,4,,2024-May-16,22:24:59
104134,2024-05-16T22:25:59,51.7443,-9.31424,6.4,12.5,0,4,,2024-May-16,22:25:59
104135,2024-05-16T22:26:59,51.7443,-9.31424,6.4,12.5,0,4,,2024-May-16,22:26:59
104136,2024-05-16T22:27:59,51.7443,-9.31424,6.4,12.5,0,3,,2024-May-16,22:27:59
104137,2024-05-16T22:28:59,51.7443,-9.31424,6.4,12.5,1,1,,2024-May-16,22:28:59
104138,2024-05-16T22:29:59,51.7443,-9.31424,6.4,12.5,0,7,,2024-May-16,22:29:59
104139,2024-05-16T22:30:59,51.7443,-9.31424,6.4,12.5,0,2,,2024-May-16,22:30:59
104140,2024-05-16T22:31:59,51.7443,-9.31424,6.4,12.5,0,2,,2024-May-16,22:31:59
104141,2024-05-16T22:32:59,51.7443,-9.31424,6.3,12.5,0,2,,2024-May-16,22:32:59
104142,2024-05-16T22:33:59,51.7443,-9.31424,6.4,12.25,0,2,,2024-May-16,22:33:59
104143,2024-05-16T22:34:59,51.7443,-9.31424,6.4,12.25,0,1,,2024-May-16,22:34:59
104144,2024-05-16T22:35:59,51.7443,-9.31424,6.4,12.25,0,1,,2024-May-16,22:35:59
104145,2024-05-16T22:36:59,51.7443,-9.31424,6.4,12.5,0,0,,2024-May-16,22:36:59
104146,2024-05-16T22:37:59,51.7443,-9.31424,6.4,12.5,0,2,,2024-May-16,22:37:59
104147,2024-05-16T22:38:59,51.7443,-9.31424,6.3,12.25,0,3,,2024-May-16,22:38:59
104148,2024-05-16T22:39:59,51.7443,-9.31424,6.4,12.25,0,1,,2024-May-16,22:39:59
104149,2024-05-16T22:40:59,51.7443,-9.31424,6.4,12.5,0,1,,2024-May-16,22:40:59
104150,2024-05-16T22:41:59,51.7443,-9.31424,6.4,12.5,2,0,,2024-May-16,22:41:59
104151,2024-05-16T22:42:59,51.7443,-9.31424,6.4,12.5,0,0,,2024-May-16,22:42:59
104152,2024-05-16T22:43:59,51.7443,-9.31424,6.4,12.25,0,3,,2024-May-16,22:43:59
104153,2024-05-16T22:44:59,51.7443,-9.31424,6.4,12.25,0,2,,2024-May-16,22:44:59
104154,2024-05-16T22:45:59,51.7443,-9.31424,6.4,12.25,0,2,,2024-May-16,22:45:59
104155,2024-05-16T22:46:59,51.7443,-9.31424,6.4,12.25,0,1,,2024-May-16,22:46:59
104156,2024-05-16T22:47:59,51.7443,-9.31424,6.4,12.5,0,2,,2024-May-16,22:47:59
104157,2024-05-16T22:48:59,51.7443,-9.31424,6.4,12.25,0,1,,2024-May-16,22:48:59
104158,2024-05-16T22:49:59,51.7443,-9.31424,6.4,12.25,0,1,,2024-May-16,22:49:59
104159,2024-05-16T22:50:59,51.7443,-9.31424,6.4,12.25,0,1,,2024-May-16,22:50:59
104160,2024-05-16T22:51:59,51.7443,-9.31424,6.4,12.25,0,1,,2024-May-16,22:51:59
104161,2024-05-16T22:52:59,51.7443,-9.31424,6.4,12.25,0,0,,2024-May-16,22:52:59
104162,2024-05-16T22:53:59,51.7443,-9.31424,6.4,12.25,0,1,,2024-May-16,22:53:59
104163,2024-05-16T22:54:59,51.7443,-9.31424,6.4,12.0,0,1,,2024-May-16,22:54:59
104164,2024-05-16T22:55:59,51.7443,-9.31424,6.4,12.25,0,1,,2024-May-16,22:55:59
104165,2024-05-16T22:56:59,51.7443,-9.31424,6.4,12.25,0,3,,2024-May-16,22:56:59
104166,2024-05-16T22:57:59,51.7443,-9.31424,6.4,12.0,0,2,,2024-May-16,22:57:59
104167,2024-05-16T22:58:59,51.7443,-9.31424,6.4,12.25,0,2,,2024-May-16,22:58:59
104168,2024-05-16T22:59:59,51.7443,-9.31424,6.4,12.25,0,3,,2024-May-16,22:59:59
104169,2024-05-16T23:00:59,51.7443,-9.31424,6.4,12.0,0,2,,2024-May-16,23:00:59
104170,2024-05-16T23:01:59,51.7443,-9.31424,6.4,12.0,0,2,,2024-May-16,23:01:59
104171,2024-05-16T23:02:59,51.7443,-9.31424,6.4,12.0,0,2,,2024-May-16,23:02:59
104172,2024-05-16T23:03:59,51.7443,-9.31424,6.4,12.25,0,2,,2024-May-16,23:03:59
104173,2024-05-16T23:04:59,51.7443,-9.31424,6.4,12.25,0,2,,2024-May-16,23:04:59
104174,2024-05-16T23:05:59,51.7443,-9.31424,6.4,12.25,0,1,,2024-May-16,23:05:59
104175,2024-05-16T23:06:59,51.7443,-9.31424,6.3,12.0,0,2,,2024-May-16,23:06:59
104176,2024-05-16T23:07:59,51.7443,-9.31424,6.4,12.25,0,4,,2024-May-16,23:07:59
104177,2024-05-16T23:08:59,51.7443,-9.31424,6.4,12.0,0,1,,2024-May-16,23:08:59
104178,2024-05-16T23:09:59,51.7443,-9.31424,6.4,12.0,0,2,,2024-May-16,23:09:59
104179,2024-05-16T23:10:59,51.7443,-9.31424,6.4,12.0,0,2,,2024-May-16,23:10:59
104180,2024-05-16T23:11:59,51.7443,-9.31424,6.4,12.25,0,1,,2024-May-16,23:11:59
104181,2024-05-16T23:12:59,51.7443,-9.31424,6.4,12.0,0,2,,2024-May-16,23:12:59
104182,2024-05-16T23:13:59,51.7443,-9.31424,6.4,12.25,0,1,,2024-May-16,23:13:59
104183,2024-05-16T23:14:59,51.7443,-9.31424,6.4,12.25,0,1,,2024-May-16,23:14:59
104184,2024-05-16T23:15:59,51.7443,-9.31424,6.3,12.25,0,0,,2024-May-16,23:15:59
104185,2024-05-16T23:16:59,51.7443,-9.31424,6.4,12.25,0,2,,2024-May-16,23:16:59
104186,2024-05-16T23:17:59,51.7443,-9.31424,6.4,12.25,0,5,,2024-May-16,23:17:59
104187,2024-05-16T23:18:59,51.7443,-9.31424,6.4,12.5,0,2,,2024-May-16,23:18:59
104188,2024-05-16T23:19:59,51.7443,-9.31424,6.4,12.25,0,1,,2024-May-16,23:19:59
104189,2024-05-16T23:20:59,51.7443,-9.31424,6.4,12.25,0,0,,2024-May-16,23:20:59
104190,2024-05-16T23:21:59,51.7443,-9.31424,6.4,12.25,0,0,,2024-May-16,23:21:59
104191,2024-05-16T23:22:59,51.7443,-9.31424,6.4,12.25,0,0,,2024-May-16,23:22:59
104192,2024-05-16T23:23:59,51.7443,-9.31424,6.4,12.0,0,0,,2024-May-16,23:23:59
104193,2024-05-16T23:24:59,51.7443,-9.31424,6.4,12.25,0,1,,2024-May-16,23:24:59
104194,2024-05-16T23:25:59,51.7443,-9.31424,6.4,12.25,0,0,,2024-May-16,23:25:59
104195,2024-05-16T23:26:59,51.7443,-9.31424,6.4,12.25,0,0,,2024-May-16,23:26:59
104196,2024-05-16T23:27:59,51.7443,-9.31424,6.4,12.25,0,0,,2024-May-16,23:27:59
104197,2024-05-16T23:28:59,51.7443,-9.31424,6.4,12.25,0,2,,2024-May-16,23:28:59
104198,2024-05-16T23:29:59,51.7443,-9.31424,6.4,12.25,0,1,,2024-May-16,23:29:59
104199,2024-05-16T23:30:59,51.7443,-9.31424,6.4,12.25,0,1,,2024-May-16,23:30:59
104200,2024-05-16T23:31:59,51.7443,-9.31424,6.4,12.25,0,0,,2024-May-16,23:31:59
104201,2024-05-16T23:32:59,51.7443,-9.31424,6.4,12.25,0,0,,2024-May-16,23:32:59
104202,2024-05-16T23:33:59,51.7443,-9.31424,6.4,12.25,0,0,,2024-May-16,23:33:59
104203,2024-05-16T23:34:59,51.7443,-9.31424,6.4,12.25,1,2,,2024-May-16,23:34:59
104204,2024-05-16T23:35:59,51.7443,-9.31424,6.4,12.25,1,0,,2024-May-16,23:35:59
104205,2024-05-16T23:36:59,51.7443,-9.31424,6.4,12.25,0,0,,2024-May-16,23:36:59
104206,2024-05-16T23:37:59,51.7443,-9.31424,6.4,12.25,0,1,,2024-May-16,23:37:59
104207,2024-05-16T23:38:59,51.7443,-9.31424,6.4,12.25,0,0,,2024-May-16,23:38:59
104208,2024-05-16T23:39:59,51.7443,-9.31424,6.4,12.5,0,0,,2024-May-16,23:39:59
104209,2024-05-16T23:40:59,51.7443,-9.31424,6.4,12.25,0,0,,2024-May-16,23:40:59
104210,2024-05-16T23:41:59,51.7443,-9.31424,6.4,12.25,0,0,,2024-May-16,23:41:59
104211,2024-05-16T23:42:59,51.7443,-9.31424,6.4,12.0,0,0,,2024-May-16,23:42:59
104212,2024-05-16T23:43:59,51.7443,-9.31424,6.4,12.25,0,1,,2024-May-16,23:43:59
104213,2024-05-16T23:44:59,51.7443,-9.31424,6.4,12.0,0,1,,2024-May-16,23:44:59
104214,2024-05-16T23:45:59,51.7443,-9.31424,6.4,12.25,0,0,,2024-May-16,23:45:59
104215,2024-05-16T23:46:59,51.7443,-9.31424,6.4,12.25,0,2,,2024-May-16,23:46:59
104216,2024-05-16T23:47:59,51.7443,-9.31424,6.4,12.25,0,0,,2024-May-16,23:47:59
104217,2024-05-16T23:48:59,51.7443,-9.31424,6.4,12.25,0,1,,2024-May-16,23:48:59
104218,2024-05-16T23:49:59,51.7443,-9.31424,6.4,12.0,0,1,,2024-May-16,23:49:59
104219,2024-05-16T23:50:59,51.7443,-9.31424,6.4,12.25,0,0,,2024-May-16,23:50:59
104220,2024-05-16T23:51:59,51.7443,-9.31424,6.4,12.25,0,0,,2024-May-16,23:51:59
104221,2024-05-16T23:52:59,51.7443,-9.31424,6.3,12.25,0,1,,2024-May-16,23:52:59
104222,2024-05-16T23:53:59,51.7443,-9.31424,6.4,12.0,0,1,,2024-May-16,23:53:59
104223,2024-05-16T23:54:59,51.7443,-9.31424,6.4,12.25,0,1,,2024-May-16,23:54:59
104224,2024-05-16T23:55:59,51.7443,-9.31424,6.4,12.25,0,2,,2024-May-16,23:55:59
104225,2024-05-16T23:56:59,51.7443,-9.31424,6.4,12.0,0,0,,2024-May-16,23:56:59
104226,2024-05-16T23:57:59,51.7443,-9.31424,6.4,12.25,0,0,,2024-May-16,23:57:59
104227,2024-05-16T23:58:59,51.7443,-9.31424,6.4,12.25,1,0,,2024-May-16,23:58:59
104228,2024-05-16T23:59:59,51.7443,-9.31424,6.4,12.0,0,1,,2024-May-16,23:59:59
111583,2024-05-16T20:55:59,51.7443,-9.31424,6.5,13.5,0,2,,2024-May-16,20:55:59
111584,2024-05-16T20:56:59,51.7443,-9.31424,6.4,13.5,0,1,,2024-May-16,20:56:59
111585,2024-05-16T20:57:59,51.7443,-9.31424,6.5,13.75,0,4,,2024-May-16,20:57:59
111586,2024-05-16T20:58:59,51.7443,-9.31424,6.5,13.5,0,2,,2024-May-16,20:58:59
111587,2024-05-16T20:59:59,51.7443,-9.31424,6.5,13.75,0,4,,2024-May-16,20:59:59
111588,2024-05-16T21:00:59,51.7443,-9.31424,6.5,13.75,0,1,,2024-May-16,21:00:59
111589,2024-05-16T21:01:59,51.7443,-9.31424,6.5,13.75,0,4,,2024-May-16,21:01:59
111590,2024-05-16T21:02:59,51.7443,-9.31424,6.5,13.75,0,1,,2024-May-16,21:02:59
111591,2024-05-16T21:03:59,51.7443,-9.31424,6.5,13.75,0,6,,2024-May-16,21:03:59
111592,2024-05-16T21:04:59,51.7443,-9.31424,6.5,13.75,0,5,,2024-May-16,21:04:59
111593,2024-05-16T21:05:59,51.7443,-9.31424,6.5,13.75,0,5,,2024-May-16,21:05:59
111594,2024-05-16T21:06:59,51.7443,-9.31424,6.4,14.0,1,3,,2024-May-16,21:06:59
111595,2024-05-16T21:07:59,51.7443,-9.31424,6.4,14.0,0,6,,2024-May-16,21:07:59
111596,2024-05-16T21:08:59,51.7443,-9.31424,6.4,14.0,0,10,,2024-May-16,21:08:59
111597,2024-05-16T21:09:59,51.7443,-9.31424,6.4,14.0,0,9,,2024-May-16,21:09:59
111598,2024-05-16T21:10:59,51.7443,-9.31424,6.4,14.25,0,8,,2024-May-16,21:10:59
111599,2024-05-16T21:11:59,51.7443,-9.31424,6.5,14.0,0,9,,2024-May-16,21:11:59
111600,2024-05-16T21:12:59,51.7443,-9.31424,6.5,14.25,0,7,,2024-May-16,21:12:59
111601,2024-05-16T21:13:59,51.7443,-9.31424,6.4,14.25,0,6,,2024-May-16,21:13:59
111602,2024-05-16T21:14:59,51.7443,-9.31424,6.5,14.0,0,4,,2024-May-16,21:14:59
111603,2024-05-16T21:15:59,51.7443,-9.31424,6.5,14.25,0,3,,2024-May-16,21:15:59
111604,2024-05-16T21:16:59,51.7443,-9.31424,6.4,14.25,0,4,,2024-May-16,21:16:59
111605,2024-05-16T21:17:59,51.7443,-9.31424,6.5,14.0,0,6,,2024-May-16,21:17:59
111606,2024-05-16T21:18:59,51.7443,-9.31424,6.5,14.0,0,3,,2024-May-16,21:18:59
111607,2024-05-16T21:19:59,51.7443,-9.31424,6.5,14.25,0,7,,2024-May-16,21:19:59
111608,2024-05-16T21:20:59,51.7443,-9.31424,6.5,14.0,0,8,,2024-May-16,21:20:59
111609,2024-05-16T21:21:59,51.7443,-9.31424,6.4,14.0,0,6,,2024-May-16,21:21:59
111610,2024-05-16T21:22:59,51.7443,-9.31424,6.5,14.0,0,5,,2024-May-16,21:22:59
111611,2024-05-16T21:23:59,51.7443,-9.31424,6.5,14.0,0,6,,2024-May-16,21:23:59
111612,2024-05-16T21:24:59,51.7443,-9.31424,6.4,14.0,0,6,,2024-May-16,21:24:59
111613,2024-05-16T21:25:59,51.7443,-9.31424,6.4,13.75,0,9,,2024-May-16,21:25:59
111614,2024-05-16T21:26:59,51.7443,-9.31424,6.5,13.75,0,5,,2024-May-16,21:26:59
111615,2024-05-16T21:27:59,51.7443,-9.31424,6.4,13.75,0,1,,2024-May-16,21:27:59
111616,2024-05-16T21:28:59,51.7443,-9.31424,6.5,13.75,0,4,,2024-May-16,21:28:59
111617,2024-05-16T21:29:59,51.7443,-9.31424,6.5,13.5,0,1,,2024-May-16,21:29:59
111618,2024-05-16T21:30:59,51.7443,-9.31424,6.4,13.5,0,3,,2024-May-16,21:30:59
111619,2024-05-16T21:31:59,51.7443,-9.31424,6.5,13.5,0,1,,2024-May-16,21:31:59
111620,2024-05-16T21:32:59,51.7443,-9.31424,6.5,13.5,0,3,,2024-May-16,21:32:59
111621,2024-05-16T21:33:59,51.7443,-9.31424,6.5,13.5,0,3,,2024-May-16,21:33:59
111622,2024-05-16T21:34:59,51.7443,-9.31424,6.5,13.25,0,3,,2024-May-16,21:34:59
111623,2024-05-16T21:35:59,51.7443,-9.31424,6.4,13.25,0,3,,2024-May-16,21:35:59
111624,2024-05-16T21:36:59,51.7443,-9.31424,6.5,13.25,0,2,,2024-May-16,21:36:59
111625,2024-05-16T21:37:59,51.7443,-9.31424,6.5,13.0,0,3,,2024-May-16,21:37:59
111626,2024-05-16T21:38:59,51.7443,-9.31424,6.5,13.25,0,3,,2024-May-16,21:38:59
111627,2024-05-16T21:39:59,51.7443,-9.31424,6.4,13.0,0,6,,2024-May-16,21:39:59
111628,2024-05-16T21:40:59,51.7443,-9.31424,6.5,13.0,0,4,,2024-May-16,21:40:59
111629,2024-05-16T21:41:59,51.7443,-9.31424,6.5,13.0,0,2,,2024-May-16,21:41:59
111630,2024-05-16T21:42:59,51.7443,-9.31424,6.5,13.0,0,3,,2024-May-16,21:42:59
111631,2024-05-16T21:43:59,51.7443,-9.31424,6.4,13.0,0,3,,2024-May-16,21:43:59
111632,2024-05-16T21:44:59,51.7443,-9.31424,6.5,13.0,0,4,,2024-May-16,21:44:59
111633,2024-05-16T21:45:59,51.7443,-9.31424,6.5,12.75,0,4,,2024-May-16,21:45:59
111634,2024-05-16T21:46:59,51.7443,-9.31424,6.4,13.0,0,3,,2024-May-16,21:46:59
111635,2024-05-16T21:47:59,51.7443,-9.31424,6.4,13.0,0,2,,2024-May-16,21:47:59
111636,2024-05-16T21:48:59,51.7443,-9.31424,6.5,12.75,0,0,,2024-May-16,21:48:59
111637,2024-05-16T21:49:59,51.7443,-9.31424,6.5,12.75,0,2,,2024-May-16,21:49:59
111638,2024-05-16T21:50:59,51.7443,-9.31424,6.5,13.0,0,2,,2024-May-16,21:50:59
111639,2024-05-16T21:51:59,51.7443,-9.31424,6.5,12.75,0,5,,2024-May-16,21:51:59
111640,2024-05-16T21:52:59,51.7443,-9.31424,6.5,12.75,0,3,,2024-May-16,21:52:59
111641,2024-05-16T21:53:59,51.7443,-9.31424,6.5,12.75,0,2,,2024-May-16,21:53:59
111642,2024-05-16T21:54:59,51.7443,-9.31424,6.4,13.0,0,1,,2024-May-16,21:54:59
111643,2024-05-16T21:55:59,51.7443,-9.31424,6.4,12.75,0,1,,2024-May-16,21:55:59
111644,2024-05-16T21:56:59,51.7443,-9.31424,6.5,12.75,0,1,,2024-May-16,21:56:59
111645,2024-05-16T21:57:59,51.7443,-9.31424,6.4,12.75,0,1,,2024-May-16,21:57:59
111646,2024-05-16T21:58:59,51.7443,-9.31424,6.5,12.75,0,2,,2024-May-16,21:58:59
111647,2024-05-16T21:59:59,51.7443,-9.31424,6.5,12.75,0,0,,2024-May-16,21:59:59
111648,2024-05-16T22:00:59,51.7443,-9.31424,6.5,12.75,0,1,,2024-May-16,22:00:59
111649,2024-05-16T22:01:59,51.7443,-9.31424,6.5,12.5,0,0,,2024-May-16,22:01:59
111650,2024-05-16T22:02:59,51.7443,-9.31424,6.5,12.75,0,1,,2024-May-16,22:02:59
111651,2024-05-16T22:03:59,51.7443,-9.31424,6.4,12.5,0,1,,2024-May-16,22:03:59
111652,2024-05-16T22:04:59,51.7443,-9.31424,6.5,12.75,0,0,,2024-May-16,22:04:59
111653,2024-05-16T22:05:59,51.7443,-9.31424,6.4,12.75,0,0,,2024-May-16,22:05:59
111654,2024-05-16T22:06:59,51.7443,-9.31424,6.4,12.5,0,2,,2024-May-16,22:06:59
111655,2024-05-16T22:07:59,51.7443,-9.31424,6.4,12.5,1,1,,2024-May-16,22:07:59
111656,2024-05-16T22:08:59,51.7443,-9.31424,6.4,12.5,0,0,,2024-May-16,22:08:59
111657,2024-05-16T22:09:59,51.7443,-9.31424,6.4,12.5,0,2,,2024-May-16,22:09:59
111658,2024-05-16T22:10:59,51.7443,-9.31424,6.4,12.5,0,1,,2024-May-16,22:10:59
111659,2024-05-16T22:11:59,51.7443,-9.31424,6.4,12.5,1,1,,2024-May-16,22:11:59
111660,2024-05-16T22:12:59,51.7443,-9.31424,6.4,12.5,0,1,,2024-May-16,22:12:59
111661,2024-05-16T22:13:59,51.7443,-9.31424,6.5,12.5,0,0,,2024-May-16,22:13:59
111662,2024-05-16T22:14:59,51.7443,-9.31424,6.4,12.75,0,2,,2024-May-16,22:14:59
111663,2024-05-16T22:15:59,51.7443,-9.31424,6.4,12.5,0,2,,2024-May-16,22:15:59
111664,2024-05-16T22:16:59,51.7443,-9.31424,6.4,12.5,0,1,,2024-May-16,22:16:59
111665,2024-05-16T22:17:59,51.7443,-9.31424,6.4,12.5,0,2,,2024-May-16,22:17:59
111666,2024-05-16T22:18:59,51.7443,-9.31424,6.4,12.75,0,1,,2024-May-16,22:18:59
111667,2024-05-16T22:19:59,51.7443,-9.31424,6.4,12.75,0,3,,2024-May-16,22:19:59
111668,2024-05-16T22:20:59,51.7443,-9.31424,6.4,12.5,0,0,,2024-May-16,22:20:59
111669,2024-05-16T22:21:59,51.7443,-9.31424,6.4,12.5,0,0,,2024-May-16,22:21:59
111670,2024-05-16T22:22:59,51.7443,-9.31424,6.4,12.5,0,3,,2024-May-16,22:22:59
111671,2024-05-16T22:23:59,51.7443,-9.31424,6.4,12.75,0,3,,2024-May-16,22:23:59
111672,2024-05-16T22:24:59,51.7443,-9.31424,6.4,12.25,0,4,,2024-May-16,22:24:59
111673,2024-05-16T22:25:59,51.7443,-9.31424,6.4,12.5,0,4,,2024-May-16,22:25:59
111674,2024-05-16T22:26:59,51.7443,-9.31424,6.4,12.5,0,4,,2024-May-16,22:26:59
111675,2024-05-16T22:27:59,51.7443,-9.31424,6.4,12.5,0,3,,2024-May-16,22:27:59
111676,2024-05-16T22:28:59,51.7443,-9.31424,6.4,12.5,1,1,,2024-May-16,22:28:59
111677,2024-05-16T22:29:59,51.7443,-9.31424,6.4,12.5,0,7,,2024-May-16,22:29:59
111678,2024-05-16T22:30:59,51.7443,-9.31424,6.4,12.5,0,2,,2024-May-16,22:30:59
111679,2024-05-16T22:31:59,51.7443,-9.31424,6.4,12.5,0,2,,2024-May-16,22:31:59
111680,2024-05-16T22:32:59,51.7443,-9.31424,6.3,12.5,0,2,,2024-May-16,22:32:59
111681,2024-05-16T22:33:59,51.7443,-9.31424,6.4,12.25,0,2,,2024-May-16,22:33:59
111682,2024-05-16T22:34:59,51.7443,-9.31424,6.4,12.25,0,1,,2024-May-16,22:34:59
111683,2024-05-16T22:35:59,51.7443,-9.31424,6.4,12.25,0,1,,2024-May-16,22:35:59
111684,2024-05-16T22:36:59,51.7443,-9.31424,6.4,12.5,0,0,,2024-May-16,22:36:59
111685,2024-05-16T22:37:59,51.7443,-9.31424,6.4,12.5,0,2,,2024-May-16,22:37:59
111686,2024-05-16T22:38:59,51.7443,-9.31424,6.3,12.25,0,3,,2024-May-16,22:38:59
111687,2024-05-16T22:39:59,51.7443,-9.31424,6.4,12.25,0,1,,2024-May-16,22:39:59
111688,2024-05-16T22:40:59,51.7443,-9.31424,6.4,12.5,0,1,,2024-May-16,22:40:59
111689,2024-05-16T22:41:59,51.7443,-9.31424,6.4,12.5,2,0,,2024-May-16,22:41:59
111690,2024-05-16T22:42:59,51.7443,-9.31424,6.4,12.5,0,0,,2024-May-16,22:42:59
111691,2024-05-16T22:43:59,51.7443,-9.31424,6.4,12.25,0,3,,2024-May-16,22:43:59
111692,2024-05-16T22:44:59,51.7443,-9.31424,6.4,12.25,0,2,,2024-May-16,22:44:59
111693,2024-05-16T22:45:59,51.7443,-9.31424,6.4,12.25,0,2,,2024-May-16,22:45:59
111694,2024-05-16T22:46:59,51.7443,-9.31424,6.4,12.25,0,1,,2024-May-16,22:46:59
111695,2024-05-16T22:47:59,51.7443,-9.31424,6.4,12.5,0,2,,2024-May-16,22:47:59
111696,2024-05-16T22:48:59,51.7443,-9.31424,6.4,12.25,0,1,,2024-May-16,22:48:59
111697,2024-05-16T22:49:59,51.7443,-9.31424,6.4,12.25,0,1,,2024-May-16,22:49:59
111698,2024-05-16T22:50:59,51.7443,-9.31424,6.4,12.25,0,1,,2024-May-16,22:50:59
111699,2024-05-16T22:51:59,51.7443,-9.31424,6.4,12.25,0,1,,2024-May-16,22:51:59
111700,2024-05-16T22:52:59,51.7443,-9.31424,6.4,12.25,0,0,,2024-May-16,22:52:59
111701,2024-05-16T22:53:59,51.7443,-9.31424,6.4,12.25,0,1,,2024-May-16,22:53:59
111702,2024-05-16T22:54:59,51.7443,-9.31424,6.4,12.0,0,1,,2024-May-16,22:54:59
111703,2024-05-16T22:55:59,51.7443,-9.31424,6.4,12.25,0,1,,2024-May-16,22:55:59
111704,2024-05-16T22:56:59,51.7443,-9.31424,6.4,12.25,0,3,,2024-May-16,22:56:59
111705,2024-05-16T22:57:59,51.7443,-9.31424,6.4,12.0,0,2,,2024-May-16,22:57:59
111706,2024-05-16T22:58:59,51.7443,-9.31424,6.4,12.25,0,2,,2024-May-16,22:58:59
111707,2024-05-16T22:59:59,51.7443,-9.31424,6.4,12.25,0,3,,2024-May-16,22:59:59
111708,2024-05-16T23:00:59,51.7443,-9.31424,6.4,12.0,0,2,,2024-May-16,23:00:59
111709,2024-05-16T23:01:59,51.7443,-9.31424,6.4,12.0,0,2,,2024-May-16,23:01:59
111710,2024-05-16T23:02:59,51.7443,-9.31424,6.4,12.0,0,2,,2024-May-16,23:02:59
111711,2024-05-16T23:03:59,51.7443,-9.31424,6.4,12.25,0,2,,2024-May-16,23:03:59
111712,2024-05-16T23:04:59,51.7443,-9.31424,6.4,12.25,0,2,,2024-May-16,23:04:59
111713,2024-05-16T23:05:59,51.7443,-9.31424,6.4,12.25,0,1,,2024-May-16,23:05:59
111714,2024-05-16T23:06:59,51.7443,-9.31424,6.3,12.0,0,2,,2024-May-16,23:06:59
111715,2024-05-16T23:07:59,51.7443,-9.31424,6.4,12.25,0,4,,2024-May-16,23:07:59
111716,2024-05-16T23:08:59,51.7443,-9.31424,6.4,12.0,0,1,,2024-May-16,23:08:59
111717,2024-05-16T23:09:59,51.7443,-9.31424,6.4,12.0,0,2,,2024-May-16,23:09:59
111718,2024-05-16T23:10:59,51.7443,-9.31424,6.4,12.0,0,2,,2024-May-16,23:10:59
111719,2024-05-16T23:11:59,51.7443,-9.31424,6.4,12.25,0,1,,2024-May-16,23:11:59
111720,2024-05-16T23:12:59,51.7443,-9.31424,6.4,12.0,0,2,,2024-May-16,23:12:59
111721,2024-05-16T23:13:59,51.7443,-9.31424,6.4,12.25,0,1,,2024-May-16,23:13:59
111722,2024-05-16T23:14:59,51.7443,-9.31424,6.4,12.25,0,1,,2024-May-16,23:14:59
111723,2024-05-16T23:15:59,51.7443,-9.31424,6.3,12.25,0,0,,2024-May-16,23:15:59
111724,2024-05-16T23:16:59,51.7443,-9.31424,6.4,12.25,0,2,,2024-May-16,23:16:59
111725,2024-05-16T23:17:59,51.7443,-9.31424,6.4,12.25,0,5,,2024-May-16,23:17:59
111726,2024-05-16T23:18:59,51.7443,-9.31424,6.4,12.5,0,2,,2024-May-16,23:18:59
111727,2024-05-16T23:19:59,51.7443,-9.31424,6.4,12.25,0,1,,2024-May-16,23:19:59
111728,2024-05-16T23:20:59,51.7443,-9.31424,6.4,12.25,0,0,,2024-May-16,23:20:59
111729,2024-05-16T23:21:59,51.7443,-9.31424,6.4,12.25,0,0,,2024-May-16,23:21:59
111730,2024-05-16T23:22:59,51.7443,-9.31424,6.4,12.25,0,0,,2024-May-16,23:22:59
111731,2024-05-16T23:23:59,51.7443,-9.31424,6.4,12.0,0,0,,2024-May-16,23:23:59
111732,2024-05-16T23:24:59,51.7443,-9.31424,6.4,12.25,0,1,,2024-May-16,23:24:59
111733,2024-05-16T23:25:59,51.7443,-9.31424,6.4,12.25,0,0,,2024-May-16,23:25:59
111734,2024-05-16T23:26:59,51.7443,-9.31424,6.4,12.25,0,0,,2024-May-16,23:26:59
111735,2024-05-16T23:27:59,51.7443,-9.31424,6.4,12.25,0,0,,2024-May-16,23:27:59
111736,2024-05-16T23:28:59,51.7443,-9.31424,6.4,12.25,0,2,,2024-May-16,23:28:59
111737,2024-05-16T23:29:59,51.7443,-9.31424,6.4,12.25,0,1,,2024-May-16,23:29:59
111738,2024-05-16T23:30:59,51.7443,-9.31424,6.4,12.25,0,1,,2024-May-16,23:30:59
111739,2024-05-16T23:31:59,51.7443,-9.31424,6.4,12.25,0,0,,2024-May-16,23:31:59
111740,2024-05-16T23:32:59,51.7443,-9.31424,6.4,12.25,0,0,,2024-May-16,23:32:59
111741,2024-05-16T23:33:59,51.7443,-9.31424,6.4,12.25,0,0,,2024-May-16,23:33:59
111742,2024-05-16T23:34:59,51.7443,-9.31424,6.4,12.25,1,2,,2024-May-16,23:34:59
111743,2024-05-16T23:35:59,51.7443,-9.31424,6.4,12.25,1,0,,2024-May-16,23:35:59
111744,2024-05-16T23:36:59,51.7443,-9.31424,6.4,12.25,0,0,,2024-May-16,23:36:59
111745,2024-05-16T23:37:59,51.7443,-9.31424,6.4,12.25,0,1,,2024-May-16,23:37:59
111746,2024-05-16T23:38:59,51.7443,-9.31424,6.4,12.25,0,0,,2024-May-16,23:38:59
111747,2024-05-16T23:39:59,51.7443,-9.31424,6.4,12.5,0,0,,2024-May-16,23:39:59
111748,2024-05-16T23:40:59,51.7443,-9.31424,6.4,12.25,0,0,,2024-May-16,23:40:59
111749,2024-05-16T23:41:59,51.7443,-9.31424,6.4,12.25,0,0,,2024-May-16,23:41:59
111750,2024-05-16T23:42:59,51.7443,-9.31424,6.4,12.0,0,0,,2024-May-16,23:42:59
111751,2024-05-16T23:43:59,51.7443,-9.31424,6.4,12.25,0,1,,2024-May-16,23:43:59
111752,2024-05-16T23:44:59,51.7443,-9.31424,6.4,12.0,0,1,,2024-May-16,23:44:59
111753,2024-05-16T23:45:59,51.7443,-9.31424,6.4,12.25,0,0,,2024-May-16,23:45:59
111754,2024-05-16T23:46:59,51.7443,-9.31424,6.4,12.25,0,2,,2024-May-16,23:46:59
111755,2024-05-16T23:47:59,51.7443,-9.31424,6.4,12.25,0,0,,2024-May-16,23:47:59
111756,2024-05-16T23:48:59,51.7443,-9.31424,6.4,12.25,0,1,,2024-May-16,23:48:59
111757,2024-05-16T23:49:59,51.7443,-9.31424,6.4,12.0,0,1,,2024-May-16,23:49:59
111758,2024-05-16T23:50:59,51.7443,-9.31424,6.4,12.25,0,0,,2024-May-16,23:50:59
111759,2024-05-16T23:51:59,51.7443,-9.31424,6.4,12.25,0,0,,2024-May-16,23:51:59
111760,2024-05-16T23:52:59,51.7443,-9.31424,6.3,12.25,0,1,,2024-May-16,23:52:59
111761,2024-05-16T23:53:59,51.7443,-9.31424,6.4,12.0,0,1,,2024-May-16,23:53:59
111762,2024-05-16T23:54:59,51.7443,-9.31424,6.4,12.25,0,1,,2024-May-16,23:54:59
111763,2024-05-16T23:55:59,51.7443,-9.31424,6.4,12.25,0,2,,2024-May-16,23:55:59
111764,2024-05-16T23:56:59,51.7443,-9.31424,6.4,12.0,0,0,,2024-May-16,23:56:59
111765,2024-05-16T23:57:59,51.7443,-9.31424,6.4,12.25,0,0,,2024-May-16,23:57:59
111766,2024-05-16T23:58:59,51.7443,-9.31424,6.4,12.25,1,0,,2024-May-16,23:58:59
111767,2024-05-16T23:59:59,51.7443,-9.31424,6.4,12.0,0,1,,2024-May-16,23:59:59
